

        **********************************************************
        ** PROGRAM FullProf.2k (Version 8.40 - Feb2026-ILL JRC) **
        **********************************************************
                       M U L T I -- P A T T E R N                 
            Rietveld, Profile Matching & Integrated Intensity     
                 Refinement of X-ray and/or Neutron Data


    Date: 25/09/2026  Time: 13:22:25.003                              

 => PCR file code: full-fit
 => DAT file code: full-fit             -> Relative contribution: 1.0000                                                            

 ==> CONDITIONS OF THIS RUN FOR PATTERN No.:  1

 => Global Refinement of neutron powder data                                                                                        
 => Neutron Time-Of-Flight data                                                                                                     
 => Abcisa variable is T.O.F. in microsecs
 => Title: CeCoAl3 RT #13744 ThCr2Si2 type  TSample:   300.00 K

 => Number of phases:    1
 => Number of excluded regions:    2
 => Number of scattering factors supplied:    0
 => Maximum Likelihood weighting scheme ( w=1/(calculated variance) )
 => Asymmetry correction as in J.Appl.Cryst. 26,128(1993)
 => Background adjusted by 24-terms Chebychev polynomials 
 => The    9th default profile function was selected
 => T.O.F Profile Function #1 
    Decay double Exponential convoluted with pseudo-Voigt:
    Omega(DT) = (1-eta)N {Exp(u).Erfc(y)+ Exp(v).Erfc(z)} +  
                2N eta/pi{-Im[Exp(p)E1(p)]-Im[Exp(q)E1(q)]}  

 ==> INPUT/OUTPUT OPTIONS:

 => Generate file *.PRF for plot
 => Output Integrated Intensities
 => Generate new input file *.PCR

 => X-Y type of data: 2theta/TOF/E(Kev) Intens sigma for pattern:  1
 => Plot pattern at each cycle
 => Absorption correction type: 2
 => Base of peaks: 2.0*HW*    4.20

 => Number of cycles:   15
 => Relaxation factors ==>    for coordinates:  1.00
 => for anisotropic temperature factors:  1.00
 => for halfwidth/strain/size/further parameters:  1.00
 => for lattice constants and propagation vectors:  1.00
 => EPS-value for convergence:    0.0

 => Excluded regions for Pattern#  1
    From     to
   2000.1000   3000.0000
  19000.0000  20000.0000

 => Number of Least-Squares parameters varied:    32

 =>--------------------------->
 =>------->  PATTERN number:  1
 =>--------------------------->
 => Global parameters and codes ==>
 => Zero-point:     3.9308   21.0000
 => Background parameters and codes for Chebychev polynomials ==>
 26833.26758  4390.59521  2629.92090  -513.84399   284.76599   163.45300
       31.00       41.00       51.00      241.00      251.00      261.00
   240.86000   -72.05000    15.10300   126.01100   -12.86800  -280.94199
      271.00      281.00      291.00      301.00      311.00      321.00
     0.00000     0.00000     0.00000     0.00000     0.00000     0.00000
        0.00        0.00        0.00        0.00        0.00        0.00
     0.00000     0.00000     0.00000     0.00000     0.00000     0.00000
        0.00        0.00        0.00        0.00        0.00        0.00
 => D-spacing to T.O.F. coefficient dtt1 and code:   6176.031     0.000
 => D-spacing to T.O.F. coefficient dtt2 and code:     -1.922   201.000
 => D-spacing to T.O.F. coefficient dtt_1OverD and code:      0.000     0.000
 => T.O.F. 2theta average detector angle      :    145.000

 => Reading Intensity data  =>>

 => Heading of input data file X,Y,sigma

 ->   These data have kindly been provided by Oscar Moze                                                                                
 ->   O. Moze et al., J. of Alloys&Comp., 256, 45 (1997)                                                                                
 ->   The original intensities and sigmas have been multiplied by 10000                                                                 
 -> INTER   1.0   1.0   0  0                                                                                                            
 -> Input X-values multiplied internally by       1.0000
 -> Input Y & Sigma-values multiplied internally by       1.0000
 -> TEMP  300.0                                                                                                                         
 ==> T.O.F. range, and number of points:
    TOFmin:    3001.589111  TOFmax:   19004.658203
    No. of points:   3693
 --------------------------------------------------------------------------------
 => Phase  No. 1
      CeCoAl3                                                               
 --------------------------------------------------------------------------------
 =>-------> Pattern#  1
 => Crystal Structure Refinement
 => Preferred orientation vector:   0.0000  0.0000  1.0000

 =>-------> Data for PHASE: 1
 => Number of atoms:    5
 => Number of distance  constraints:    0
 => Number of angle     constraints:    0

 => Symmetry information on space group: P m m a             
 -> The multiplicity of the general position is:   8
 -> The space group is Centric (-1 at origin)   
 -> Lattice type  P: { 000 }                                       
 -> Reduced set of symmetry operators:

  No.  IT   Symmetry symbol    Rotation part     Associated Translation
   1: ( 1)   1            -->     ( x, y, z) + {  0.0000  0.0000  0.0000}
   2: ( 4)   2 ( x, 0, 0) -->     ( x,-y,-z) + {  0.5000  0.0000  0.0000}
   3: ( 3)   2 ( 0, y, 0) -->     (-x, y,-z) + {  0.0000  0.0000  0.0000}
   4: ( 2)   2 ( 0, 0, z) -->     (-x,-y, z) + {  0.5000  0.0000  0.0000}


        Information on Space Group: 
        --------------------------- 

 =>   Number of Space group:  51
 =>  Hermann-Mauguin Symbol: P m m a
 =>             Hall Symbol: -P 2a 2a
 =>            Setting Type: IT (Generated from Hermann-Mauguin symbol)
 =>          Crystal System: Orthorhombic
 =>              Laue Class: mmm
 =>             Point Group: mmm
 =>         Bravais Lattice: P
 =>          Lattice Symbol: oP
 =>  Reduced Number of S.O.:   4
 =>    General multiplicity:   8
 =>          Centrosymmetry: Centric (-1 at origin)
 =>  Generators (exc. -1&L):   2
 =>         Asymmetric unit:  0.000 <= x <=  0.250
                              0.000 <= y <=  0.500
                              0.000 <= z <=  1.000
 => Centring vectors:  0
                                                                                                    

 => List of all Symmetry Operators and Symmetry Symbols

 => SYMM(  1): x,y,z                             Symbol: 1
 => SYMM(  2): x+1/2,-y,-z                       Symbol: 2 (1/2,0,0) x,0,0
 => SYMM(  3): -x,y,-z                           Symbol: 2 0,y,0
 => SYMM(  4): -x+1/2,-y,z                       Symbol: 2 1/4,0,z
 => SYMM(  5): -x,-y,-z                          Symbol: -1 0,0,0
 => SYMM(  6): -x+1/2,y,z                        Symbol: m 1/4,y,z
 => SYMM(  7): x,-y,z                            Symbol: m x,0,z
 => SYMM(  8): x+1/2,y,-z                        Symbol: a x,y,0

 => Special Wyckoff Positions for P m m a
 
    Multp     Site        Representative Coordinates (centring translations excluded)
      4       k              1/4,y,z             3/4,-y,-z           3/4,y,-z                                
                             1/4,-y,z                                                                        
 
      4       j              x,1/2,z             x+1/2,1/2,-z        -x,1/2,-z                               
                             -x+1/2,1/2,z                                                                    
 
      4       i              x,0,z               x+1/2,0,-z          -x,0,-z                                 
                             -x+1/2,0,z                                                                      
 
      4       h              0,y,1/2             1/2,-y,1/2          0,-y,1/2                                
                             1/2,y,1/2                                                                       
 
      4       g              0,y,0               1/2,-y,0            0,-y,0                                  
                             1/2,y,0                                                                         
 
      2       f              1/4,1/2,z           3/4,1/2,-z                                                  
 
      2       e              1/4,0,z             3/4,0,-z                                                    
 
      2       d              0,1/2,1/2           1/2,1/2,1/2                                                 
 
      2       c              0,0,1/2             1/2,0,1/2                                                   
 
      2       b              0,1/2,0             1/2,1/2,0                                                   
 
      2       a              0,0,0               1/2,0,0                                                     
 

 => Initial parameters ==>
 Atom    Ntyp                  X         Y         Z         B         occ.         in  fin  Spc  Mult
                             B11       B22       B33       B12       B13       B23
 Ce     CE                 0.25000   0.00000   0.38279   0.50270   0.25000           0    0    0    2
                 Codes:    0.00000   0.00000 161.00000 211.00000   0.00000
 Co     CO                 0.25000   0.00000   0.81319   0.47597   0.25000           0    0    0    2
                 Codes:    0.00000   0.00000 171.00000 221.00000   0.00000
 Al1    AL                 0.00000   0.00000   0.00000   0.58480   0.25000           0    0    0    2
                 Codes:    0.00000   0.00000   0.00000 231.00000   0.00000
 Al2    AL                 0.25000   0.50000   0.04117   0.65837   0.25000           0    0    0    2
                 Codes:    0.00000   0.00000 181.00000 111.00000   0.00000
 Al3    AL                 0.06930   0.50000   0.70070   0.53258   0.51033           0    0    0    4
                 Codes:  191.00000   0.00000 151.00000 101.00000  91.00000

 => It is assumed that THE FIRST GIVEN SITE plus all the other atoms 
    occupying THE SAME POSITION have a total full occupation (no vacancies!)
  (if this is not the case, change the order of atoms to obtain correct values for the content of the unit cell)
    The given occupation factors have been obtained mutiplying m/M by   0.2500
      -> Atom: CE  ,  Chemical element: CE  Atomic Mass:   140.1200
      -> Atom: CO  ,  Chemical element: CO  Atomic Mass:    58.9332
      -> Atom: AL  ,  Chemical element: AL  Atomic Mass:    26.9815
      -> Atom: AL  ,  Chemical element: AL  Atomic Mass:    26.9815
      -> Atom: AL  ,  Chemical element: AL  Atomic Mass:    26.9815
 => The given value of ATZ is       9859.01 the program has calculated:         616.19
    The value of ATZ given in the input PCR file will be used for quantitative analysis
 => The chemical content of the unit cell is: 
       2.0000 CE   +   2.0000 CO   +   2.0000 AL   +   2.0000 AL   +   4.0826 AL     
 => The normalized site occupation numbers in % are: 
     100.0000 Ce     :      100.0000 Co     :      100.0000 Al1    :      100.0000 Al2    :      102.0660 Al3      
 => The density (volumic mass) of the compound is:    4.781 g/cm3

 =>-------> PROFILE PARAMETERS FOR PATTERN:  1

 => Overall scale factor:    16659.0    
 => T.O.F. Extinction parameter:   0.0016
 => Overall temperature factor:      0.00000
 => T.O.F. Gaussian variances Sig-2, Sig-1, Sig-0, Sig-Q:      0.00000    39.46250     0.00000     0.00000
 => T.O.F. Isotropic Gaussian strain parameter (G-strain):       0.0000
 => T.O.F. Iso-Gaussian and Aniso-Lor (platelets/needles) Size parameters (G-Size,Ani-LorSiz)  :      0.00000     0.00000
 => T.O.F. Lorentzian FWHM Gam-2, Gam-1, Gam-0:      0.00000     4.77800     0.00000
 => T.O.F. Isotropic Lorentzian strain and size parameters (LStr,LSiz):      0.00000     0.00000
 => Direct cell parameters:    7.6504   4.0513   6.9054  90.0000  90.0000  90.0000
 => Preferred orientation parameters:   0.0000  0.0000
 => T.O.F. Peak shape parameter alpha0,beta0,alpha1,beta1/kappa,alpha-q,beta-Q:      0.00000     0.04309     0.29710     0.00287     0.00000     0.00000
 => Model-dependent Strain parameters s2,s1,s0:      0.00000     0.00000     0.00000


 ==> CODEWORDS FOR PROFILE PARAMETERS of PATTERN#  1

 => Codeword -Overall scale factor:   11.0000    
 => Codeword  - T.O.F. Extinction parameter:   0.0000
 => Codeword  - Overall temperature factor:      0.00000
 => Codewords - T.O.F. Gaussian variances Sig-2, Sig-1, Sig-0, Sig-Q:      0.00000    71.00000     0.00000     0.00000
 => Codewords - T.O.F. Isotropic Gaussian strain parameter (G-strain):       0.0000
 => Codewords - T.O.F. Iso-Gaussian and Aniso-Lor (platelets/needles) Size parameters (G-Size,Ani-LorSize)  :      0.00000     0.00000
 => Codewords - T.O.F. Lorentzian FWHM Gam-2, Gam-1, Gam-0:      0.00000    81.00000     0.00000
 => Codewords - T.O.F. Isotropic Lorentzian strain and size parameters (LStr,LSiz):      0.00000     0.00000
 => Codewords - Direct cell parameters:  121.0000 131.0000 141.0000   0.0000   0.0000   0.0000
 => Codewords - Preferred orientation parameters:   0.0000  0.0000
 => Codewords - T.O.F. Peak shape parameter alpha0,beta0,alpha1,beta1/kappa,alpha-q,beta-Q:      0.00000     0.00000     0.00000     0.00000     0.00000     0.00000
=> Codewords - Model-dependent Strain parameters s2,s1,s0:      0.00000     0.00000     0.00000


 => Cell constraints according to Laue symmetry: mmm  

        Metric information:
        -------------------

 => Direct cell parameters:

         a =       7.6504      b =       4.0513      c =       6.9054
     alpha =       90.000   beta =       90.000  gamma =       90.000
                        Direct Cell Volume =     214.0262

 => Reciprocal cell parameters:

         a*=     0.130712      b*=     0.246832      c*=     0.144815
     alpha*=       90.000   beta*=       90.000  gamma*=       90.000
                    Reciprocal Cell Volume =   0.00467232

 => Direct and Reciprocal Metric Tensors:

                   GD                                       GR
     58.5283      0.0000      0.0000          0.017086    0.000000    0.000000
      0.0000     16.4133      0.0000          0.000000    0.060926    0.000000
      0.0000      0.0000     47.6840          0.000000    0.000000    0.020971

 =>  Cartesian frame: x // a; z is along c*; y is within the ab-plane   

     Crystal_to_Orthonormal_Matrix              Orthonormal_to_Crystal Matrix
              Cr_Orth_cel                               Orth_Cr_cel  
      7.6504      0.0000      0.0000          0.130712   -0.000000   -0.000000
      0.0000      4.0513      0.0000          0.000000    0.246832   -0.000000
      0.0000      0.0000      6.9054          0.000000    0.000000    0.144815

     Busing-Levy B-matrix: Hc=B.H            Inverse of the Busing-Levy B-matrix
                BL_M                                      BL_Minv  
    0.130712    0.000000    0.000000            7.6504     -0.0000     -0.0000
    0.000000    0.246832   -0.000000            0.0000      4.0513      0.0000
    0.000000    0.000000    0.144815            0.0000      0.0000      6.9054

 => Laue symmetry mmm   will be used to generate HKL for pattern#   1
 => Reflections generated between S(1/d)min:  0.3250 A-1 and S(1/d)max:  2.2935 A-1
 =>                                    dmax:  3.0772 A   and      dmin:  0.4360 A
 => The number of reflections generated is:   1526
 => The max. scatt. variable (gen.ref.) is:     19004.6582
 => Scattering coefficients from internal table

 => Scattering lengths:

 CE     0.4840
 CO     0.2490
 AL     0.3449

     --------------------------------------------------------------
      SYMBOLIC NAMES AND INITIAL VALUES OF PARAMETERS TO BE VARIED:
     --------------------------------------------------------------

      ->  Parameter number    1   -> Symbolic Name:                                     Scale_ph1_pat1     16658.990    
      ->  Parameter number    2   -> Symbolic Name:                                          Zero_pat1     3.9307599    
      ->  Parameter number    3   -> Symbolic Name:                                         Bck_0_pat1     26833.268    
      ->  Parameter number    4   -> Symbolic Name:                                         Bck_1_pat1     4390.5952    
      ->  Parameter number    5   -> Symbolic Name:                                         Bck_2_pat1     2629.9209    
      ->  Parameter number    6   -> Symbolic Name:                                  TOF_Abs1_ph1_pat1    0.15610000E-01
      ->  Parameter number    7   -> Symbolic Name:                                     Sig-1_ph1_pat1     39.462502    
      ->  Parameter number    8   -> Symbolic Name:                                     Gam-1_ph1_pat1     4.7779999    
      ->  Parameter number    9   -> Symbolic Name:                                        Occ_Al3_ph1    0.51033002    
      ->  Parameter number   10   -> Symbolic Name:                                       Biso_Al3_ph1    0.53258002    
      ->  Parameter number   11   -> Symbolic Name:                                       Biso_Al2_ph1    0.65837002    
      ->  Parameter number   12   -> Symbolic Name:                                    Cell_A_ph1_pat1     7.6503792    
      ->  Parameter number   13   -> Symbolic Name:                                    Cell_B_ph1_pat1     4.0513310    
      ->  Parameter number   14   -> Symbolic Name:                                    Cell_C_ph1_pat1     6.9053602    
      ->  Parameter number   15   -> Symbolic Name:                                          Z_Al3_ph1    0.70069999    
      ->  Parameter number   16   -> Symbolic Name:                                           Z_Ce_ph1    0.38279000    
      ->  Parameter number   17   -> Symbolic Name:                                           Z_Co_ph1    0.81318998    
      ->  Parameter number   18   -> Symbolic Name:                                          Z_Al2_ph1    0.41170001E-01
      ->  Parameter number   19   -> Symbolic Name:                                          X_Al3_ph1    0.69300003E-01
      ->  Parameter number   20   -> Symbolic Name:                                          Dtt2_pat1    -1.9218200    
      ->  Parameter number   21   -> Symbolic Name:                                        Biso_Ce_ph1    0.50269997    
      ->  Parameter number   22   -> Symbolic Name:                                        Biso_Co_ph1    0.47597000    
      ->  Parameter number   23   -> Symbolic Name:                                       Biso_Al1_ph1    0.58480000    
      ->  Parameter number   24   -> Symbolic Name:                                         Bck_3_pat1    -513.84399    
      ->  Parameter number   25   -> Symbolic Name:                                         Bck_4_pat1     284.76599    
      ->  Parameter number   26   -> Symbolic Name:                                         Bck_5_pat1     163.45300    
      ->  Parameter number   27   -> Symbolic Name:                                         Bck_6_pat1     240.86000    
      ->  Parameter number   28   -> Symbolic Name:                                         Bck_7_pat1    -72.050003    
      ->  Parameter number   29   -> Symbolic Name:                                         Bck_8_pat1     15.103000    
      ->  Parameter number   30   -> Symbolic Name:                                         Bck_9_pat1     126.01100    
      ->  Parameter number   31   -> Symbolic Name:                                        Bck_10_pat1    -12.868000    
      ->  Parameter number   32   -> Symbolic Name:                                        Bck_11_pat1    -280.94199    
  
 
 => No optimization for routine tasks
 ++++++++++++++++++++++++++++++++++++++++++++++++++++++++++++++++++++++++++++++++++++++++++++++++++++++++++++++++++++++++++++++++++++

 => CYCLE No.:    1
 ------------------------------------------------------------------------------------------------------------------------------------
 => Phase  1 Name: CeCoAl3
 ------------------------------------------------------------------------------------------------------------------------------------
 => New parameters, shifts, and standard deviations

 Atom        x       dx      sx       y       dy      sy       z       dz      sz       B       dB      sB      occ.    docc.   socc.

 Ce       0.25000 0.00000 0.00000  0.00000 0.00000 0.00000  0.38279-0.00000 0.00031  0.50269-0.00001 0.05361  0.25000 0.00000 0.00000
 Co       0.25000 0.00000 0.00000  0.00000 0.00000 0.00000  0.81319-0.00000 0.00061  0.47596-0.00001 0.07428  0.25000 0.00000 0.00000
 Al1      0.00000 0.00000 0.00000  0.00000 0.00000 0.00000  0.00000 0.00000 0.00000  0.58479-0.00001 0.06266  0.25000 0.00000 0.00000
 Al2      0.25000 0.00000 0.00000  0.50000 0.00000 0.00000  0.04117 0.00000 0.00042  0.65836-0.00001 0.06475  0.25000 0.00000 0.00000
 Al3      0.06930-0.00000 0.00026  0.50000 0.00000 0.00000  0.70070-0.00000 0.00030  0.53258-0.00000 0.05549  0.51033-0.00000 0.00403

 ==> PROFILE PARAMETERS FOR PATTERN#  1

 => Overall scale factor       :  16658.970703125    -0.019487921   486.062866211
 => T.O.F. Extinction parameter:     0.001600    0.000000    0.000000
 => Overall temperature  factor:     0.000000    0.000000    0.000000
 => T.O.F. Gaussian variances Sig-2, Sig-1, Sig-0: 
         0.000000    0.000000    0.000000
        39.461533   -0.000968    1.558466
         0.000000    0.000000    0.000000

 => T.O.F. Gaussian variance Sig-Q:     0.000000    0.000000    0.000000
 => T.O.F. Isotropic Gaussian strain parameter (G-strain)::      0.00000     0.00000     0.00000
 => T.O.F. Isotropic Gaussian  Size  parameter (G-size)  ::      0.00000     0.00000     0.00000
 => T.O.F. Anisotropic Lorentzian  Size  parameter (Ani-LorSize)  ::      0.00000     0.00000     0.00000
 => T.O.F. Lorentzian FWHM Gam-2, Gam-1, Gam-0: 
         0.000000    0.000000    0.000000
         4.778102    0.000102    0.230590
         0.000000    0.000000    0.000000

 => T.O.F. Isotropic Lorentzian strain and size parameters (LStr,LSiz): 
         0.000000    0.000000    0.000000
         0.000000    0.000000    0.000000

 => Model-dependent Strain parameters s2,s1,s0: 
         0.000000    0.000000    0.000000
         0.000000    0.000000    0.000000
         0.000000    0.000000    0.000000

 => Direct cell parameters: 
        7.650380    0.000000    0.001143
        4.051332    0.000000    0.000593
        6.905360    0.000000    0.001011
       90.000000    0.000000    0.000000
       90.000000    0.000000    0.000000
       90.000000    0.000000    0.000000

 => Preferred orientation parameters: 
         0.000000    0.000000    0.000000
         0.000000    0.000000    0.000000

 => T.O.F. Peak shape parameter a0,b0,a1,b1/kappa: 
        0.000000    0.000000    0.000000
        0.043085    0.000000    0.000000
        0.297100    0.000000    0.000000
        0.002867    0.000000    0.000000

 => Absorption parameters: 
       0.015605 -0.000005  0.003579
       0.000000  0.000000  0.000000

 ==> GLOBAL PARAMETERS FOR PATTERN#  1


 => Zero-point:     3.9304   -0.0003    0.7203
 =>  Chebychev Polynomials Background Parameters ==>
       26833.    -0.89534E-02  57.719    
       4390.5    -0.83821E-01  97.801    
       2629.9    -0.50077E-01  87.876    
      -513.84     0.39925E-04  77.563    
       284.71    -0.56725E-01  66.269    
       163.45    -0.24412E-02  64.445    
       240.86    -0.16388E-02  62.032    
      -72.052    -0.24968E-02  60.759    
       15.094    -0.93410E-02  56.790    
       126.01    -0.48703E-02  56.089    
      -12.868     0.46754E-04  51.213    
      -280.94     0.28020E-02  45.441    
       0.0000      0.0000      0.0000    
       0.0000      0.0000      0.0000    
       0.0000      0.0000      0.0000    
       0.0000      0.0000      0.0000    
       0.0000      0.0000      0.0000    
       0.0000      0.0000      0.0000    
       0.0000      0.0000      0.0000    
       0.0000      0.0000      0.0000    
       0.0000      0.0000      0.0000    
       0.0000      0.0000      0.0000    
       0.0000      0.0000      0.0000    
       0.0000      0.0000      0.0000    

 => T.O.F.- dtt1       (    TOFo=dtt1*dsp     ):   6176.03      0.00      0.00
 => T.O.F.- dtt2       (TOF=TOFo+dtt2*dsp*dsp ):     -1.92     -0.00      0.26
 => T.O.F.- dtt_1OverD (TOF=TOF+dtt_1overD/dsp):      0.00      0.00      0.00

 ==> RELIABILITY FACTORS WITH ALL NON-EXCLUDED POINTS FOR PATTERN:  1

 => R-Factors:   3.28      5.34     Chi2:  1.80     DW-Stat.:  0.6080   Patt#:  1
 => Expected :            3.97                                1.9152
 => Deviance : 0.338E+06     Dev*:   92.33    
 => GoF-index:  1.3         Sqrt(Residual/N)
 => N-P+C:  3659

 =>    SumYdif       SumYobs      SumYcal      SumwYobsSQ     Residual    Condition
     0.3981E+07    0.1214E+09    0.1214E+09    0.2317E+07     6604.        0.1403E+19


 => Conventional Rietveld Rp,Rwp,Re and Chi2:   13.6      15.9      11.9      1.805    
 => (Values obtained using Ynet, but true sigma(y))
 =>  SumYnet, Sum(w Ynet**2):     0.2937E+08    0.2596E+06


 ==> RELIABILITY FACTORS FOR POINTS WITH BRAGG CONTRIBUTIONS FOR PATTERN:  1

 => R-Factors:   2.96      4.93     Chi2:  1.56     DW-Stat.:  0.7901   Patt#:
 => Expected :            3.95                                1.9112
 => Deviance : 0.259E+06     Dev*:   79.54    
 => GoF-index:  1.2         Sqrt(Residual/N)
 => N-P+C:  3252

 =>    SumYdif       SumYobs      SumYcal      SumwYobsSQ     Residual    Condition
     0.3244E+07    0.1095E+09    0.1094E+09    0.2089E+07     5082.        0.1403E+19


 => Conventional Rietveld Rp,Rwp,Re and Chi2:   11.0      14.0      11.2      1.563    
 => (Values obtained using Ynet, but true sigma(y))
 =>  SumYnet, Sum(w Ynet**2):     0.2940E+08    0.2581E+06


 => Global user-weigthed Chi2 (Bragg contrib.):   1.56    

 => ---------> Pattern#  1
 => Phase:  1
 =>    Bragg R-factor:  5.46    
 =>    RF-factor     :  2.54    


   Standard deviations have to be multiplied by: 2.8483
   (correlated residuals) See references:
  -J.F.Berar & P.Lelann, J. Appl. Cryst. 24, 1-5 (1991) 
  -J.F.Berar, Acc. in Pow. Diff. II,NIST Sp.Pub. 846, 63(1992) 

 ++++++++++++++++++++++++++++++++++++++++++++++++++++++++++++++++++++++++++++++++++++++++++++++++++++++++++++++++++++++++++++++++++++

 => CYCLE No.:    1
 =>  Convergence reached at this CYCLE !!!!
 =>  Parameter shifts set to zero
 ------------------------------------------------------------------------------------------------------------------------------------
 => Phase  1 Name: CeCoAl3
 ------------------------------------------------------------------------------------------------------------------------------------
 => New parameters, shifts, and standard deviations

 Atom        x       dx      sx       y       dy      sy       z       dz      sz       B       dB      sB      occ.    docc.   socc.

 Ce       0.25000 0.00000 0.00000  0.00000 0.00000 0.00000  0.38279 0.00000 0.00031  0.50269 0.00000 0.05361  0.25000 0.00000 0.00000
 Co       0.25000 0.00000 0.00000  0.00000 0.00000 0.00000  0.81319 0.00000 0.00061  0.47596 0.00000 0.07428  0.25000 0.00000 0.00000
 Al1      0.00000 0.00000 0.00000  0.00000 0.00000 0.00000  0.00000 0.00000 0.00000  0.58479 0.00000 0.06266  0.25000 0.00000 0.00000
 Al2      0.25000 0.00000 0.00000  0.50000 0.00000 0.00000  0.04117 0.00000 0.00042  0.65836 0.00000 0.06475  0.25000 0.00000 0.00000
 Al3      0.06930 0.00000 0.00026  0.50000 0.00000 0.00000  0.70070 0.00000 0.00030  0.53258 0.00000 0.05549  0.51033 0.00000 0.00403

 ==> PROFILE PARAMETERS FOR PATTERN#  1

 => Overall scale factor       :  16658.970703125     0.000000000   486.062866211
 => T.O.F. Extinction parameter:     0.001600    0.000000    0.000000
 => Overall temperature  factor:     0.000000    0.000000    0.000000
 => T.O.F. Gaussian variances Sig-2, Sig-1, Sig-0: 
         0.000000    0.000000    0.000000
        39.461533    0.000000    1.558466
         0.000000    0.000000    0.000000

 => T.O.F. Gaussian variance Sig-Q:     0.000000    0.000000    0.000000
 => T.O.F. Isotropic Gaussian strain parameter (G-strain)::      0.00000     0.00000     0.00000
 => T.O.F. Isotropic Gaussian  Size  parameter (G-size)  ::      0.00000     0.00000     0.00000
 => T.O.F. Anisotropic Lorentzian  Size  parameter (Ani-LorSize)  ::      0.00000     0.00000     0.00000
 => T.O.F. Lorentzian FWHM Gam-2, Gam-1, Gam-0: 
         0.000000    0.000000    0.000000
         4.778102    0.000000    0.230590
         0.000000    0.000000    0.000000

 => T.O.F. Isotropic Lorentzian strain and size parameters (LStr,LSiz): 
         0.000000    0.000000    0.000000
         0.000000    0.000000    0.000000

 => Model-dependent Strain parameters s2,s1,s0: 
         0.000000    0.000000    0.000000
         0.000000    0.000000    0.000000
         0.000000    0.000000    0.000000

 => Direct cell parameters: 
        7.650380    0.000000    0.001143
        4.051332    0.000000    0.000593
        6.905360    0.000000    0.001011
       90.000000    0.000000    0.000000
       90.000000    0.000000    0.000000
       90.000000    0.000000    0.000000

 => Preferred orientation parameters: 
         0.000000    0.000000    0.000000
         0.000000    0.000000    0.000000

 => T.O.F. Peak shape parameter a0,b0,a1,b1/kappa: 
        0.000000    0.000000    0.000000
        0.043085    0.000000    0.000000
        0.297100    0.000000    0.000000
        0.002867    0.000000    0.000000

 => Absorption parameters: 
       0.015605  0.000000  0.003579
       0.000000  0.000000  0.000000

 ==> GLOBAL PARAMETERS FOR PATTERN#  1


 => Zero-point:     3.9304    0.0000    0.7203
 =>  Chebychev Polynomials Background Parameters ==>
       26833.      0.0000      57.719    
       4390.5      0.0000      97.801    
       2629.9      0.0000      87.876    
      -513.84      0.0000      77.563    
       284.71      0.0000      66.269    
       163.45      0.0000      64.445    
       240.86      0.0000      62.032    
      -72.052      0.0000      60.759    
       15.094      0.0000      56.790    
       126.01      0.0000      56.089    
      -12.868      0.0000      51.213    
      -280.94      0.0000      45.441    
       0.0000      0.0000      0.0000    
       0.0000      0.0000      0.0000    
       0.0000      0.0000      0.0000    
       0.0000      0.0000      0.0000    
       0.0000      0.0000      0.0000    
       0.0000      0.0000      0.0000    
       0.0000      0.0000      0.0000    
       0.0000      0.0000      0.0000    
       0.0000      0.0000      0.0000    
       0.0000      0.0000      0.0000    
       0.0000      0.0000      0.0000    
       0.0000      0.0000      0.0000    

 => T.O.F.- dtt1       (    TOFo=dtt1*dsp     ):   6176.03      0.00      0.00
 => T.O.F.- dtt2       (TOF=TOFo+dtt2*dsp*dsp ):     -1.92      0.00      0.26
 => T.O.F.- dtt_1OverD (TOF=TOF+dtt_1overD/dsp):      0.00      0.00      0.00

 ==> RELIABILITY FACTORS WITH ALL NON-EXCLUDED POINTS FOR PATTERN:  1

 => R-Factors:   3.28      5.34     Chi2:  1.80     DW-Stat.:  0.6080   Patt#:  1
 => Expected :            3.97                                1.9152
 => Deviance : 0.338E+06     Dev*:   92.33    
 => GoF-index:  1.3         Sqrt(Residual/N)
 => N-P+C:  3659

 =>    SumYdif       SumYobs      SumYcal      SumwYobsSQ     Residual    Condition
     0.3981E+07    0.1214E+09    0.1214E+09    0.2317E+07     6604.        0.1403E+19


 => Conventional Rietveld Rp,Rwp,Re and Chi2:   13.6      15.9      11.9      1.805    
 => (Values obtained using Ynet, but true sigma(y))
 =>  SumYnet, Sum(w Ynet**2):     0.2937E+08    0.2596E+06

 => N-sigma of the GoF:       34.431

 ==> RELIABILITY FACTORS FOR POINTS WITH BRAGG CONTRIBUTIONS FOR PATTERN:  1

 => R-Factors:   2.96      4.93     Chi2:  1.56     DW-Stat.:  0.7901   Patt#:
 => Expected :            3.95                                1.9112
 => Deviance : 0.259E+06     Dev*:   79.54    
 => GoF-index:  1.2         Sqrt(Residual/N)
 => N-P+C:  3252

 =>    SumYdif       SumYobs      SumYcal      SumwYobsSQ     Residual    Condition
     0.3244E+07    0.1095E+09    0.1094E+09    0.2089E+07     5082.        0.1403E+19


 => Conventional Rietveld Rp,Rwp,Re and Chi2:   11.0      14.0      11.2      1.563    
 => (Values obtained using Ynet, but true sigma(y))
 =>  SumYnet, Sum(w Ynet**2):     0.2940E+08    0.2581E+06

 => N-sigma of the GoF:       22.692

 => Global user-weigthed Chi2 (Bragg contrib.):   2.03    

 => ---------> Pattern#  1
 => Phase:  1
 =>    Bragg R-factor:  5.46    
 =>    RF-factor     :  2.54    

 --------------------------------------------------------------------------------------------------------------------------------------------------------
 Pattern#  1 Phase No.:   1 Phase name: CeCoAl3
 --------------------------------------------------------------------------------------------------------------------------------------------------------

   No.  Code     H   K   L  Mult     Hw     2theta/TOF      Icalc       Iobs      Sigma    HwG     HwL     ETA     d-hkl  TOF_alpha  TOF_beta     CORR

      1   1      3   3  13     8     8.464    2997.129      614.2      433.4     74.981   7.179   2.319   0.341  0.485284  0.612219  0.094779  0.976136
      2   1     10   0  11     4     8.464    2997.185      310.8      219.3     38.033   7.179   2.319   0.341  0.485293  0.612207  0.094776  0.976135
      3   1      3   8   3     8     8.468    2998.711      651.7      463.9     84.208   7.182   2.320   0.341  0.485540  0.611896  0.094670  0.976124
      4   1     15   1   4     8     8.469    2999.076      471.6      337.3     61.564   7.183   2.320   0.341  0.485599  0.611821  0.094645  0.976121
      5   1      2   1  14     8     8.470    2999.465     1206.0      864.2    158.992   7.184   2.320   0.341  0.485662  0.611742  0.094619  0.976118
      6   1     10   6   4     8     8.473    3000.243     2574.2     1852.8    345.055   7.186   2.321   0.341  0.485788  0.611583  0.094565  0.976112
      7   1      6   5  10     8     8.475    3000.980      532.7      386.1     72.312   7.188   2.322   0.341  0.485908  0.611433  0.094515  0.976106
      8   1      0   8   4     4     8.475    3001.178      178.7      129.7     24.323   7.188   2.322   0.341  0.485940  0.611393  0.094501  0.976104
      9   1     14   3   4     8     8.477    3001.936     4426.2     3239.0    608.342   7.190   2.322   0.341  0.486062  0.611238  0.094449  0.976098
     10   1     13   0   8     4     8.480    3003.009     1956.2     1445.5    271.366   7.193   2.323   0.341  0.486236  0.611020  0.094376  0.976090
     11   1     11   1  10     8     8.485    3004.508     1549.6     1166.6    216.135   7.196   2.324   0.341  0.486479  0.610715  0.094273  0.976078
     12   1      6   1  13     8     8.490    3006.381      505.0      392.1     69.987   7.201   2.326   0.341  0.486782  0.610335  0.094146  0.976063
     13   1     12   1   9     8     8.490    3006.460       44.2       34.3      6.116   7.201   2.326   0.341  0.486795  0.610319  0.094141  0.976063
     14   1      5   2  13     8     8.495    3008.222      103.5       83.0     14.000   7.205   2.327   0.341  0.487080  0.609961  0.094021  0.976049
     15   1      3   5  11     8     8.496    3008.417     1022.4      823.3    137.766   7.206   2.327   0.341  0.487112  0.609922  0.094008  0.976047
     16   1     13   4   4     8     8.512    3014.365     5702.6     5085.3    611.285   7.220   2.332   0.341  0.488075  0.608718  0.093607  0.976001
     17   1      4   8   1     8     8.517    3015.885     1294.1     1174.7    127.274   7.224   2.333   0.341  0.488321  0.608412  0.093505  0.975989
     18   1     13   3   6     8     8.520    3016.901     1300.9     1193.4    120.564   7.226   2.334   0.341  0.488485  0.608206  0.093438  0.975981
     19   1     12   4   6     8     8.520    3017.138     1972.5     1813.4    180.288   7.227   2.334   0.341  0.488524  0.608159  0.093422  0.975979
     20   1      1   1  14     8     8.522    3017.763     8271.4     7643.4    729.065   7.228   2.335   0.341  0.488625  0.608033  0.093380  0.975974
     21   1      6   3  12     8     8.527    3019.602       60.6       56.8      4.837   7.233   2.336   0.341  0.488923  0.607662  0.093258  0.975960
     22   1     15   0   4     4     8.531    3020.854     1520.9     1435.5    114.513   7.236   2.337   0.341  0.489126  0.607410  0.093174  0.975950
     23   1      8   3  11     8     8.531    3021.025     5754.6     5437.1    430.238   7.236   2.337   0.341  0.489153  0.607376  0.093163  0.975949
     24   1      2   0  14     4     8.532    3021.252     7087.5     6705.0    525.104   7.236   2.337   0.341  0.489190  0.607331  0.093148  0.975947
     25   1      8   1  12     8     8.536    3022.859      950.1      906.1     66.830   7.240   2.339   0.341  0.489450  0.607008  0.093042  0.975934
     26   1      4   8   0     4     8.538    3023.454     7124.2     6809.6    494.422   7.242   2.339   0.341  0.489546  0.606888  0.093002  0.975929
     27   1     12   5   3     8     8.538    3023.600      113.7      108.7      7.864   7.242   2.339   0.341  0.489570  0.606859  0.092993  0.975928
     28   1     15   2   2     8     8.539    3023.732     3557.7     3404.9    245.564   7.242   2.339   0.341  0.489591  0.606832  0.092984  0.975927
     29   1      0   1  14     4     8.539    3023.937      138.0      132.1      9.487   7.243   2.339   0.341  0.489625  0.606791  0.092971  0.975926
     30   1      5   7   6     8     8.543    3025.322     2778.6     2675.8    188.183   7.246   2.340   0.341  0.489849  0.606514  0.092879  0.975915
     31   1      3   7   7     8     8.544    3025.592    16659.4    16060.9   1126.641   7.247   2.341   0.341  0.489893  0.606459  0.092861  0.975913
     32   1      8   4  10     8     8.545    3026.067      287.1      277.2     19.399   7.248   2.341   0.341  0.489970  0.606364  0.092830  0.975909
     33   1      4   6   9     8     8.545    3026.085     1564.6     1510.5    105.712   7.248   2.341   0.341  0.489972  0.606361  0.092829  0.975909
     34   1      9   2  11     8     8.546    3026.161     8160.5     7880.5    551.298   7.248   2.341   0.341  0.489985  0.606345  0.092824  0.975908
     35   1     14   1   6     8     8.546    3026.338       70.1       67.8      4.738   7.249   2.341   0.341  0.490013  0.606310  0.092812  0.975907
     36   1     11   0  10     4     8.546    3026.406       13.8       13.3      0.930   7.249   2.341   0.341  0.490024  0.606296  0.092808  0.975906
     37   1      8   7   2     8     8.548    3027.044     3323.5     3220.1    224.839   7.250   2.342   0.341  0.490128  0.606169  0.092766  0.975901
     38   1      2   3  13     8     8.550    3027.741     2945.6     2860.7    200.117   7.252   2.342   0.341  0.490241  0.606029  0.092720  0.975896
     39   1      6   0  13     4     8.552    3028.320       48.4       47.1      3.307   7.253   2.343   0.341  0.490334  0.605913  0.092682  0.975892
     40   1     12   0   9     4     8.552    3028.401     1501.1     1461.2    102.533   7.254   2.343   0.341  0.490347  0.605897  0.092677  0.975891
     41   1     13   2   7     8     8.552    3028.487      266.3      259.3     18.204   7.254   2.343   0.341  0.490361  0.605880  0.092671  0.975890
     42   1      7   7   4     8     8.553    3028.729      214.7      209.2     14.712   7.254   2.343   0.341  0.490401  0.605831  0.092656  0.975888
     43   1      2   8   3     8     8.555    3029.371     1587.5     1549.1    109.607   7.256   2.344   0.341  0.490505  0.605703  0.092614  0.975883
     44   1      6   6   8     8     8.561    3031.474     5071.1     4969.5    360.221   7.261   2.345   0.341  0.490845  0.605283  0.092476  0.975867
     45   1      3   4  12     8     8.563    3032.252     7264.0     7124.4    522.025   7.263   2.346   0.341  0.490971  0.605127  0.092426  0.975861
     46   1      3   8   2     8     8.575    3036.477     7806.9     7663.6    593.239   7.273   2.349   0.341  0.491655  0.604285  0.092152  0.975828
     47   1      2   5  11     8     8.583    3039.379      417.1      407.4     32.594   7.280   2.351   0.341  0.492125  0.603708  0.091964  0.975805
     48   1      1   0  14     4     8.585    3039.954       96.5       94.1      7.576   7.281   2.352   0.341  0.492218  0.603594  0.091927  0.975800
     49   1      6   4  11     8     8.585    3039.966     1502.8     1465.7    118.039   7.281   2.352   0.341  0.492220  0.603592  0.091927  0.975800
     50   1      6   7   5     8     8.587    3040.956     6856.5     6672.1    542.228   7.284   2.353   0.341  0.492380  0.603395  0.091863  0.975793
     51   1     14   2   5     8     8.596    3043.895    11444.4    11047.3    921.935   7.291   2.355   0.341  0.492856  0.602813  0.091675  0.975770
     52   1     11   5   5     8     8.598    3044.628     1676.7     1614.0    135.670   7.292   2.355   0.341  0.492975  0.602668  0.091628  0.975764
     53   1      8   0  12     4     8.599    3045.163      147.0      141.3     11.926   7.294   2.356   0.341  0.493062  0.602562  0.091594  0.975760
     54   1      0   0  14     2     8.602    3046.265       89.7       85.9      7.317   7.296   2.357   0.341  0.493240  0.602344  0.091524  0.975751
     55   1      1   3  13     8     8.603    3046.563      888.1      850.3     72.567   7.297   2.357   0.341  0.493288  0.602285  0.091505  0.975749
     56   1     15   2   1     8     8.604    3046.793     1029.8      985.3     84.230   7.298   2.357   0.341  0.493325  0.602239  0.091490  0.975747
     57   1      1   8   3     8     8.608    3048.225     7308.0     6957.6    601.494   7.301   2.358   0.341  0.493557  0.601956  0.091399  0.975736
     58   1     14   0   6     4     8.609    3048.720     1024.2      973.5     84.447   7.302   2.359   0.341  0.493637  0.601859  0.091368  0.975732
     59   1      9   6   5     8     8.612    3049.537      214.0      202.9     17.700   7.304   2.359   0.341  0.493770  0.601697  0.091316  0.975725
     60   1      7   2  12     8     8.613    3049.831     2958.5     2801.6    244.891   7.305   2.359   0.341  0.493817  0.601639  0.091298  0.975723

   No.  Code     H   K   L  Mult     Hw     2theta/TOF      Icalc       Iobs      Sigma    HwG     HwL     ETA     d-hkl  TOF_alpha  TOF_beta     CORR

     61   1      8   7   1     8     8.614    3050.181     1764.0     1668.2    146.156   7.306   2.360   0.341  0.493874  0.601570  0.091276  0.975720
     62   1     15   1   3     8     8.620    3052.372     1419.2     1329.1    118.250   7.311   2.361   0.341  0.494229  0.601139  0.091137  0.975703
     63   1      0   3  13     4     8.621    3052.917      519.7      485.4     43.345   7.312   2.362   0.341  0.494317  0.601031  0.091103  0.975699
     64   1     10   6   3     8     8.623    3053.603      182.8      170.3     15.275   7.314   2.362   0.341  0.494428  0.600896  0.091060  0.975693
     65   1      0   8   3     4     8.626    3054.589     6299.7     5839.5    527.447   7.316   2.363   0.341  0.494588  0.600702  0.090998  0.975686
     66   1     14   3   3     8     8.628    3055.387       37.5       34.7      3.149   7.318   2.364   0.341  0.494717  0.600545  0.090948  0.975679
     67   1      2   7   7     8     8.633    3057.093      330.7      303.7     27.955   7.322   2.365   0.341  0.494993  0.600210  0.090841  0.975666
     68   1      8   7   0     4     8.636    3058.012     9951.9     9115.8    846.152   7.325   2.366   0.341  0.495142  0.600030  0.090784  0.975659
     69   1      1   5  11     8     8.637    3058.422     3324.0     3042.2    283.441   7.326   2.366   0.341  0.495208  0.599949  0.090758  0.975656
     70   1      3   8   1     8     8.641    3059.832     6333.2     5787.2    546.796   7.329   2.367   0.341  0.495437  0.599673  0.090671  0.975645
     71   1     11   4   7     8     8.645    3061.422     6058.0     5535.3    532.457   7.333   2.368   0.341  0.495694  0.599362  0.090572  0.975632
     72   1     12   5   2     8     8.648    3062.327      412.6      377.3     36.688   7.335   2.369   0.341  0.495841  0.599185  0.090516  0.975625
     73   1      2   4  12     8     8.652    3063.964     4045.9     3709.6    367.920   7.339   2.370   0.341  0.496106  0.598864  0.090414  0.975612
     74   1      4   2  13     8     8.654    3064.643      360.6      331.1     33.111   7.340   2.371   0.341  0.496216  0.598732  0.090372  0.975607
     75   1      0   5  11     4     8.655    3064.850     6579.0     6042.4    605.792   7.341   2.371   0.341  0.496249  0.598691  0.090360  0.975605
     76   1      7   5   9     8     8.657    3065.474      594.4      546.5     55.197   7.342   2.372   0.341  0.496350  0.598569  0.090321  0.975600
     77   1      7   6   7     8     8.658    3065.812     1283.9     1181.6    119.781   7.343   2.372   0.341  0.496405  0.598503  0.090300  0.975598
     78   1      9   4   9     8     8.658    3066.076      263.5      242.7     24.671   7.344   2.372   0.341  0.496448  0.598452  0.090284  0.975596
     79   1      2   8   2     8     8.665    3068.323      277.9      257.0     26.687   7.349   2.374   0.341  0.496811  0.598014  0.090146  0.975578
     80   1     13   4   3     8     8.665    3068.495     2082.4     1926.5    200.314   7.350   2.374   0.341  0.496839  0.597980  0.090135  0.975577
     81   1     10   2  10     8     8.667    3069.114       53.0       49.1      5.125   7.351   2.374   0.341  0.496940  0.597859  0.090097  0.975572
     82   1      5   5  10     8     8.669    3069.864     1795.5     1665.3    174.530   7.353   2.375   0.341  0.497061  0.597713  0.090052  0.975566
     83   1     12   2   8     8     8.670    3070.326      111.9      103.9     10.906   7.354   2.375   0.341  0.497136  0.597623  0.090023  0.975563
     84   1      3   6   9     8     8.671    3070.487        0.7        0.7      0.071   7.354   2.375   0.341  0.497162  0.597592  0.090013  0.975561
     85   1      8   6   6     8     8.675    3072.004      356.4      331.6     34.887   7.358   2.377   0.341  0.497408  0.597297  0.089921  0.975549
     86   1     12   3   7     8     8.681    3074.104      364.1      339.4     35.429   7.363   2.378   0.341  0.497748  0.596889  0.089793  0.975533
     87   1     15   0   3     4     8.685    3075.342     1805.2     1685.1    174.060   7.366   2.379   0.341  0.497948  0.596649  0.089718  0.975523
     88   1      5   1  13     8     8.685    3075.647     2328.6     2174.0    223.865   7.367   2.379   0.341  0.497997  0.596590  0.089699  0.975521
     89   1      1   7   7     8     8.688    3076.473     6685.8     6247.1    637.001   7.369   2.380   0.341  0.498131  0.596429  0.089649  0.975514
     90   1      9   3  10     8     8.688    3076.721     1449.1     1354.2    137.645   7.369   2.380   0.341  0.498171  0.596381  0.089634  0.975512
     91   1     10   4   8     8     8.693    3078.194     2169.2     2029.7    201.756   7.373   2.381   0.341  0.498410  0.596096  0.089545  0.975501
     92   1      4   7   6     8     8.705    3082.729     1608.3     1514.8    136.891   7.384   2.385   0.341  0.499144  0.595219  0.089272  0.975465
     93   1      0   7   7     4     8.706    3083.015     1190.3     1121.6    100.658   7.384   2.385   0.341  0.499190  0.595164  0.089255  0.975463
     94   1      1   4  12     8     8.708    3083.475     1332.7     1256.9    111.526   7.386   2.385   0.341  0.499265  0.595075  0.089228  0.975460
     95   1      7   7   3     8     8.708    3083.651     1044.5      985.5     87.062   7.386   2.386   0.341  0.499293  0.595041  0.089217  0.975458
     96   1     11   2   9     8     8.710    3084.253    16515.1    15603.0   1357.567   7.387   2.386   0.341  0.499391  0.594925  0.089181  0.975453
     97   1     12   5   1     8     8.716    3086.289      165.9      157.5     13.001   7.392   2.388   0.341  0.499720  0.594532  0.089060  0.975437
     98   1      1   8   2     8     8.720    3087.918     1307.4     1245.1     98.590   7.396   2.389   0.341  0.499984  0.594219  0.088963  0.975425
     99   1      5   3  12     8     8.725    3089.807     7521.9     7190.6    543.602   7.401   2.390   0.341  0.500290  0.593855  0.088851  0.975410
    100   1      0   4  12     4     8.726    3090.063     4705.6     4500.1    338.204   7.401   2.391   0.341  0.500332  0.593806  0.088836  0.975408
    101   1     15   1   2     8     8.732    3092.229     5450.3     5238.5    375.421   7.406   2.392   0.341  0.500682  0.593390  0.088707  0.975391
    102   1      2   8   1     8     8.733    3092.427      267.0      256.7     18.329   7.407   2.392   0.341  0.500714  0.593352  0.088696  0.975389
    103   1     10   5   6     8     8.735    3093.161     1281.9     1234.2     86.901   7.409   2.393   0.341  0.500833  0.593211  0.088653  0.975384
    104   1     10   6   2     8     8.736    3093.509     1621.9     1564.1    109.362   7.410   2.393   0.341  0.500889  0.593145  0.088632  0.975381
    105   1     12   5   0     4     8.738    3094.402      979.5      946.6     65.184   7.412   2.394   0.341  0.501034  0.592974  0.088579  0.975374
    106   1      0   8   2     4     8.739    3094.534       69.6       67.3      4.622   7.412   2.394   0.341  0.501055  0.592948  0.088572  0.975373
    107   1      9   1  11     8     8.740    3094.827      295.3      285.7     19.540   7.413   2.394   0.341  0.501103  0.592892  0.088554  0.975371
    108   1     14   3   2     8     8.741    3095.364    16954.2    16430.8   1114.257   7.414   2.395   0.341  0.501190  0.592789  0.088523  0.975366
    109   1     13   1   7     8     8.747    3097.315    15255.3    14875.9    981.214   7.419   2.396   0.341  0.501506  0.592416  0.088409  0.975351
    110   1      5   0  13     4     8.752    3099.150       63.0       61.8      3.980   7.423   2.398   0.341  0.501803  0.592065  0.088301  0.975337
    111   1      2   8   0     4     8.756    3100.589      417.3      411.1     25.981   7.427   2.399   0.341  0.502036  0.591790  0.088217  0.975326
    112   1      5   6   8     8     8.761    3102.531       87.4       86.5      5.317   7.431   2.400   0.341  0.502350  0.591420  0.088105  0.975310
    113   1      2   6   9     8     8.764    3103.427     9485.7     9413.5    570.276   7.433   2.401   0.341  0.502495  0.591249  0.088053  0.975303
    114   1     13   3   5     8     8.764    3103.528     2111.3     2095.8    126.744   7.434   2.401   0.341  0.502512  0.591230  0.088047  0.975303
    115   1     12   4   5     8     8.765    3103.787     5555.5     5518.4    332.211   7.434   2.401   0.341  0.502554  0.591181  0.088032  0.975300
    116   1      8   5   8     8     8.766    3104.037      226.2      224.9     13.476   7.435   2.401   0.341  0.502594  0.591133  0.088017  0.975299
    117   1     11   3   8     8     8.767    3104.403     1240.1     1233.2     73.460   7.436   2.402   0.341  0.502653  0.591063  0.087996  0.975296
    118   1     10   3   9     8     8.769    3105.300     3875.0     3862.3    226.079   7.438   2.402   0.341  0.502799  0.590893  0.087944  0.975289
    119   1     13   4   2     8     8.780    3108.995     6224.2     6247.2    337.352   7.447   2.405   0.341  0.503397  0.590190  0.087731  0.975260
    120   1      3   2  13     8     8.785    3110.791     4923.9     4957.0    256.799   7.451   2.407   0.341  0.503688  0.589850  0.087628  0.975246

   No.  Code     H   K   L  Mult     Hw     2theta/TOF      Icalc       Iobs      Sigma    HwG     HwL     ETA     d-hkl  TOF_alpha  TOF_beta     CORR

    121   1      5   4  11     8     8.787    3111.635       58.9       59.4      3.018   7.453   2.407   0.341  0.503824  0.589689  0.087580  0.975239
    122   1      1   8   1     8     8.789    3112.491      133.9      135.2      6.750   7.455   2.408   0.341  0.503963  0.589527  0.087531  0.975232
    123   1      5   7   5     8     8.790    3112.698     1950.3     1969.1     97.906   7.456   2.408   0.341  0.503996  0.589488  0.087519  0.975231
    124   1      6   7   4     8     8.791    3113.014    14485.6    14632.9    722.870   7.456   2.408   0.341  0.504048  0.589428  0.087501  0.975228
    125   1      9   5   7     8     8.792    3113.534    17025.5    17212.9    842.333   7.458   2.409   0.341  0.504132  0.589330  0.087472  0.975224
    126   1     14   1   5     8     8.793    3113.804     1989.6     2012.4     97.977   7.458   2.409   0.341  0.504176  0.589279  0.087456  0.975222
    127   1     15   0   2     4     8.800    3116.117     2118.4     2150.6    100.899   7.464   2.411   0.341  0.504550  0.588841  0.087325  0.975204
    128   1     14   2   4     8     8.800    3116.167     8377.0     8504.8    398.746   7.464   2.411   0.341  0.504558  0.588832  0.087322  0.975204
    129   1     15   1   1     8     8.802    3116.906      240.9      244.9     11.382   7.466   2.411   0.341  0.504678  0.588692  0.087280  0.975198
    130   1     11   5   4     8     8.802    3116.952     3420.3     3478.2    161.526   7.466   2.411   0.341  0.504685  0.588684  0.087277  0.975197
    131   1      7   3  11     8     8.805    3118.143      618.5      630.1     28.875   7.469   2.412   0.341  0.504878  0.588459  0.087210  0.975188
    132   1     10   6   1     8     8.806    3118.216     1501.9     1531.1     70.172   7.469   2.412   0.341  0.504890  0.588445  0.087206  0.975188
    133   1      9   0  11     4     8.807    3118.776     4896.8     4995.8    227.781   7.470   2.413   0.341  0.504981  0.588339  0.087174  0.975183
    134   1      0   8   1     4     8.809    3119.266      104.6      106.8      4.851   7.471   2.413   0.341  0.505060  0.588247  0.087146  0.975179
    135   1     14   3   1     8     8.811    3120.117    12929.4    13225.4    597.324   7.473   2.414   0.341  0.505198  0.588087  0.087098  0.975173
    136   1      7   1  12     8     8.811    3120.158     2825.5     2890.4    130.510   7.473   2.414   0.341  0.505204  0.588079  0.087096  0.975172
    137   1     13   0   7     4     8.814    3121.322      153.2      157.0      7.055   7.476   2.415   0.341  0.505393  0.587860  0.087030  0.975163
    138   1      9   6   4     8     8.817    3122.222     8565.3     8783.4    393.484   7.478   2.415   0.341  0.505539  0.587690  0.086980  0.975156
    139   1      7   4  10     8     8.821    3123.688       83.2       85.4      3.824   7.482   2.417   0.341  0.505776  0.587414  0.086897  0.975145
    140   1      1   6   9     8     8.821    3123.707     8834.3     9069.7    406.112   7.482   2.417   0.341  0.505779  0.587411  0.086896  0.975145
    141   1      7   7   2     8     8.824    3124.762     6826.8     7010.7    314.730   7.484   2.417   0.341  0.505950  0.587212  0.086837  0.975136
    142   1     10   6   0     4     8.829    3126.585     5242.2     5376.6    243.706   7.489   2.419   0.341  0.506245  0.586870  0.086735  0.975122
    143   1      0   8   0     2     8.832    3127.643    11927.2    12211.3    558.916   7.491   2.420   0.341  0.506416  0.586671  0.086676  0.975114
    144   1     14   3   0     4     8.835    3128.500     3638.4     3717.7    171.755   7.493   2.420   0.341  0.506555  0.586511  0.086628  0.975107
    145   1      3   7   6     8     8.838    3129.711     4480.3     4562.4    214.439   7.496   2.421   0.341  0.506751  0.586284  0.086561  0.975098
    146   1      4   5  10     8     8.839    3129.896    13584.4    13825.8    651.669   7.497   2.421   0.341  0.506781  0.586249  0.086551  0.975096
    147   1      0   6   9     4     8.841    3130.555     2691.4     2733.5    130.243   7.498   2.422   0.341  0.506888  0.586126  0.086514  0.975091
    148   1     13   2   6     8     8.847    3132.916      468.9      472.7     23.647   7.504   2.424   0.341  0.507270  0.585684  0.086383  0.975073
    149   1     13   4   1     8     8.850    3134.079     3452.0     3469.5    178.547   7.507   2.425   0.341  0.507458  0.585467  0.086319  0.975063
    150   1      6   2  12     8     8.856    3135.941    26191.7    26223.5   1419.317   7.511   2.426   0.341  0.507760  0.585119  0.086216  0.975049
    151   1      4   1  13     8     8.856    3136.025    10426.1    10437.4    566.268   7.511   2.426   0.341  0.507774  0.585103  0.086212  0.975048
    152   1      8   2  11     8     8.860    3137.535     3699.9     3700.2    209.803   7.515   2.427   0.341  0.508018  0.584822  0.086129  0.975036
    153   1     14   0   5     4     8.862    3138.199     6842.6     6844.5    395.791   7.517   2.428   0.341  0.508126  0.584698  0.086092  0.975031
    154   1     10   1  10     8     8.869    3140.816      104.4      105.0      6.564   7.523   2.430   0.341  0.508549  0.584211  0.085949  0.975011
    155   1     15   0   1     4     8.871    3141.375      620.7      625.6     39.728   7.524   2.430   0.341  0.508640  0.584107  0.085919  0.975006
    156   1     12   1   8     8     8.873    3142.115     9905.5    10013.9    649.413   7.526   2.431   0.341  0.508760  0.583969  0.085878  0.975001
    157   1      7   0  12     4     8.880    3144.705     1764.3     1808.5    125.333   7.532   2.433   0.341  0.509179  0.583488  0.085738  0.974980
    158   1      2   2  13     8     8.881    3145.060     5824.3     5981.5    418.166   7.533   2.433   0.341  0.509236  0.583423  0.085718  0.974977
    159   1      7   7   1     8     8.896    3150.232       26.8       28.4      2.163   7.545   2.437   0.341  0.510074  0.582465  0.085439  0.974937
    160   1      4   3  12     8     8.898    3151.040      196.4      208.9     15.990   7.547   2.438   0.341  0.510205  0.582315  0.085396  0.974931
    161   1      6   5   9     8     8.904    3152.954     2685.3     2875.3    221.348   7.552   2.439   0.341  0.510515  0.581962  0.085293  0.974916
    162   1      6   6   7     8     8.905    3153.323      476.1      510.3     39.260   7.553   2.440   0.341  0.510574  0.581894  0.085273  0.974913
    163   1     11   1   9     8     8.915    3157.047     2557.2     2748.2    204.418   7.562   2.442   0.341  0.511177  0.581207  0.085075  0.974884
    164   1      4   0  13     4     8.926    3160.951      214.0      227.7     15.725   7.571   2.445   0.341  0.511809  0.580489  0.084867  0.974853
    165   1      8   6   5     8     8.934    3163.612    35017.6    36910.1   2418.109   7.577   2.447   0.341  0.512240  0.580001  0.084727  0.974832
    166   1      4   6   8     8     8.936    3164.539     2599.9     2733.1    176.344   7.580   2.448   0.341  0.512390  0.579831  0.084678  0.974825
    167   1      2   7   6     8     8.937    3164.616      291.7      306.6     19.760   7.580   2.448   0.341  0.512403  0.579817  0.084674  0.974824
    168   1     10   0  10     4     8.940    3165.858       28.5       29.8      1.890   7.583   2.449   0.341  0.512604  0.579590  0.084609  0.974815
    169   1      1   2  13     8     8.941    3166.172       52.4       54.9      3.466   7.584   2.449   0.341  0.512655  0.579532  0.084593  0.974812
    170   1     12   0   8     4     8.944    3167.188       67.3       70.3      4.398   7.586   2.450   0.341  0.512819  0.579346  0.084539  0.974804
    171   1     11   4   6     8     8.950    3169.419    18981.8    19740.5   1224.474   7.591   2.452   0.341  0.513181  0.578939  0.084423  0.974787
    172   1      6   7   3     8     8.960    3172.742    11301.7    11691.0    734.176   7.599   2.455   0.341  0.513719  0.578332  0.084250  0.974761
    173   1      0   2  13     4     8.961    3173.305     4068.8     4208.7    265.390   7.601   2.455   0.341  0.513810  0.578229  0.084221  0.974756
    174   1      4   4  11     8     8.964    3174.202     2237.7     2311.7    146.897   7.603   2.456   0.341  0.513955  0.578066  0.084174  0.974750
    175   1      7   6   6     8     8.964    3174.291     3418.8     3531.4    224.591   7.603   2.456   0.341  0.513969  0.578050  0.084170  0.974749
    176   1      4   7   5     8     8.967    3175.329     7421.6     7664.3    492.171   7.606   2.457   0.341  0.514138  0.577861  0.084116  0.974741
    177   1     14   2   3     8     8.969    3176.080     4411.4     4552.6    294.601   7.607   2.457   0.341  0.514259  0.577724  0.084077  0.974735
    178   1     11   5   3     8     8.971    3176.912      224.2      231.2     15.102   7.609   2.458   0.341  0.514394  0.577573  0.084034  0.974728
    179   1      3   5  10     8     8.978    3179.103     1691.2     1744.5    116.487   7.615   2.459   0.341  0.514749  0.577175  0.083921  0.974711
    180   1     13   3   4     8     8.981    3180.240     2816.2     2907.4    196.148   7.617   2.460   0.341  0.514933  0.576969  0.083863  0.974702

   No.  Code     H   K   L  Mult     Hw     2theta/TOF      Icalc       Iobs      Sigma    HwG     HwL     ETA     d-hkl  TOF_alpha  TOF_beta     CORR

    181   1     12   4   4     8     8.982    3180.518      130.0      134.2      9.076   7.618   2.461   0.341  0.514978  0.576918  0.083849  0.974700
    182   1      8   4   9     8     8.986    3182.088      636.6      658.2     45.056   7.622   2.462   0.341  0.515232  0.576634  0.083768  0.974688
    183   1     11   0   9     4     8.987    3182.481     9910.7    10249.4    703.561   7.623   2.462   0.341  0.515296  0.576562  0.083748  0.974685
    184   1      9   6   3     8     8.987    3182.492     2069.7     2140.5    146.941   7.623   2.462   0.341  0.515297  0.576560  0.083748  0.974685
    185   1     12   3   6     8     8.990    3183.498      880.9      911.8     63.007   7.625   2.463   0.341  0.515460  0.576378  0.083696  0.974677
    186   1      3   1  13     8     8.996    3185.526     1151.7     1193.6     83.418   7.630   2.464   0.341  0.515788  0.576011  0.083593  0.974661
    187   1      1   7   6     8     8.997    3186.128     1055.1     1093.9     76.699   7.631   2.465   0.341  0.515886  0.575902  0.083562  0.974656
    188   1     10   5   5     8     8.999    3186.733     3035.5     3148.3    221.384   7.633   2.465   0.341  0.515984  0.575793  0.083532  0.974651
    189   1      5   7   4     8     9.009    3190.108     2447.9     2549.2    182.591   7.641   2.468   0.341  0.516530  0.575184  0.083361  0.974625
    190   1     14   1   4     8     9.012    3191.299     6899.4     7200.0    520.371   7.644   2.469   0.341  0.516723  0.574969  0.083301  0.974616
    191   1      0   7   6     4     9.018    3193.397      174.7      183.1     13.507   7.649   2.471   0.341  0.517063  0.574591  0.083195  0.974599
    192   1      8   3  10     8     9.020    3193.992    33715.7    35378.1   2626.751   7.650   2.471   0.341  0.517159  0.574484  0.083165  0.974595
    193   1     12   2   7     8     9.028    3197.120      676.2      717.2     55.047   7.658   2.473   0.341  0.517666  0.573922  0.083009  0.974570
    194   1      9   2  10     8     9.037    3200.063      138.3      148.1     11.602   7.665   2.476   0.341  0.518142  0.573395  0.082862  0.974547
    195   1      3   3  12     8     9.040    3201.267      399.1      428.9     33.650   7.668   2.477   0.341  0.518337  0.573179  0.082802  0.974538
    196   1     10   4   7     8     9.054    3206.006     3170.8     3444.6    257.529   7.679   2.480   0.341  0.519105  0.572332  0.082568  0.974501
    197   1     13   1   6     8     9.063    3209.296     1837.9     2000.3    138.152   7.687   2.483   0.341  0.519637  0.571745  0.082406  0.974475
    198   1      7   5   8     8     9.064    3209.669      210.1      228.7     15.628   7.688   2.483   0.341  0.519698  0.571678  0.082388  0.974472
    199   1      6   3  11     8     9.066    3210.348     3070.8     3340.1    223.918   7.689   2.484   0.341  0.519808  0.571558  0.082355  0.974467
    200   1      9   4   8     8     9.066    3210.360     7185.6     7815.8    523.788   7.689   2.484   0.341  0.519810  0.571555  0.082354  0.974467
    201   1      3   0  13     4     9.070    3211.660     2974.8     3230.5    208.478   7.693   2.485   0.341  0.520020  0.571324  0.082291  0.974457
    202   1      6   1  12     8     9.072    3212.549       96.9      105.1      6.606   7.695   2.485   0.341  0.520164  0.571166  0.082247  0.974450
    203   1      8   1  11     8     9.077    3214.262     8453.4     9128.0    547.598   7.699   2.487   0.341  0.520441  0.570862  0.082164  0.974436
    204   1      5   2  12     8     9.078    3214.795      565.3      609.5     36.058   7.700   2.487   0.341  0.520528  0.570767  0.082138  0.974432
    205   1      3   6   8     8     9.080    3215.424     9610.9    10338.4    602.581   7.702   2.488   0.341  0.520630  0.570655  0.082107  0.974427
    206   1      2   5  10     8     9.081    3215.706     8069.5     8673.2    502.047   7.702   2.488   0.341  0.520675  0.570605  0.082094  0.974425
    207   1      6   4  10     8     9.083    3216.400     2332.8     2501.8    142.489   7.704   2.488   0.341  0.520788  0.570482  0.082060  0.974419
    208   1      6   7   2     8     9.086    3217.573      710.4      758.4     42.170   7.707   2.489   0.341  0.520977  0.570274  0.082003  0.974410
    209   1     14   0   4     4     9.086    3217.577     5044.0     5384.8    299.399   7.707   2.489   0.341  0.520978  0.570273  0.082003  0.974410
    210   1     14   2   2     8     9.096    3221.055     1718.8     1809.8     95.209   7.715   2.492   0.341  0.521541  0.569658  0.081835  0.974383
    211   1     11   5   2     8     9.099    3221.923    19850.3    20824.3   1085.270   7.717   2.493   0.341  0.521682  0.569504  0.081793  0.974376
    212   1      2   1  13     8     9.100    3222.354     4292.6     4495.0    233.177   7.718   2.493   0.341  0.521752  0.569428  0.081773  0.974373
    213   1      3   4  11     8     9.109    3225.562    16781.5    17328.5    879.585   7.726   2.495   0.341  0.522271  0.568862  0.081619  0.974348
    214   1      3   7   5     8     9.112    3226.746     2760.2     2835.7    143.440   7.729   2.496   0.341  0.522463  0.568653  0.081562  0.974339
    215   1      9   5   6     8     9.114    3227.349     2764.2     2831.8    143.036   7.730   2.497   0.341  0.522560  0.568547  0.081534  0.974334
    216   1      9   6   2     8     9.115    3227.744     8642.8     8837.2    446.091   7.731   2.497   0.341  0.522624  0.568477  0.081515  0.974331
    217   1     13   2   5     8     9.122    3230.257      310.7      314.7     15.917   7.737   2.499   0.341  0.523031  0.568035  0.081395  0.974311
    218   1     11   2   8     8     9.125    3231.244        4.5        4.5      0.228   7.739   2.500   0.341  0.523191  0.567861  0.081349  0.974303
    219   1     10   2   9     8     9.128    3232.256    18941.4    19027.0    970.890   7.742   2.501   0.341  0.523355  0.567684  0.081301  0.974295
    220   1      5   5   9     8     9.130    3233.133     1702.3     1704.9     87.550   7.744   2.501   0.341  0.523497  0.567530  0.081259  0.974289
    221   1      5   6   7     8     9.131    3233.529     6830.9     6831.7    351.771   7.745   2.502   0.341  0.523561  0.567460  0.081241  0.974286
    222   1      8   5   7     8     9.136    3235.234     5464.6     5436.5    284.485   7.749   2.503   0.341  0.523837  0.567161  0.081160  0.974272
    223   1     11   3   7     8     9.137    3235.648     4708.9     4680.1    245.917   7.750   2.503   0.341  0.523904  0.567088  0.081141  0.974269
    224   1     13   0   6     4     9.138    3236.025      289.9      288.1     15.213   7.751   2.504   0.341  0.523965  0.567022  0.081123  0.974266
    225   1      1   5  10     8     9.145    3238.284     2345.2     2328.1    126.588   7.756   2.505   0.341  0.524331  0.566627  0.081017  0.974248
    226   1      2   3  12     8     9.146    3238.650     8518.8     8456.5    462.279   7.757   2.506   0.341  0.524390  0.566563  0.081000  0.974245
    227   1      6   0  12     4     9.148    3239.359    15907.1    15798.9    874.578   7.759   2.506   0.341  0.524505  0.566439  0.080967  0.974240
    228   1      8   0  11     4     9.153    3241.117     2221.1     2213.9    126.394   7.763   2.507   0.341  0.524790  0.566132  0.080885  0.974226
    229   1      9   3   9     8     9.153    3241.145     5561.8     5544.0    316.681   7.763   2.507   0.341  0.524794  0.566127  0.080883  0.974226
    230   1     13   3   3     8     9.161    3244.002     3721.9     3739.6    226.986   7.770   2.510   0.341  0.525257  0.565628  0.080750  0.974204
    231   1     12   4   3     8     9.162    3244.297    10347.9    10407.1    635.848   7.771   2.510   0.341  0.525305  0.565577  0.080737  0.974201
    232   1      8   6   4     8     9.164    3244.985      661.2      666.6     41.362   7.772   2.510   0.341  0.525416  0.565457  0.080705  0.974196
    233   1      1   1  13     8     9.164    3245.073     1271.1     1281.9     79.704   7.773   2.511   0.341  0.525430  0.565441  0.080701  0.974195
    234   1      6   7   1     8     9.165    3245.402     6712.7     6777.6    424.599   7.773   2.511   0.341  0.525483  0.565384  0.080685  0.974193
    235   1      0   5  10     4     9.166    3245.917      598.0      605.8     38.397   7.775   2.511   0.341  0.525567  0.565294  0.080661  0.974189
    236   1      7   2  11     8     9.169    3246.747     4015.8     4082.3    263.811   7.777   2.512   0.341  0.525701  0.565150  0.080623  0.974182
    237   1     14   2   1     8     9.175    3248.976      103.8      106.7      7.275   7.782   2.514   0.341  0.526062  0.564762  0.080520  0.974165
    238   1      2   0  13     4     9.176    3249.413     3553.4     3658.8    252.045   7.783   2.514   0.341  0.526133  0.564686  0.080500  0.974161
    239   1     11   5   1     8     9.177    3249.866     6285.6     6486.1    451.556   7.784   2.514   0.341  0.526206  0.564608  0.080479  0.974158
    240   1      0   1  13     4     9.186    3252.754      786.5      823.7     61.208   7.791   2.516   0.341  0.526674  0.564106  0.080347  0.974135

   No.  Code     H   K   L  Mult     Hw     2theta/TOF      Icalc       Iobs      Sigma    HwG     HwL     ETA     d-hkl  TOF_alpha  TOF_beta     CORR

    241   1      2   6   8     8     9.187    3253.311       84.1       88.3      6.642   7.792   2.517   0.341  0.526764  0.564010  0.080321  0.974131
    242   1      5   7   3     8     9.190    3254.478       58.7       62.0      4.771   7.795   2.518   0.341  0.526953  0.563807  0.080268  0.974122
    243   1      6   7   0     4     9.191    3254.840     1606.7     1699.8    131.840   7.796   2.518   0.341  0.527012  0.563745  0.080251  0.974119
    244   1     10   3   8     8     9.193    3255.469      606.1      642.8     50.490   7.797   2.519   0.341  0.527114  0.563636  0.080222  0.974114
    245   1     14   1   3     8     9.194    3255.743       46.6       49.5      3.904   7.798   2.519   0.341  0.527158  0.563588  0.080210  0.974112
    246   1      9   6   1     8     9.194    3255.840     5629.9     5981.8    473.014   7.798   2.519   0.341  0.527174  0.563572  0.080205  0.974111
    247   1      4   7   4     8     9.199    3257.633     1087.0     1164.1     94.913   7.803   2.520   0.341  0.527464  0.563261  0.080124  0.974097
    248   1     14   2   0     4     9.202    3258.444       14.7       15.8      1.305   7.805   2.521   0.341  0.527595  0.563121  0.080087  0.974091
    249   1      1   3  12     8     9.211    3261.719     6947.9     7539.6    649.565   7.812   2.523   0.341  0.528125  0.562556  0.079939  0.974065
    250   1      2   4  11     8     9.217    3263.813      259.7      282.8     24.896   7.817   2.525   0.341  0.528465  0.562195  0.079844  0.974049
    251   1      2   7   5     8     9.220    3265.039      559.7      610.2     54.295   7.820   2.526   0.341  0.528663  0.561984  0.079789  0.974039
    252   1      0   3  12     4     9.233    3269.518     4790.5     5220.8    479.215   7.831   2.529   0.341  0.529388  0.561214  0.079588  0.974004
    253   1     10   5   4     8     9.234    3269.951    15672.3    17077.6   1570.614   7.832   2.530   0.341  0.529458  0.561140  0.079569  0.974001
    254   1     11   4   5     8     9.235    3270.314      240.0      261.4     24.085   7.833   2.530   0.341  0.529517  0.561077  0.079553  0.973998
    255   1      6   6   6     8     9.239    3271.727      155.1      168.9     15.623   7.836   2.531   0.341  0.529746  0.560835  0.079490  0.973987
    256   1      1   0  13     4     9.242    3272.715       31.7       34.6      3.197   7.839   2.532   0.341  0.529906  0.560666  0.079446  0.973979
    257   1      7   6   5     8     9.250    3275.668      308.8      336.0     30.649   7.846   2.534   0.341  0.530384  0.560160  0.079315  0.973956
    258   1      1   6   8     8     9.253    3276.697     1025.9     1115.4    100.696   7.848   2.535   0.341  0.530551  0.559984  0.079269  0.973948
    259   1     12   1   7     8     9.258    3278.417      507.6      550.6     48.512   7.852   2.536   0.341  0.530829  0.559690  0.079193  0.973935
    260   1      0   0  13     2     9.264    3280.593     2453.0     2647.7    223.698   7.858   2.538   0.341  0.531182  0.559319  0.079098  0.973918
    261   1      9   1  10     8     9.267    3281.591     2142.6     2305.5    190.496   7.860   2.539   0.341  0.531343  0.559149  0.079054  0.973910
    262   1     14   0   3     4     9.273    3283.660     2676.6     2861.8    224.455   7.865   2.540   0.341  0.531678  0.558797  0.078963  0.973894
    263   1      4   2  12     8     9.274    3283.934     1115.1     1191.3     92.748   7.866   2.541   0.341  0.531722  0.558750  0.078951  0.973892
    264   1      0   6   8     4     9.276    3284.605      220.1      234.6     17.938   7.867   2.541   0.341  0.531831  0.558636  0.078922  0.973886
    265   1     12   3   5     8     9.279    3285.788    22701.9    24119.9   1784.689   7.870   2.542   0.341  0.532023  0.558435  0.078871  0.973877
    266   1      1   4  11     8     9.284    3287.428      559.5      591.7     41.810   7.874   2.543   0.341  0.532288  0.558156  0.078799  0.973864
    267   1      1   7   5     8     9.287    3288.680     2816.1     2969.4    202.503   7.877   2.544   0.341  0.532491  0.557944  0.078745  0.973855
    268   1     13   3   2     8     9.296    3291.969     5169.8     5423.4    337.422   7.885   2.547   0.341  0.533023  0.557386  0.078602  0.973829
    269   1     12   4   2     8     9.297    3292.278      480.9      504.3     31.121   7.886   2.547   0.341  0.533073  0.557334  0.078589  0.973826
    270   1      5   3  11     8     9.305    3295.105    10884.7    11396.7    658.762   7.892   2.549   0.341  0.533531  0.556856  0.078468  0.973804
    271   1      0   4  11     4     9.306    3295.414      344.6      360.8     20.731   7.893   2.549   0.341  0.533581  0.556804  0.078454  0.973802
    272   1      7   4   9     8     9.308    3296.190     4725.9     4949.3    280.407   7.895   2.550   0.341  0.533707  0.556673  0.078421  0.973796
    273   1      0   7   5     4     9.310    3296.676    19171.0    20083.0   1129.537   7.896   2.550   0.341  0.533785  0.556591  0.078400  0.973792
    274   1      5   1  12     8     9.312    3297.483    10939.0    11465.3    637.721   7.898   2.551   0.341  0.533916  0.556454  0.078366  0.973786
    275   1      5   4  10     8     9.324    3301.650       49.0       51.4      2.810   7.908   2.554   0.341  0.534591  0.555752  0.078188  0.973753
    276   1      5   7   2     8     9.327    3302.919    20245.1    21295.2   1168.580   7.911   2.555   0.341  0.534796  0.555539  0.078134  0.973743
    277   1      4   5   9     8     9.329    3303.488       87.5       92.1      5.075   7.912   2.556   0.341  0.534889  0.555443  0.078110  0.973739
    278   1      4   6   7     8     9.330    3303.911      327.7      344.7     19.059   7.914   2.556   0.341  0.534957  0.555372  0.078092  0.973736
    279   1     14   1   2     8     9.331    3304.241    24943.4    26247.7   1454.859   7.914   2.556   0.341  0.535010  0.555316  0.078078  0.973733
    280   1     12   0   7     4     9.339    3306.927      416.7      438.4     25.033   7.921   2.558   0.341  0.535445  0.554865  0.077964  0.973712
    281   1      7   3  10     8     9.346    3309.427     2462.1     2584.4    152.676   7.927   2.560   0.341  0.535850  0.554446  0.077859  0.973692
    282   1      9   0  10     4     9.348    3310.184       82.1       86.1      5.145   7.929   2.561   0.341  0.535973  0.554319  0.077827  0.973687
    283   1      6   5   8     8     9.349    3310.503     3680.6     3857.1    231.503   7.929   2.561   0.341  0.536024  0.554266  0.077814  0.973684
    284   1      8   6   3     8     9.355    3312.806       78.0       81.5      5.048   7.935   2.563   0.341  0.536397  0.553881  0.077717  0.973666
    285   1      3   7   4     8     9.356    3313.223     8368.1     8745.0    544.872   7.936   2.563   0.341  0.536465  0.553811  0.077700  0.973663
    286   1     13   1   5     8     9.359    3314.176     3151.5     3290.7    207.505   7.938   2.564   0.341  0.536619  0.553651  0.077660  0.973655
    287   1     11   1   8     8     9.362    3315.242     1765.9     1842.0    117.695   7.941   2.565   0.341  0.536792  0.553474  0.077616  0.973647
    288   1     10   1   9     8     9.365    3316.334     5641.9     5880.4    380.314   7.943   2.566   0.341  0.536969  0.553291  0.077570  0.973638
    289   1     13   2   4     8     9.367    3317.026    10199.2    10626.7    691.835   7.945   2.566   0.341  0.537081  0.553176  0.077541  0.973633
    290   1     12   2   6     8     9.378    3320.723     3511.8     3654.9    242.930   7.954   2.569   0.341  0.537679  0.552560  0.077388  0.973604
    291   1     13   3   1     8     9.381    3321.791     2190.6     2278.2    151.477   7.956   2.570   0.341  0.537852  0.552382  0.077344  0.973596
    292   1     12   4   1     8     9.381    3322.108     1010.1     1050.2     69.790   7.957   2.570   0.341  0.537903  0.552330  0.077331  0.973593
    293   1      4   7   3     8     9.393    3326.268     1031.4     1062.0     68.623   7.967   2.573   0.341  0.538577  0.551639  0.077160  0.973561
    294   1      5   0  12     4     9.394    3326.498      341.0      350.9     22.609   7.968   2.573   0.341  0.538614  0.551601  0.077151  0.973559
    295   1     10   4   6     8     9.406    3330.684      673.1      680.7     41.453   7.978   2.577   0.341  0.539292  0.550907  0.076980  0.973526
    296   1      7   1  11     8     9.409    3331.991      893.2      898.2     53.799   7.981   2.578   0.341  0.539504  0.550691  0.076927  0.973516
    297   1     12   4   0     4     9.410    3332.234    23682.8    23790.7   1420.853   7.981   2.578   0.341  0.539543  0.550651  0.076917  0.973514
    298   1      8   2  10     8     9.411    3332.639      538.7      540.2     32.116   7.982   2.578   0.341  0.539609  0.550584  0.076900  0.973511
    299   1      5   7   1     8     9.412    3333.042     4990.9     4997.1    295.886   7.983   2.579   0.341  0.539674  0.550518  0.076884  0.973508
    300   1     14   0   2     4     9.413    3333.435     1059.3     1059.0     62.458   7.984   2.579   0.341  0.539737  0.550453  0.076868  0.973505

   No.  Code     H   K   L  Mult     Hw     2theta/TOF      Icalc       Iobs      Sigma    HwG     HwL     ETA     d-hkl  TOF_alpha  TOF_beta     CORR

    301   1      9   5   5     8     9.415    3334.069     3293.7     3285.0    192.594   7.986   2.579   0.341  0.539840  0.550348  0.076842  0.973500
    302   1     14   1   1     8     9.416    3334.400    19137.6    19064.8   1114.582   7.987   2.580   0.341  0.539894  0.550293  0.076829  0.973497
    303   1     10   5   3     8     9.430    3339.384     7619.4     7528.1    429.129   7.998   2.583   0.341  0.540701  0.549472  0.076628  0.973458
    304   1      3   2  12     8     9.435    3340.906    12645.3    12497.9    709.883   8.002   2.585   0.341  0.540947  0.549222  0.076567  0.973447
    305   1     13   0   5     4     9.442    3343.637      195.3      193.6     10.941   8.009   2.587   0.341  0.541389  0.548773  0.076458  0.973425
    306   1      8   4   8     8     9.444    3344.274    12935.3    12834.3    723.926   8.010   2.587   0.341  0.541492  0.548669  0.076432  0.973420
    307   1     14   1   0     4     9.445    3344.638     5243.7     5205.9    293.541   8.011   2.588   0.341  0.541551  0.548609  0.076418  0.973417
    308   1     11   0   8     4     9.445    3344.731        3.3        3.2      0.183   8.011   2.588   0.341  0.541566  0.548594  0.076414  0.973417
    309   1     10   0   9     4     9.449    3345.853    11572.7    11521.0    646.440   8.014   2.588   0.341  0.541748  0.548410  0.076369  0.973408
    310   1      6   2  11     8     9.464    3351.231     2818.6     2856.9    153.678   8.027   2.593   0.341  0.542619  0.547530  0.076156  0.973366
    311   1      2   7   4     8     9.474    3354.719    11261.4    11522.1    597.662   8.035   2.595   0.341  0.543184  0.546960  0.076019  0.973339
    312   1      7   5   7     8     9.475    3355.371    17260.1    17678.0    911.138   8.037   2.596   0.341  0.543289  0.546854  0.075993  0.973334
    313   1      9   4   7     8     9.478    3356.160      210.0      215.3     11.022   8.039   2.596   0.341  0.543417  0.546726  0.075962  0.973328
    314   1     11   4   4     8     9.490    3360.442      884.9      909.5     46.252   8.049   2.600   0.341  0.544110  0.546029  0.075795  0.973294
    315   1      3   5   9     8     9.493    3361.501    10984.8    11296.9    578.262   8.051   2.601   0.341  0.544282  0.545857  0.075754  0.973286
    316   1      5   6   6     8     9.493    3361.576    22140.3    22769.9   1166.191   8.052   2.601   0.341  0.544294  0.545845  0.075751  0.973285
    317   1      7   0  11     4     9.494    3361.934     2458.9     2529.1    129.905   8.052   2.601   0.341  0.544352  0.545787  0.075737  0.973282
    318   1      3   6   7     8     9.494    3361.947        1.4        1.4      0.072   8.053   2.601   0.341  0.544354  0.545785  0.075736  0.973282
    319   1      8   5   6     8     9.498    3363.492     5138.3     5290.3    276.324   8.056   2.602   0.341  0.544604  0.545534  0.075676  0.973270
    320   1      8   6   2     8     9.500    3363.939    16636.9    17132.3    900.100   8.057   2.602   0.341  0.544677  0.545461  0.075659  0.973267
    321   1     11   3   6     8     9.500    3363.958     7793.0     8025.2    421.734   8.057   2.602   0.341  0.544680  0.545458  0.075658  0.973267
    322   1     14   0   1     4     9.501    3364.409       60.9       62.7      3.315   8.058   2.603   0.341  0.544753  0.545385  0.075641  0.973263
    323   1      7   6   4     8     9.506    3366.252     4016.1     4140.5    225.664   8.063   2.604   0.341  0.545051  0.545087  0.075570  0.973249
    324   1      4   3  11     8     9.516    3369.678    15360.6    15853.3    921.665   8.071   2.607   0.341  0.545606  0.544532  0.075438  0.973222
    325   1      4   1  12     8     9.523    3372.223      328.8      339.3     20.703   8.077   2.609   0.341  0.546018  0.544121  0.075340  0.973202
    326   1     14   0   0     2     9.531    3374.927        8.9        9.1      0.584   8.084   2.611   0.341  0.546456  0.543685  0.075237  0.973181
    327   1      4   4  10     8     9.536    3376.680     2143.4     2207.2    145.006   8.088   2.612   0.341  0.546739  0.543403  0.075170  0.973167
    328   1     12   3   4     8     9.537    3377.237     3147.3     3240.0    214.530   8.089   2.613   0.341  0.546830  0.543314  0.075149  0.973163
    329   1      4   7   2     8     9.539    3378.037      495.6      510.0     34.132   8.091   2.613   0.341  0.546959  0.543185  0.075119  0.973157
    330   1      8   3   9     8     9.542    3379.117     1164.2     1197.5     81.258   8.094   2.614   0.341  0.547134  0.543011  0.075078  0.973148
    331   1     11   2   7     8     9.545    3380.042    10479.3    10773.5    739.299   8.096   2.615   0.341  0.547284  0.542863  0.075043  0.973141
    332   1      1   7   4     8     9.546    3380.378      539.1      554.2     38.170   8.097   2.615   0.341  0.547338  0.542809  0.075030  0.973138
    333   1      6   6   5     8     9.554    3383.064      602.5      619.7     43.772   8.103   2.617   0.341  0.547773  0.542378  0.074929  0.973117
    334   1      2   2  12     8     9.555    3383.464     7424.8     7637.9    541.290   8.104   2.618   0.341  0.547838  0.542314  0.074914  0.973114
    335   1      3   7   3     8     9.560    3385.511     8006.7     8243.2    591.827   8.109   2.619   0.341  0.548169  0.541986  0.074837  0.973098
    336   1      9   2   9     8     9.563    3386.308      478.0      492.4     35.463   8.111   2.620   0.341  0.548298  0.541858  0.074807  0.973092
    337   1      0   7   4     4     9.571    3389.063     2589.4     2668.7    192.849   8.117   2.622   0.341  0.548744  0.541418  0.074704  0.973071
    338   1     13   2   3     8     9.572    3389.568     3744.6     3860.0    278.525   8.119   2.622   0.341  0.548826  0.541337  0.074685  0.973067
    339   1     10   5   2     8     9.578    3391.777     4935.5     5089.4    361.978   8.124   2.624   0.341  0.549184  0.540985  0.074603  0.973049
    340   1      8   6   1     8     9.589    3395.780     5579.0     5740.1    381.772   8.134   2.627   0.341  0.549832  0.540347  0.074454  0.973018
    341   1     10   2   8     8     9.609    3402.656     3978.8     4044.6    221.393   8.150   2.632   0.341  0.550945  0.539255  0.074202  0.972965
    342   1      4   0  12     4     9.611    3403.274      684.6      695.1     37.491   8.151   2.633   0.341  0.551045  0.539157  0.074179  0.972960
    343   1      5   5   8     8     9.612    3403.679     1226.0     1243.4     66.527   8.152   2.633   0.341  0.551111  0.539093  0.074164  0.972957
    344   1      2   5   9     8     9.615    3404.861    12718.5    12872.7    673.873   8.155   2.634   0.341  0.551302  0.538906  0.074121  0.972947
    345   1      2   6   7     8     9.616    3405.325    20679.7    20915.6   1087.336   8.156   2.634   0.341  0.551378  0.538832  0.074104  0.972944
    346   1      6   4   9     8     9.617    3405.685    31336.6    31667.0   1639.844   8.157   2.635   0.341  0.551436  0.538775  0.074091  0.972941
    347   1      8   6   0     4     9.620    3406.595     4769.6     4814.4    246.899   8.159   2.635   0.341  0.551583  0.538631  0.074058  0.972934
    348   1     10   3   7     8     9.623    3407.800    10388.4    10469.9    532.921   8.162   2.636   0.341  0.551778  0.538441  0.074014  0.972924
    349   1     13   1   4     8     9.624    3408.085     4276.7     4309.3    219.035   8.163   2.637   0.341  0.551825  0.538396  0.074004  0.972922
    350   1      1   2  12     8     9.629    3409.793     2329.0     2344.4    118.638   8.167   2.638   0.341  0.552101  0.538126  0.073942  0.972909
    351   1      4   7   1     8     9.630    3410.283     1326.6     1335.1     67.506   8.168   2.638   0.341  0.552180  0.538049  0.073924  0.972905
    352   1     12   1   6     8     9.636    3412.096     1318.2     1326.4     66.910   8.173   2.640   0.341  0.552474  0.537763  0.073859  0.972891
    353   1      9   3   8     8     9.638    3413.031     2818.7     2836.6    142.887   8.175   2.640   0.341  0.552625  0.537616  0.073825  0.972884
    354   1      0   2  12     4     9.654    3418.707     8476.2     8492.9    416.284   8.188   2.645   0.341  0.553544  0.536723  0.073621  0.972839
    355   1      6   3  10     8     9.659    3420.292     1256.3     1255.6     61.023   8.192   2.646   0.341  0.553801  0.536474  0.073565  0.972827
    356   1      4   7   0     4     9.661    3421.239     7279.1     7263.3    352.058   8.195   2.647   0.341  0.553954  0.536326  0.073531  0.972820
    357   1     10   5   1     8     9.670    3424.422    12365.4    12283.5    594.357   8.202   2.649   0.341  0.554470  0.535827  0.073418  0.972795
    358   1      8   1  10     8     9.672    3425.027    50673.3    50294.6   2436.474   8.204   2.650   0.341  0.554568  0.535733  0.073397  0.972790
    359   1      9   5   4     8     9.685    3429.729     5989.1     5921.6    298.285   8.215   2.653   0.341  0.555329  0.534998  0.073231  0.972753
    360   1      2   7   3     8     9.686    3429.820      340.9      337.0     16.994   8.215   2.653   0.341  0.555344  0.534984  0.073228  0.972753

   No.  Code     H   K   L  Mult     Hw     2theta/TOF      Icalc       Iobs      Sigma    HwG     HwL     ETA     d-hkl  TOF_alpha  TOF_beta     CORR

    361   1      3   3  11     8     9.690    3431.315     2313.2     2285.9    117.584   8.219   2.655   0.341  0.555586  0.534751  0.073175  0.972741
    362   1      1   5   9     8     9.691    3431.698      186.5      184.2      9.528   8.220   2.655   0.341  0.555648  0.534691  0.073162  0.972738
    363   1      1   6   7     8     9.692    3432.172     5700.3     5631.2    293.235   8.221   2.655   0.341  0.555725  0.534617  0.073145  0.972734
    364   1      3   1  12     8     9.697    3434.002      577.7      571.2     30.652   8.225   2.657   0.341  0.556021  0.534332  0.073081  0.972720
    365   1     10   5   0     4     9.702    3435.514      162.7      161.0      8.897   8.229   2.658   0.341  0.556266  0.534097  0.073028  0.972708
    366   1     11   4   3     8     9.703    3435.936    23761.6    23517.7   1310.564   8.230   2.658   0.341  0.556334  0.534032  0.073014  0.972705
    367   1     12   2   5     8     9.707    3437.320    10019.2     9940.3    570.550   8.233   2.659   0.341  0.556558  0.533817  0.072965  0.972694
    368   1      3   4  10     8     9.711    3438.708      230.6      229.3     13.599   8.236   2.660   0.341  0.556783  0.533601  0.072917  0.972683
    369   1      3   7   2     8     9.715    3440.141     3604.5     3592.1    221.120   8.240   2.661   0.341  0.557015  0.533379  0.072867  0.972672
    370   1     13   0   4     4     9.715    3440.146     6296.5     6274.8    386.316   8.240   2.661   0.341  0.557016  0.533378  0.072867  0.972672
    371   1      0   5   9     4     9.717    3440.784      424.0      423.0     26.488   8.241   2.662   0.341  0.557119  0.533279  0.072845  0.972667
    372   1      4   6   6     8     9.717    3440.866     2262.5     2257.8    141.687   8.242   2.662   0.341  0.557132  0.533267  0.072842  0.972666
    373   1      0   6   7     4     9.718    3441.263     2659.4     2655.9    168.472   8.242   2.662   0.341  0.557196  0.533205  0.072829  0.972663
    374   1      7   6   3     8     9.720    3442.147     8507.8     8512.7    553.569   8.245   2.663   0.341  0.557340  0.533068  0.072798  0.972656
    375   1     12   0   6     4     9.726    3444.272     2164.6     2176.9    150.397   8.250   2.665   0.341  0.557684  0.532739  0.072725  0.972640
    376   1     13   2   2     8     9.727    3444.398    10946.7    11012.4    763.565   8.250   2.665   0.341  0.557704  0.532720  0.072720  0.972639
    377   1      6   1  11     8     9.729    3445.219     4598.2     4636.4    329.121   8.252   2.665   0.341  0.557837  0.532593  0.072692  0.972633
    378   1      5   2  11     8     9.737    3447.990      105.3      106.9      8.201   8.259   2.667   0.341  0.558286  0.532165  0.072597  0.972611
    379   1     10   4   5     8     9.738    3448.370      558.3      567.6     43.983   8.260   2.668   0.341  0.558347  0.532106  0.072584  0.972608
    380   1     12   3   3     8     9.754    3453.895      253.3      259.5     22.781   8.273   2.672   0.341  0.559242  0.531255  0.072396  0.972565
    381   1      1   7   3     8     9.763    3457.255      186.2      191.3     17.417   8.281   2.675   0.341  0.559786  0.530739  0.072282  0.972539
    382   1      8   0  10     4     9.764    3457.573      339.8      349.3     31.840   8.282   2.675   0.341  0.559837  0.530690  0.072271  0.972536
    383   1      7   2  10     8     9.783    3464.410      137.1      142.1     12.005   8.298   2.680   0.341  0.560944  0.529642  0.072042  0.972483
    384   1      0   7   3     4     9.789    3466.547     1578.1     1639.1    130.611   8.303   2.682   0.341  0.561290  0.529316  0.071970  0.972466
    385   1      3   0  12     4     9.790    3466.807     7764.6     8066.6    637.727   8.304   2.682   0.341  0.561333  0.529276  0.071962  0.972464
    386   1      6   5   7     8     9.802    3471.082    22284.3    23180.9   1597.612   8.314   2.685   0.341  0.562025  0.528624  0.071820  0.972431
    387   1      3   7   1     8     9.811    3474.217     7917.1     8219.0    515.383   8.321   2.688   0.341  0.562532  0.528147  0.071716  0.972406
    388   1     11   1   7     8     9.818    3476.544     7136.1     7372.5    437.936   8.327   2.690   0.341  0.562909  0.527794  0.071639  0.972388
    389   1      2   3  11     8     9.820    3477.471      913.3      941.4     54.968   8.329   2.690   0.341  0.563059  0.527653  0.071609  0.972381
    390   1      7   4   8     8     9.820    3477.486     4848.2     4997.5    291.721   8.329   2.690   0.341  0.563062  0.527651  0.071609  0.972381
    391   1      6   0  11     4     9.823    3478.349     1781.9     1833.3    105.592   8.331   2.691   0.341  0.563201  0.527520  0.071580  0.972374
    392   1     13   2   1     8     9.823    3478.602     6315.8     6494.0    372.761   8.332   2.691   0.341  0.563242  0.527482  0.071572  0.972372
    393   1      2   1  12     8     9.828    3480.268    12703.0    13011.3    734.474   8.336   2.692   0.341  0.563512  0.527229  0.071517  0.972359
    394   1      5   6   5     8     9.835    3482.689      377.5      384.8     21.578   8.342   2.694   0.341  0.563904  0.526863  0.071439  0.972340
    395   1      6   6   4     8     9.836    3483.132     4324.1     4404.1    247.248   8.343   2.695   0.341  0.563976  0.526796  0.071424  0.972337
    396   1      9   1   9     8     9.837    3483.364     8223.8     8373.1    470.386   8.343   2.695   0.341  0.564013  0.526761  0.071417  0.972335
    397   1      8   5   5     8     9.841    3484.820     1212.9     1232.5     69.787   8.347   2.696   0.341  0.564249  0.526540  0.071369  0.972324
    398   1      2   4  10     8     9.842    3485.168     8265.1     8395.3    476.580   8.348   2.696   0.341  0.564305  0.526488  0.071358  0.972321
    399   1     11   3   5     8     9.842    3485.338     3812.0     3871.4    220.063   8.348   2.696   0.341  0.564333  0.526462  0.071352  0.972320
    400   1      4   5   8     8     9.844    3486.059     6846.3     6948.8    397.434   8.350   2.697   0.341  0.564450  0.526353  0.071329  0.972314
    401   1      2   7   2     8     9.846    3486.660    24696.9    25046.2   1441.668   8.351   2.697   0.341  0.564547  0.526263  0.071310  0.972309
    402   1     13   1   3     8     9.847    3486.913     5480.9     5557.5    320.710   8.352   2.698   0.341  0.564588  0.526224  0.071301  0.972307
    403   1     11   4   2     8     9.864    3493.086      275.5      278.3     17.006   8.367   2.702   0.341  0.565588  0.525294  0.071102  0.972259
    404   1      7   5   6     8     9.881    3499.109       42.6       42.8      2.535   8.381   2.707   0.341  0.566563  0.524390  0.070910  0.972212
    405   1      7   6   2     8     9.883    3499.612     6494.1     6531.6    383.337   8.382   2.707   0.341  0.566644  0.524315  0.070894  0.972208
    406   1      9   4   6     8     9.884    3500.004      370.0      372.0     21.676   8.383   2.708   0.341  0.566708  0.524256  0.070882  0.972205
    407   1     10   1   8     8     9.887    3501.166      914.9      918.9     52.285   8.386   2.709   0.341  0.566896  0.524082  0.070845  0.972196
    408   1      1   3  11     8     9.901    3506.075     7185.1     7199.8    359.306   8.398   2.712   0.341  0.567691  0.523348  0.070690  0.972158
    409   1      3   6   6     8     9.902    3506.569       39.9       40.0      1.967   8.399   2.713   0.341  0.567771  0.523275  0.070674  0.972154
    410   1      5   4   9     8     9.905    3507.384    28577.5    28641.6   1377.348   8.401   2.713   0.341  0.567903  0.523153  0.070648  0.972148
    411   1      1   1  12     8     9.909    3508.942    10419.8    10446.2    482.544   8.405   2.715   0.341  0.568155  0.522921  0.070599  0.972136
    412   1      8   4   7     8     9.912    3510.068     7421.7     7443.0    335.043   8.407   2.716   0.341  0.568337  0.522753  0.070564  0.972127
    413   1      9   5   3     8     9.912    3510.103     6799.2     6818.8    306.703   8.407   2.716   0.341  0.568343  0.522748  0.070563  0.972127
    414   1     11   0   7     4     9.914    3510.596     6377.9     6396.3    284.665   8.409   2.716   0.341  0.568423  0.522674  0.070548  0.972123
    415   1     12   3   2     8     9.918    3511.960      893.4      896.0     38.877   8.412   2.717   0.341  0.568644  0.522471  0.070505  0.972112
    416   1      1   4  10     8     9.923    3513.964       95.6       95.8      4.039   8.417   2.719   0.341  0.568968  0.522173  0.070442  0.972097
    417   1      2   0  12     4     9.925    3514.431     4599.4     4607.2    193.195   8.418   2.719   0.341  0.569044  0.522104  0.070428  0.972093
    418   1      1   7   2     8     9.928    3515.493    21302.7    21327.2    885.788   8.420   2.720   0.341  0.569216  0.521946  0.070395  0.972084
    419   1      0   3  11     4     9.928    3515.768    14690.9    14703.0    609.332   8.421   2.720   0.341  0.569260  0.521905  0.070386  0.972082
    420   1      7   3   9     8     9.931    3516.711     1198.0     1197.2     49.387   8.423   2.721   0.341  0.569413  0.521766  0.070357  0.972075

   No.  Code     H   K   L  Mult     Hw     2theta/TOF      Icalc       Iobs      Sigma    HwG     HwL     ETA     d-hkl  TOF_alpha  TOF_beta     CORR

    421   1      9   0   9     4     9.934    3517.619      297.7      297.1     12.209   8.425   2.721   0.341  0.569560  0.521631  0.070329  0.972068
    422   1      0   1  12     4     9.936    3518.659     7410.4     7379.7    303.174   8.428   2.722   0.341  0.569728  0.521477  0.070297  0.972060
    423   1     13   0   3     4     9.944    3521.273     2319.8     2297.9     95.107   8.434   2.724   0.341  0.570151  0.521090  0.070216  0.972040
    424   1      2   7   1     8     9.946    3522.151    23004.8    22757.7    947.883   8.436   2.725   0.341  0.570294  0.520960  0.070189  0.972033
    425   1      5   3  10     8     9.950    3523.344     4066.2     4011.8    168.969   8.439   2.726   0.341  0.570487  0.520783  0.070152  0.972023
    426   1      0   4  10     4     9.951    3523.722    14821.8    14611.3    617.621   8.440   2.726   0.341  0.570548  0.520727  0.070141  0.972020
    427   1      0   7   2     4     9.955    3525.265     2666.7     2621.0    112.804   8.444   2.727   0.341  0.570798  0.520500  0.070093  0.972008
    428   1     11   2   6     8     9.960    3527.116    35322.2    34649.1   1527.251   8.448   2.729   0.341  0.571098  0.520226  0.070037  0.971994
    429   1     11   4   1     8     9.965    3528.776     5301.5     5199.9    234.424   8.452   2.730   0.341  0.571366  0.519982  0.069986  0.971981
    430   1      4   2  11     8     9.979    3533.712     3978.5     3923.2    189.039   8.464   2.734   0.341  0.572165  0.519255  0.069836  0.971943
    431   1      2   7   0     4     9.980    3534.225     3459.6     3415.9    165.749   8.465   2.734   0.341  0.572249  0.519180  0.069821  0.971939
    432   1      7   6   1     8     9.984    3535.504     1204.0     1191.6     58.758   8.468   2.735   0.341  0.572456  0.518992  0.069782  0.971929
    433   1     10   0   8     4     9.985    3535.953     2491.1     2469.4    122.457   8.469   2.736   0.341  0.572528  0.518926  0.069768  0.971925
    434   1     12   1   5     8     9.994    3538.963    34257.1    34201.9   1758.564   8.476   2.738   0.341  0.573016  0.518485  0.069678  0.971902
    435   1     12   2   4     8    10.004    3542.432      284.5      286.8     15.320   8.485   2.741   0.341  0.573577  0.517977  0.069574  0.971875
    436   1      1   0  12     4    10.008    3543.965     1430.4     1448.5     78.536   8.488   2.742   0.341  0.573826  0.517753  0.069528  0.971863
    437   1      8   2   9     8    10.010    3544.602     1158.5     1176.0     64.124   8.490   2.742   0.341  0.573929  0.517660  0.069509  0.971858
    438   1     13   1   2     8    10.016    3546.689     7844.3     8017.9    444.963   8.495   2.744   0.341  0.574267  0.517355  0.069447  0.971841
    439   1     12   3   1     8    10.020    3548.239      391.2      401.7     22.578   8.499   2.745   0.341  0.574518  0.517129  0.069401  0.971829
    440   1      5   1  11     8    10.027    3550.610    16429.2    16980.8    972.460   8.504   2.747   0.341  0.574902  0.516784  0.069330  0.971811
    441   1      1   7   1     8    10.030    3551.882     1952.5     2024.2    117.080   8.507   2.748   0.341  0.575108  0.516599  0.069293  0.971801
    442   1      0   0  12     2    10.036    3553.976     5283.7     5500.1    323.083   8.512   2.749   0.341  0.575447  0.516295  0.069231  0.971785
    443   1      3   5   8     8    10.038    3554.437     5914.8     6161.8    363.049   8.514   2.750   0.341  0.575521  0.516228  0.069218  0.971781
    444   1     10   4   4     8    10.038    3554.531     7554.9     7871.5    464.066   8.514   2.750   0.341  0.575537  0.516214  0.069215  0.971780
    445   1      2   6   6     8    10.042    3555.874     3762.1     3927.5    233.438   8.517   2.751   0.341  0.575754  0.516019  0.069175  0.971770
    446   1     10   3   6     8    10.050    3558.693     2950.0     3087.8    185.350   8.524   2.753   0.341  0.576210  0.515610  0.069093  0.971748
    447   1     12   3   0     4    10.055    3560.583     2071.6     2170.9    130.236   8.528   2.755   0.341  0.576516  0.515337  0.069038  0.971733
    448   1      0   7   1     4    10.059    3561.960        6.2        6.5      0.386   8.532   2.756   0.341  0.576739  0.515137  0.068997  0.971722
    449   1      6   6   3     8    10.074    3567.413     4273.1     4480.7    253.614   8.545   2.760   0.341  0.577622  0.514350  0.068839  0.971680
    450   1      7   1  10     8    10.077    3568.549     3806.2     3987.9    222.594   8.547   2.761   0.341  0.577806  0.514186  0.068807  0.971671
    451   1      4   6   5     8    10.085    3571.093    32956.7    34490.4   1863.143   8.553   2.763   0.341  0.578218  0.513820  0.068733  0.971651
    452   1      9   5   2     8    10.085    3571.101     6838.6     7156.8    386.563   8.553   2.763   0.341  0.578219  0.513819  0.068733  0.971651
    453   1      0   7   0     2    10.094    3574.449       26.9       28.1      1.460   8.561   2.765   0.341  0.578762  0.513337  0.068637  0.971625
    454   1     12   0   5     4    10.095    3574.901     6256.0     6522.3    337.823   8.563   2.766   0.341  0.578835  0.513273  0.068624  0.971622
    455   1      8   3   8     8    10.096    3575.283      572.4      596.5     30.769   8.563   2.766   0.341  0.578897  0.513218  0.068613  0.971619
    456   1     10   2   7     8    10.103    3577.751     5948.0     6176.8    311.099   8.569   2.768   0.341  0.579296  0.512864  0.068543  0.971599
    457   1      5   5   7     8    10.107    3578.940    10444.6    10822.9    539.748   8.572   2.769   0.341  0.579489  0.512693  0.068509  0.971590
    458   1     13   0   2     4    10.118    3582.866     6770.3     6959.2    338.362   8.582   2.772   0.341  0.580124  0.512132  0.068398  0.971560
    459   1      9   2   8     8    10.120    3583.805    13576.8    13919.2    675.365   8.584   2.773   0.341  0.580276  0.511997  0.068371  0.971552
    460   1     13   1   1     8    10.121    3584.065     3367.5     3450.5    167.286   8.585   2.773   0.341  0.580319  0.511960  0.068364  0.971550
    461   1      1   6   6     8    10.128    3586.474    18790.6    19142.2    927.827   8.590   2.775   0.341  0.580709  0.511616  0.068296  0.971531
    462   1      5   0  11     4    10.129    3586.909       65.3       66.5      3.224   8.591   2.775   0.341  0.580779  0.511554  0.068284  0.971528
    463   1      9   3   7     8    10.137    3589.817    38361.1    38763.5   1910.163   8.598   2.777   0.341  0.581250  0.511140  0.068202  0.971505
    464   1      5   6   4     8    10.144    3592.154      305.1      307.0     15.399   8.604   2.779   0.341  0.581628  0.510807  0.068137  0.971487
    465   1      6   2  10     8    10.144    3592.214     4107.3     4131.8    207.352   8.604   2.779   0.341  0.581638  0.510799  0.068135  0.971487
    466   1      8   5   4     8    10.151    3594.492      249.3      250.0     12.781   8.610   2.781   0.341  0.582007  0.510475  0.068072  0.971469
    467   1     11   3   4     8    10.152    3595.059     7402.4     7418.9    381.306   8.611   2.781   0.341  0.582099  0.510395  0.068056  0.971465
    468   1      0   6   6     4    10.157    3596.851     4064.1     4063.8    211.873   8.615   2.783   0.341  0.582389  0.510140  0.068007  0.971451
    469   1      4   4   9     8    10.160    3597.730     4150.6     4145.0    217.488   8.617   2.783   0.341  0.582531  0.510016  0.067982  0.971444
    470   1      3   2  11     8    10.180    3604.991    31346.1    31147.9   1723.474   8.635   2.789   0.341  0.583707  0.508988  0.067782  0.971387
    471   1      7   0  10     4    10.181    3605.406       82.8       82.3      4.571   8.636   2.789   0.341  0.583774  0.508930  0.067771  0.971384
    472   1      2   5   8     8    10.183    3605.819     2822.4     2807.1    156.394   8.637   2.790   0.341  0.583841  0.508872  0.067760  0.971381
    473   1      6   4   8     8    10.185    3606.798    14107.2    14033.5    788.805   8.639   2.790   0.341  0.583999  0.508733  0.067733  0.971373
    474   1      9   5   1     8    10.192    3609.262     5118.1     5100.5    294.270   8.645   2.792   0.341  0.584398  0.508386  0.067666  0.971354
    475   1      4   3  10     8    10.208    3614.962    31251.5    31352.8   1935.101   8.659   2.797   0.341  0.585321  0.507585  0.067511  0.971310
    476   1     13   0   1     4    10.227    3621.410     3941.5     3960.6    260.358   8.674   2.802   0.341  0.586365  0.506681  0.067337  0.971259
    477   1      6   5   6     8    10.254    3630.941     5469.3     5640.7    365.202   8.697   2.809   0.341  0.587909  0.505351  0.067084  0.971185
    478   1     12   2   3     8    10.254    3631.203    19861.8    20505.6   1326.083   8.697   2.809   0.341  0.587951  0.505314  0.067077  0.971183
    479   1      6   6   2     8    10.255    3631.503    11881.9    12281.8    793.242   8.698   2.809   0.341  0.588000  0.505273  0.067069  0.971181
    480   1      7   5   5     8    10.269    3636.331     5256.8     5540.1    355.890   8.710   2.813   0.341  0.588781  0.504602  0.066942  0.971143

   No.  Code     H   K   L  Mult     Hw     2theta/TOF      Icalc       Iobs      Sigma    HwG     HwL     ETA     d-hkl  TOF_alpha  TOF_beta     CORR

    481   1     11   1   6     8    10.271    3637.195    12200.0    12891.3    829.679   8.712   2.814   0.341  0.588921  0.504482  0.066919  0.971137
    482   1      9   4   5     8    10.272    3637.335      680.1      718.9     46.288   8.712   2.814   0.341  0.588944  0.504462  0.066915  0.971135
    483   1      1   5   8     8    10.273    3637.738      187.4      198.3     12.786   8.713   2.814   0.341  0.589009  0.504407  0.066905  0.971132
    484   1     10   4   3     8    10.291    3644.239      534.6      575.4     39.058   8.729   2.819   0.341  0.590062  0.503507  0.066735  0.971082
    485   1      4   1  11     8    10.292    3644.429    24005.1    25841.8   1758.635   8.729   2.819   0.341  0.590092  0.503480  0.066730  0.971080
    486   1      3   6   5     8    10.292    3644.705      723.1      778.8     53.198   8.730   2.820   0.341  0.590137  0.503442  0.066723  0.971078
    487   1      0   5   8     4    10.303    3648.568    19674.6    21318.7   1551.749   8.739   2.823   0.341  0.590763  0.502909  0.066623  0.971048
    488   1      6   3   9     8    10.309    3650.619     5926.6     6442.7    487.632   8.744   2.824   0.341  0.591095  0.502627  0.066570  0.971032
    489   1     12   1   4     8    10.319    3653.998     4822.0     5279.7    425.467   8.752   2.827   0.341  0.591642  0.502162  0.066484  0.971006
    490   1      8   1   9     8    10.325    3656.378     1700.8     1872.2    156.767   8.758   2.829   0.341  0.592027  0.501835  0.066423  0.970987
    491   1      2   2  11     8    10.332    3658.630      590.5      652.9     56.217   8.763   2.830   0.341  0.592392  0.501526  0.066365  0.970970
    492   1      7   4   7     8    10.350    3665.045     3155.9     3514.8    306.056   8.778   2.835   0.341  0.593430  0.500648  0.066203  0.970920
    493   1     11   2   5     8    10.358    3667.793      506.3      563.5     47.484   8.785   2.838   0.341  0.593876  0.500273  0.066134  0.970898
    494   1      6   6   1     8    10.369    3671.656     6128.4     6794.6    525.913   8.794   2.841   0.341  0.594501  0.499747  0.066037  0.970868
    495   1      3   4   9     8    10.372    3673.038        0.9        1.0      0.071   8.798   2.842   0.341  0.594725  0.499559  0.066002  0.970858
    496   1      4   5   7     8    10.378    3675.084     1106.7     1220.0     85.224   8.803   2.843   0.341  0.595056  0.499281  0.065951  0.970842
    497   1      8   4   6     8    10.380    3675.637     1021.2     1125.0     77.144   8.804   2.844   0.341  0.595145  0.499206  0.065938  0.970837
    498   1     11   0   6     4    10.382    3676.244    22098.4    24328.2   1634.435   8.805   2.844   0.341  0.595244  0.499123  0.065922  0.970833
    499   1      4   0  11     4    10.403    3683.714     2467.9     2663.3    149.101   8.823   2.850   0.341  0.596453  0.498111  0.065738  0.970775
    500   1      5   6   3     8    10.406    3684.815    30626.9    32902.4   1828.231   8.826   2.851   0.341  0.596632  0.497962  0.065711  0.970766
    501   1      6   6   0     4    10.407    3685.339    24589.1    26371.5   1460.786   8.827   2.851   0.341  0.596716  0.497891  0.065698  0.970762
    502   1      8   5   3     8    10.413    3687.338    13079.7    13930.3    772.320   8.832   2.853   0.341  0.597040  0.497621  0.065649  0.970746
    503   1     11   3   3     8    10.415    3687.952      604.0      641.6     35.745   8.833   2.853   0.341  0.597139  0.497539  0.065634  0.970742
    504   1      4   6   4     8    10.419    3689.396       32.7       34.6      1.952   8.837   2.854   0.341  0.597373  0.497344  0.065599  0.970730
    505   1      3   3  10     8    10.424    3691.380     4022.7     4230.5    244.475   8.842   2.856   0.341  0.597695  0.497077  0.065550  0.970715
    506   1      1   2  11     8    10.426    3691.985     1072.0     1125.4     65.605   8.843   2.856   0.341  0.597793  0.496995  0.065535  0.970710
    507   1     10   1   7     8    10.428    3692.797    16096.6    16860.4    995.307   8.845   2.857   0.341  0.597924  0.496886  0.065516  0.970704
    508   1     12   0   4     4    10.431    3693.596      189.6      198.1     11.874   8.847   2.857   0.341  0.598053  0.496778  0.065496  0.970698
    509   1      8   0   9     4    10.437    3696.055      720.5      747.4     47.036   8.853   2.859   0.341  0.598451  0.496448  0.065437  0.970679
    510   1     12   2   2     8    10.445    3698.859     1036.3     1064.0     71.599   8.859   2.862   0.341  0.598906  0.496072  0.065369  0.970657
    511   1      9   1   8     8    10.447    3699.454     4499.6     4610.9    314.817   8.861   2.862   0.341  0.599002  0.495992  0.065355  0.970652
    512   1      2   6   5     8    10.449    3700.164    20952.2    21419.6   1488.591   8.863   2.863   0.341  0.599117  0.495897  0.065338  0.970646
    513   1      0   2  11     4    10.458    3703.308      616.9      624.1     47.169   8.870   2.865   0.341  0.599626  0.495476  0.065262  0.970622
    514   1     10   3   5     8    10.458    3703.340     6674.0     6750.4    510.658   8.870   2.865   0.341  0.599631  0.495471  0.065261  0.970622
    515   1      7   2   9     8    10.461    3704.410     9144.5     9218.4    717.912   8.873   2.866   0.341  0.599804  0.495328  0.065236  0.970614
    516   1      6   1  10     8    10.473    3708.707     1965.0     1953.9    170.338   8.883   2.869   0.341  0.600500  0.494754  0.065133  0.970580
    517   1      5   2  10     8    10.483    3712.165       80.6       79.4      7.470   8.891   2.872   0.341  0.601060  0.494293  0.065051  0.970553
    518   1     10   4   2     8    10.484    3712.640     4359.5     4294.0    407.384   8.892   2.872   0.341  0.601137  0.494230  0.065040  0.970550
    519   1      3   1  11     8    10.513    3722.773     3673.9     3641.9    358.794   8.917   2.880   0.341  0.602778  0.492885  0.064802  0.970471
    520   1      5   4   8     8    10.528    3728.265      297.9      298.4     27.400   8.930   2.884   0.341  0.603667  0.492159  0.064674  0.970428
    521   1      2   4   9     8    10.533    3729.820    27103.3    27208.3   2440.247   8.934   2.886   0.341  0.603919  0.491954  0.064638  0.970416
    522   1     10   0   7     4    10.544    3733.685     3755.5     3781.2    318.344   8.943   2.889   0.341  0.604544  0.491444  0.064549  0.970386
    523   1      1   6   5     8    10.547    3734.679      640.4      644.9     53.282   8.945   2.889   0.341  0.604705  0.491314  0.064526  0.970378
    524   1      7   3   8     8    10.560    3739.474      568.1      572.7     41.624   8.957   2.893   0.341  0.605482  0.490684  0.064417  0.970341
    525   1      9   0   8     4    10.563    3740.566     8567.9     8643.5    603.073   8.959   2.894   0.341  0.605659  0.490540  0.064392  0.970332
    526   1     12   2   1     8    10.565    3741.315     2113.3     2133.0    144.281   8.961   2.894   0.341  0.605780  0.490442  0.064375  0.970327
    527   1      0   6   5     4    10.580    3746.401     2104.4     2130.8    109.844   8.973   2.898   0.341  0.606603  0.489776  0.064259  0.970287
    528   1      2   3  10     8    10.587    3749.031    19038.5    19270.3    839.341   8.980   2.900   0.341  0.607029  0.489433  0.064200  0.970267
    529   1      6   0  10     4    10.590    3750.131     2541.9     2570.9    104.301   8.982   2.901   0.341  0.607207  0.489289  0.064175  0.970258
    530   1     12   1   3     8    10.594    3751.660      402.4      406.4     15.017   8.986   2.902   0.341  0.607455  0.489090  0.064141  0.970246
    531   1     10   2   6     8    10.600    3753.576     1356.6     1367.0     45.578   8.991   2.904   0.341  0.607765  0.488840  0.064098  0.970231
    532   1      5   5   6     8    10.604    3754.949    10061.3    10121.5    318.009   8.994   2.905   0.341  0.607987  0.488661  0.064067  0.970221
    533   1      3   5   7     8    10.605    3755.466    57336.0    57642.0   1776.139   8.995   2.905   0.341  0.608071  0.488594  0.064056  0.970216
    534   1      5   6   2     8    10.606    3755.571     1015.3     1020.6     31.331   8.995   2.905   0.341  0.608088  0.488580  0.064053  0.970216
    535   1     10   4   1     8    10.606    3755.577     4081.9     4103.1    125.931   8.995   2.905   0.341  0.608089  0.488580  0.064053  0.970216
    536   1     12   2   0     4    10.606    3755.795    46062.5    46290.0   1410.099   8.996   2.906   0.341  0.608124  0.488551  0.064048  0.970214
    537   1      8   5   2     8    10.613    3758.244    11529.0    11561.9    332.126   9.002   2.908   0.341  0.608521  0.488233  0.063994  0.970195
    538   1     11   3   2     8    10.615    3758.892    46742.9    46852.4   1332.452   9.003   2.908   0.341  0.608626  0.488149  0.063979  0.970190
    539   1      7   5   4     8    10.622    3761.469      900.2      901.1     25.204   9.009   2.910   0.341  0.609043  0.487814  0.063922  0.970170
    540   1      9   4   4     8    10.625    3762.580    24850.4    24876.2    697.555   9.012   2.911   0.341  0.609223  0.487670  0.063897  0.970161

   No.  Code     H   K   L  Mult     Hw     2theta/TOF      Icalc       Iobs      Sigma    HwG     HwL     ETA     d-hkl  TOF_alpha  TOF_beta     CORR

    541   1      3   0  11     4    10.631    3764.675    19873.5    19898.5    565.280   9.017   2.912   0.341  0.609562  0.487399  0.063851  0.970145
    542   1      1   4   9     8    10.633    3765.180    25358.6    25394.6    724.324   9.018   2.913   0.341  0.609644  0.487334  0.063840  0.970141
    543   1      9   3   6     8    10.639    3767.517     6231.6     6251.7    183.242   9.024   2.915   0.341  0.610022  0.487031  0.063789  0.970123
    544   1     10   4   0     4    10.647    3770.223    14923.1    15005.0    459.827   9.030   2.917   0.341  0.610461  0.486682  0.063729  0.970102
    545   1      3   6   4     8    10.648    3770.740    35792.3    36001.6   1112.624   9.032   2.917   0.341  0.610544  0.486615  0.063718  0.970098
    546   1      8   2   8     8    10.655    3773.060    25115.9    25309.6    816.582   9.037   2.919   0.341  0.610920  0.486316  0.063667  0.970080
    547   1      5   3   9     8    10.665    3776.726     4281.2     4324.9    150.423   9.046   2.922   0.341  0.611513  0.485844  0.063587  0.970051
    548   1      0   4   9     4    10.667    3777.192     7689.9     7768.4    273.276   9.047   2.922   0.341  0.611589  0.485784  0.063577  0.970048
    549   1      8   3   7     8    10.675    3780.078    13350.7    13515.0    504.751   9.054   2.924   0.341  0.612056  0.485413  0.063515  0.970025
    550   1      2   1  11     8    10.680    3781.930     1450.9     1470.5     57.106   9.058   2.926   0.341  0.612356  0.485175  0.063475  0.970011
    551   1      1   3  10     8    10.688    3784.946     5711.5     5800.0    239.777   9.066   2.928   0.341  0.612844  0.484789  0.063410  0.969987
    552   1      6   5   5     8    10.689    3784.969    22684.6    23036.2    952.782   9.066   2.928   0.341  0.612848  0.484786  0.063409  0.969987
    553   1      4   6   3     8    10.703    3790.003     8481.5     8617.7    394.209   9.078   2.932   0.341  0.613663  0.484142  0.063302  0.969948
    554   1      9   2   7     8    10.703    3790.153      328.1      333.4     15.295   9.078   2.932   0.341  0.613688  0.484123  0.063298  0.969947
    555   1     11   1   5     8    10.709    3792.055     6131.3     6231.6    296.199   9.083   2.934   0.341  0.613995  0.483880  0.063258  0.969932
    556   1     12   0   3     4    10.716    3794.557    12683.8    12883.0    640.564   9.089   2.936   0.341  0.614401  0.483561  0.063205  0.969913
    557   1     11   2   4     8    10.721    3796.324     1673.8     1699.8     87.012   9.093   2.937   0.341  0.614687  0.483336  0.063167  0.969899
    558   1      0   3  10     4    10.723    3797.148     1502.2     1525.7     79.081   9.095   2.938   0.341  0.614820  0.483231  0.063150  0.969893
    559   1      5   6   1     8    10.731    3800.033     4576.6     4648.4    250.686   9.102   2.940   0.341  0.615287  0.482864  0.063089  0.969870
    560   1      8   5   1     8    10.739    3802.802     6293.9     6392.3    354.855   9.108   2.942   0.341  0.615736  0.482512  0.063031  0.969849
    561   1     11   3   1     8    10.741    3803.474    14920.0    15154.3    845.667   9.110   2.943   0.341  0.615844  0.482427  0.063017  0.969843
    562   1      2   5   7     8    10.777    3816.221     1136.5     1150.2     60.433   9.141   2.952   0.341  0.617908  0.480816  0.062752  0.969744
    563   1      6   4   7     8    10.780    3817.382     1448.2     1464.1     75.432   9.143   2.953   0.341  0.618096  0.480669  0.062728  0.969735
    564   1      8   5   0     4    10.782    3818.010    33756.1    34113.0   1736.904   9.145   2.954   0.341  0.618198  0.480590  0.062715  0.969730
    565   1      1   1  11     8    10.784    3818.808    11261.9    11375.6    570.008   9.147   2.954   0.341  0.618327  0.480490  0.062698  0.969724
    566   1      4   2  10     8    10.787    3819.782     4058.7     4097.1    201.140   9.149   2.955   0.341  0.618485  0.480367  0.062678  0.969717
    567   1      2   0  11     4    10.804    3825.887      396.9      399.2     16.639   9.164   2.960   0.341  0.619473  0.479601  0.062554  0.969669
    568   1     12   1   2     8    10.806    3826.417     1404.7     1411.9     57.923   9.165   2.960   0.341  0.619559  0.479534  0.062543  0.969665
    569   1      0   1  11     4    10.819    3831.343    23629.5    23580.7    856.457   9.177   2.964   0.341  0.620357  0.478918  0.062443  0.969627
    570   1      2   6   4     8    10.822    3832.253    21844.1    21771.1    779.805   9.179   2.965   0.341  0.620504  0.478804  0.062425  0.969620
    571   1      7   1   9     8    10.823    3832.562     1820.1     1813.4     64.803   9.180   2.965   0.341  0.620554  0.478766  0.062418  0.969617
    572   1      8   4   5     8    10.832    3835.679   102500.2   101886.5   3596.738   9.187   2.967   0.341  0.621059  0.478376  0.062356  0.969593
    573   1     10   3   4     8    10.832    3835.782    38228.0    37998.1   1341.703   9.187   2.967   0.341  0.621076  0.478364  0.062354  0.969592
    574   1     11   0   5     4    10.834    3836.369      334.1      332.4     11.775   9.189   2.968   0.341  0.621171  0.478290  0.062342  0.969588
    575   1      4   4   8     8    10.836    3837.331     7594.5     7556.6    269.255   9.191   2.969   0.341  0.621326  0.478171  0.062323  0.969580
    576   1      5   1  10     8    10.847    3841.153     6529.9     6521.7    243.189   9.200   2.972   0.341  0.621945  0.477695  0.062246  0.969551
    577   1      1   5   7     8    10.884    3854.121    23874.7    24207.5   1051.545   9.231   2.982   0.341  0.624045  0.476087  0.061989  0.969450
    578   1      7   4   6     8    10.886    3854.758    10463.0    10609.6    463.585   9.233   2.982   0.341  0.624148  0.476009  0.061977  0.969445
    579   1      6   2   9     8    10.906    3861.924    62532.1    63506.2   3086.660   9.250   2.988   0.341  0.625308  0.475125  0.061837  0.969389
    580   1      1   0  11     4    10.912    3864.078      684.6      695.7     35.394   9.255   2.989   0.341  0.625657  0.474861  0.061795  0.969373
    581   1      4   5   6     8    10.919    3866.444     5803.9     5909.0    317.750   9.261   2.991   0.341  0.626040  0.474570  0.061750  0.969354
    582   1      0   5   7     4    10.920    3867.008     4007.4     4085.4    222.776   9.262   2.992   0.341  0.626132  0.474501  0.061739  0.969350
    583   1      4   6   2     8    10.921    3867.123    11708.9    11938.3    652.814   9.263   2.992   0.341  0.626150  0.474487  0.061736  0.969349
    584   1      7   5   3     8    10.924    3868.262     3353.3     3422.7    192.483   9.265   2.993   0.341  0.626335  0.474347  0.061715  0.969340
    585   1      9   4   3     8    10.927    3869.471     6236.7     6376.8    369.867   9.268   2.994   0.341  0.626530  0.474199  0.061691  0.969331
    586   1      1   6   4     8    10.930    3870.638      850.2      870.5     51.993   9.271   2.994   0.341  0.626719  0.474056  0.061669  0.969322
    587   1     12   0   2     4    10.934    3871.961      685.1      702.4     43.423   9.274   2.995   0.341  0.626934  0.473894  0.061643  0.969311
    588   1     12   1   1     8    10.938    3873.474      645.2      662.1     42.567   9.278   2.997   0.341  0.627179  0.473709  0.061614  0.969300
    589   1      0   0  11     2    10.949    3877.065      386.6      398.1     27.902   9.286   2.999   0.341  0.627760  0.473270  0.061546  0.969272
    590   1      7   0   9     4    10.952    3878.330     5823.9     6004.8    432.774   9.289   3.000   0.341  0.627965  0.473116  0.061522  0.969262
    591   1      3   6   3     8    10.952    3878.348     3393.5     3498.9    252.276   9.289   3.000   0.341  0.627968  0.473113  0.061521  0.969262
    592   1      0   6   4     4    10.967    3883.691     1016.7     1049.2     83.885   9.302   3.005   0.341  0.628833  0.472463  0.061420  0.969220
    593   1     10   1   6     8    10.977    3887.086     4847.4     4989.2    417.724   9.310   3.007   0.341  0.629383  0.472050  0.061356  0.969194
    594   1      5   0  10     4    10.977    3887.231       48.8       50.2      4.207   9.311   3.007   0.341  0.629406  0.472032  0.061354  0.969193
    595   1     12   1   0     4    10.984    3889.550     3221.9     3306.7    282.153   9.316   3.009   0.341  0.629782  0.471751  0.061310  0.969175
    596   1      4   3   9     8    10.986    3890.232      135.0      138.5     11.844   9.318   3.010   0.341  0.629892  0.471668  0.061297  0.969169
    597   1      6   3   8     8    11.018    3901.703     9057.4     9271.2    694.596   9.345   3.018   0.341  0.631749  0.470281  0.061084  0.969080
    598   1     11   2   3     8    11.031    3906.202    48076.9    49268.7   3381.736   9.356   3.022   0.341  0.632478  0.469740  0.061001  0.969045
    599   1      8   1   8     8    11.038    3908.736      977.1      999.8     65.437   9.362   3.024   0.341  0.632888  0.469435  0.060955  0.969026
    600   1      3   2  10     8    11.042    3910.277      429.2      438.5     27.822   9.366   3.025   0.341  0.633138  0.469250  0.060927  0.969014

   No.  Code     H   K   L  Mult     Hw     2theta/TOF      Icalc       Iobs      Sigma    HwG     HwL     ETA     d-hkl  TOF_alpha  TOF_beta     CORR

    601   1      4   6   1     8    11.058    3915.718     6458.9     6546.7    356.946   9.379   3.029   0.341  0.634019  0.468598  0.060828  0.968972
    602   1     12   0   1     4    11.072    3920.741     1397.6     1411.4     61.963   9.391   3.033   0.341  0.634832  0.467998  0.060737  0.968933
    603   1     10   2   5     8    11.083    3924.502     1044.6     1055.4     39.102   9.400   3.036   0.341  0.635441  0.467549  0.060669  0.968903
    604   1      5   5   5     8    11.087    3926.071     7552.4     7636.3    267.145   9.404   3.037   0.341  0.635695  0.467362  0.060641  0.968891
    605   1      6   5   4     8    11.089    3926.706    53485.9    54095.4   1855.087   9.405   3.038   0.341  0.635798  0.467287  0.060630  0.968886
    606   1      9   1   7     8    11.092    3927.750    62392.0    63140.1   2106.106   9.408   3.039   0.341  0.635967  0.467163  0.060611  0.968878
    607   1      3   4   8     8    11.096    3929.109    29509.2    29882.8    969.072   9.411   3.040   0.341  0.636187  0.467001  0.060587  0.968868
    608   1      4   6   0     4    11.105    3932.328    31789.3    32238.8   1012.063   9.419   3.042   0.341  0.636708  0.466619  0.060530  0.968843
    609   1     11   1   4     8    11.111    3934.620    11732.1    11921.2    372.085   9.424   3.044   0.341  0.637079  0.466347  0.060489  0.968825
    610   1     10   0   6     4    11.112    3934.859      881.1      895.5     27.945   9.425   3.044   0.341  0.637118  0.466319  0.060485  0.968823
    611   1     12   0   0     2    11.119    3937.415    29796.8    30335.6    949.120   9.431   3.046   0.341  0.637532  0.466016  0.060440  0.968803
    612   1      9   3   5     8    11.128    3940.444     8522.9     8695.9    272.506   9.438   3.048   0.341  0.638022  0.465658  0.060387  0.968780
    613   1      2   6   3     8    11.142    3945.374     6781.2     6933.5    215.295   9.450   3.052   0.341  0.638820  0.465076  0.060300  0.968741
    614   1     10   3   3     8    11.152    3949.225    19685.1    20104.5    614.324   9.459   3.055   0.341  0.639444  0.464622  0.060233  0.968712
    615   1      7   5   2     8    11.156    3950.365    24879.0    25386.4    771.547   9.462   3.056   0.341  0.639628  0.464488  0.060213  0.968703
    616   1      9   4   2     8    11.159    3951.652    25562.2    26062.9    788.382   9.465   3.057   0.341  0.639837  0.464337  0.060191  0.968693
    617   1      8   0   8     4    11.175    3957.322    16256.7    16508.4    497.046   9.479   3.062   0.341  0.640755  0.463672  0.060093  0.968649
    618   1      3   5   6     8    11.184    3960.378    15683.5    15914.8    485.369   9.486   3.064   0.341  0.641250  0.463314  0.060041  0.968625
    619   1      4   1  10     8    11.185    3960.754    51083.0    51836.1   1584.378   9.487   3.064   0.341  0.641311  0.463270  0.060034  0.968622
    620   1      3   6   2     8    11.186    3961.108    33349.3    33836.1   1037.796   9.488   3.064   0.341  0.641368  0.463229  0.060028  0.968619
    621   1      5   4   7     8    11.189    3962.282    19714.5    20005.8    618.652   9.490   3.065   0.341  0.641558  0.463091  0.060008  0.968610
    622   1      7   2   8     8    11.204    3967.582    10130.8    10296.5    334.338   9.503   3.069   0.341  0.642416  0.462473  0.059918  0.968569
    623   1      7   3   7     8    11.227    3975.745    43663.3    44657.7   1545.630   9.523   3.076   0.341  0.643738  0.461523  0.059780  0.968506
    624   1      9   0   7     4    11.231    3977.057      196.5      201.1      7.026   9.526   3.077   0.341  0.643950  0.461371  0.059758  0.968496
    625   1      2   2  10     8    11.236    3979.002    17564.8    17992.3    637.128   9.530   3.078   0.341  0.644265  0.461146  0.059726  0.968481
    626   1      8   4   4     8    11.249    3983.417     1758.7     1804.3     66.003   9.541   3.082   0.341  0.644980  0.460634  0.059652  0.968446
    627   1     11   0   4     4    11.251    3984.189     1062.7     1090.6     40.117   9.543   3.082   0.341  0.645105  0.460545  0.059639  0.968440
    628   1      3   3   9     8    11.256    3985.953    26850.1    27561.9   1029.217   9.547   3.084   0.341  0.645391  0.460341  0.059610  0.968427
    629   1      1   6   3     8    11.260    3987.297    33129.0    34000.7   1285.416   9.550   3.085   0.341  0.645608  0.460186  0.059588  0.968416
    630   1      8   3   6     8    11.265    3989.275    13100.9    13437.2    516.886   9.555   3.086   0.341  0.645929  0.459958  0.059555  0.968401
    631   1     11   2   2     8    11.270    3990.798      486.7      498.8     19.412   9.559   3.087   0.341  0.646175  0.459782  0.059530  0.968389
    632   1      2   4   8     8    11.293    3998.849      193.8      195.3      7.977   9.578   3.094   0.341  0.647479  0.458857  0.059398  0.968327
    633   1      9   2   6     8    11.299    4001.123      839.1      840.3     34.574   9.583   3.095   0.341  0.647847  0.458596  0.059361  0.968309
    634   1      0   6   3     4    11.300    4001.571    29510.6    29510.3   1215.471   9.585   3.096   0.341  0.647920  0.458545  0.059353  0.968305
    635   1      7   5   1     8    11.302    4002.208      110.4      110.1      4.543   9.586   3.096   0.341  0.648023  0.458472  0.059343  0.968301
    636   1      9   4   1     8    11.306    4003.547    17673.1    17555.5    727.806   9.589   3.097   0.341  0.648239  0.458318  0.059321  0.968290
    637   1      6   1   9     8    11.318    4007.794     9624.2     9448.6    400.761   9.599   3.101   0.341  0.648927  0.457833  0.059253  0.968257
    638   1      4   0  10     4    11.328    4011.330     2600.9     2538.4    111.656   9.608   3.103   0.341  0.649500  0.457429  0.059196  0.968230
    639   1      5   2   9     8    11.330    4012.159    59143.5    57670.0   2564.200   9.610   3.104   0.341  0.649634  0.457334  0.059182  0.968223
    640   1      3   6   1     8    11.334    4013.382    29085.8    28344.0   1282.444   9.613   3.105   0.341  0.649832  0.457195  0.059163  0.968214
    641   1      8   2   7     8    11.341    4016.178    15091.1    14697.3    694.833   9.620   3.107   0.341  0.650285  0.456877  0.059118  0.968192
    642   1      1   2  10     8    11.358    4022.018      173.4      168.7      8.737   9.634   3.112   0.341  0.651230  0.456214  0.059025  0.968147
    643   1      2   5   6     8    11.386    4031.827     1236.3     1203.7     65.137   9.657   3.119   0.341  0.652819  0.455103  0.058870  0.968071
    644   1      2   6   2     8    11.388    4032.597     1436.0     1398.6     75.365   9.659   3.120   0.341  0.652943  0.455017  0.058858  0.968065
    645   1      6   4   6     8    11.390    4033.197      552.9      538.1     28.935   9.660   3.120   0.341  0.653040  0.454949  0.058849  0.968060
    646   1      0   2  10     4    11.399    4036.669    30237.4    29446.3   1537.845   9.669   3.123   0.341  0.653602  0.454558  0.058795  0.968033
    647   1     10   3   2     8    11.399    4036.710    13066.3    12724.7    664.260   9.669   3.123   0.341  0.653609  0.454553  0.058794  0.968033
    648   1      7   4   5     8    11.410    4040.587     1132.2     1102.7     55.196   9.678   3.126   0.341  0.654237  0.454117  0.058734  0.968003
    649   1      1   4   8     8    11.416    4042.518     3427.2     3338.9    163.429   9.683   3.127   0.341  0.654550  0.453900  0.058704  0.967988
    650   1     11   2   1     8    11.421    4044.271    10847.7    10578.1    507.395   9.687   3.129   0.341  0.654833  0.453703  0.058677  0.967975
    651   1      6   5   3     8    11.433    4048.672    44435.7    43368.6   2000.061   9.697   3.132   0.341  0.655546  0.453210  0.058609  0.967940
    652   1      4   5   5     8    11.448    4054.052    27876.6    27042.3   1249.840   9.710   3.136   0.341  0.656417  0.452609  0.058527  0.967899
    653   1      5   3   8     8    11.456    4056.818     2914.5     2806.8    133.449   9.717   3.139   0.341  0.656865  0.452300  0.058485  0.967877
    654   1     11   1   3     8    11.458    4057.348     1079.0     1037.1     49.756   9.718   3.139   0.341  0.656951  0.452241  0.058477  0.967873
    655   1      0   4   8     4    11.458    4057.396      700.7      673.4     32.326   9.718   3.139   0.341  0.656958  0.452236  0.058476  0.967873
    656   1      2   3   9     8    11.462    4058.822    32225.0    30832.5   1512.517   9.722   3.140   0.341  0.657189  0.452077  0.058455  0.967862
    657   1      6   0   9     4    11.466    4060.218    40715.3    38755.3   1951.984   9.725   3.141   0.341  0.657415  0.451921  0.058434  0.967851
    658   1      3   1  10     8    11.471    4061.915     6747.9     6387.1    332.683   9.729   3.142   0.341  0.657690  0.451733  0.058408  0.967838
    659   1      1   5   6     8    11.512    4076.599     4511.6     4091.1    274.551   9.764   3.154   0.341  0.660068  0.450105  0.058188  0.967724
    660   1      1   6   2     8    11.514    4077.395     5442.1     4927.3    333.337   9.766   3.154   0.341  0.660197  0.450017  0.058177  0.967718

   No.  Code     H   K   L  Mult     Hw     2theta/TOF      Icalc       Iobs      Sigma    HwG     HwL     ETA     d-hkl  TOF_alpha  TOF_beta     CORR

    661   1     10   1   5     8    11.516    4077.866    10848.7     9811.3    668.588   9.767   3.155   0.341  0.660273  0.449965  0.058170  0.967714
    662   1     10   2   4     8    11.531    4083.178    15639.8    13990.8   1008.670   9.780   3.159   0.341  0.661133  0.449380  0.058091  0.967673
    663   1      5   5   4     8    11.536    4084.945     8787.6     7845.3    576.308   9.784   3.160   0.341  0.661419  0.449186  0.058065  0.967659
    664   1      2   6   1     8    11.544    4087.792     1079.1      961.5     72.730   9.791   3.162   0.341  0.661880  0.448873  0.058024  0.967637
    665   1      0   5   6     4    11.555    4091.858      707.1      630.1     49.878   9.801   3.166   0.341  0.662538  0.448427  0.057964  0.967606
    666   1     10   3   1     8    11.556    4092.076    33218.8    29536.1   2352.086   9.801   3.166   0.341  0.662574  0.448403  0.057961  0.967604
    667   1      0   6   2     4    11.557    4092.662      199.1      177.0     14.192   9.803   3.166   0.341  0.662669  0.448339  0.057953  0.967600
    668   1      4   4   7     8    11.561    4093.957      963.3      856.0     69.729   9.806   3.167   0.341  0.662878  0.448197  0.057934  0.967589
    669   1      9   3   4     8    11.581    4101.141    16238.1    14278.5   1294.692   9.823   3.173   0.341  0.664042  0.447412  0.057830  0.967534
    670   1      1   3   9     8    11.591    4104.508      607.0      529.6     50.809   9.831   3.175   0.341  0.664587  0.447045  0.057782  0.967508
    671   1      2   6   0     4    11.597    4106.701     1929.2     1672.4    166.974   9.836   3.177   0.341  0.664942  0.446806  0.057750  0.967491
    672   1      8   4   3     8    11.609    4110.918      371.5      317.1     34.458   9.846   3.180   0.341  0.665625  0.446348  0.057690  0.967458
    673   1     10   3   0     4    11.609    4111.044      574.6      490.3     53.412   9.847   3.180   0.341  0.665645  0.446334  0.057688  0.967457
    674   1     11   0   3     4    11.611    4111.767    31327.1    26653.3   2948.000   9.848   3.181   0.341  0.665762  0.446256  0.057678  0.967451
    675   1      3   0  10     4    11.625    4116.521      271.6      227.0     27.653   9.860   3.185   0.341  0.666532  0.445740  0.057611  0.967415
    676   1      0   3   9     4    11.635    4120.083     1285.0     1066.1    137.098   9.868   3.187   0.341  0.667109  0.445355  0.057561  0.967387
    677   1      7   1   8     8    11.652    4126.260     1024.5      848.8    111.511   9.883   3.192   0.341  0.668109  0.444688  0.057474  0.967339
    678   1     10   0   5     4    11.672    4133.126      665.3      560.0     64.683   9.900   3.198   0.341  0.669221  0.443949  0.057379  0.967286
    679   1      1   6   1     8    11.676    4134.476      572.6      483.7     53.514   9.903   3.199   0.341  0.669439  0.443804  0.057360  0.967276
    680   1      2   1  10     8    11.689    4139.110    31832.3    27232.2   2517.562   9.914   3.202   0.341  0.670189  0.443308  0.057296  0.967240
    681   1      6   5   2     8    11.700    4143.094     3198.0     2760.6    214.730   9.924   3.205   0.341  0.670834  0.442881  0.057242  0.967209
    682   1      4   2   9     8    11.717    4149.044     8766.6     7666.1    465.174   9.938   3.210   0.341  0.671798  0.442246  0.057161  0.967163
    683   1      0   6   1     4    11.720    4150.396      706.5      619.4     35.791   9.941   3.211   0.341  0.672017  0.442102  0.057142  0.967152
    684   1     11   1   2     8    11.726    4152.393    78782.4    69323.6   3751.037   9.946   3.212   0.341  0.672340  0.441889  0.057115  0.967137
    685   1      3   5   5     8    11.755    4162.731    11684.4    10461.3    447.042   9.971   3.220   0.341  0.674014  0.440792  0.056977  0.967057
    686   1      6   2   8     8    11.756    4162.969    30765.4    27550.4   1173.069   9.971   3.221   0.341  0.674053  0.440767  0.056973  0.967055
    687   1      9   1   6     8    11.759    4164.028    10285.4     9217.1    386.704   9.974   3.221   0.341  0.674224  0.440655  0.056959  0.967047
    688   1      0   6   0     2    11.776    4170.190    58063.6    52011.1   2104.629   9.988   3.226   0.341  0.675222  0.440004  0.056877  0.966999
    689   1      6   3   7     8    11.783    4172.401    59082.4    52881.6   2153.643   9.994   3.228   0.341  0.675580  0.439770  0.056848  0.966982
    690   1      5   1   9     8    11.794    4176.472     7476.9     6698.4    280.122  10.003   3.231   0.341  0.676239  0.439342  0.056795  0.966951
    691   1      8   1   7     8    11.807    4181.005    23063.5    20752.1    897.411  10.014   3.235   0.341  0.676973  0.438865  0.056735  0.966915
    692   1      7   0   8     4    11.814    4183.539     6721.8     6070.1    265.512  10.020   3.237   0.341  0.677383  0.438600  0.056702  0.966896
    693   1      1   1  10     8    11.826    4187.595     9799.4     8900.6    389.429  10.030   3.240   0.341  0.678040  0.438175  0.056650  0.966864
    694   1      8   3   5     8    11.850    4196.326     3133.1     2885.7    115.075  10.051   3.246   0.341  0.679454  0.437263  0.056537  0.966797
    695   1      2   0  10     4    11.852    4196.934    11673.0    10760.0    425.098  10.052   3.247   0.341  0.679552  0.437200  0.056529  0.966792
    696   1      4   3   8     8    11.856    4198.489    19079.5    17620.0    681.362  10.056   3.248   0.341  0.679804  0.437038  0.056509  0.966780
    697   1      6   5   1     8    11.869    4203.021    28755.7    26565.7    989.175  10.067   3.252   0.341  0.680537  0.436567  0.056452  0.966745
    698   1      0   1  10     4    11.872    4204.139     2640.3     2437.0     90.738  10.070   3.252   0.341  0.680719  0.436450  0.056437  0.966736
    699   1      5   4   6     8    11.875    4205.242    74842.4    69014.0   2574.560  10.072   3.253   0.341  0.680897  0.436336  0.056423  0.966728
    700   1      3   4   7     8    11.877    4205.967        6.5        6.0      0.223  10.074   3.254   0.341  0.681015  0.436261  0.056414  0.966722
    701   1      8   4   2     8    11.888    4209.870    57430.8    52653.3   2057.254  10.083   3.257   0.341  0.681647  0.435856  0.056365  0.966692
    702   1      9   2   5     8    11.889    4210.123     1602.7     1468.9     57.605  10.084   3.257   0.341  0.681688  0.435830  0.056362  0.966690
    703   1     11   0   2     4    11.891    4210.783      307.1      280.9     11.152  10.086   3.258   0.341  0.681794  0.435762  0.056353  0.966685
    704   1     11   1   1     8    11.897    4212.730    25537.4    23298.9    957.214  10.090   3.259   0.341  0.682110  0.435560  0.056329  0.966670
    705   1      7   4   4     8    11.901    4214.406    13779.8    12542.5    531.526  10.094   3.260   0.341  0.682381  0.435387  0.056308  0.966657
    706   1     10   2   3     8    11.919    4220.839     1201.8     1083.8     51.956  10.110   3.265   0.341  0.683423  0.434724  0.056227  0.966607
    707   1      7   3   6     8    11.921    4221.346       67.5       60.8      2.943  10.111   3.266   0.341  0.683505  0.434671  0.056221  0.966603
    708   1      5   5   3     8    11.925    4222.792      374.6      337.0     16.687  10.114   3.267   0.341  0.683739  0.434523  0.056203  0.966592
    709   1      9   0   6     4    11.925    4222.917      568.5      511.3     25.368  10.115   3.267   0.341  0.683759  0.434510  0.056201  0.966591
    710   1      6   5   0     4    11.927    4223.581     7485.1     6722.8    337.395  10.116   3.268   0.341  0.683867  0.434441  0.056193  0.966586
    711   1      4   5   4     8    11.944    4229.690     4332.4     3853.8    208.616  10.131   3.272   0.341  0.684856  0.433814  0.056118  0.966539
    712   1      5   0   9     4    11.962    4235.898    39350.4    34897.8   1978.219  10.146   3.277   0.341  0.685861  0.433178  0.056041  0.966491
    713   1      8   0   7     4    11.975    4240.628     9978.8     8879.4    514.780  10.157   3.281   0.341  0.686627  0.432695  0.055984  0.966454
    714   1      9   3   3     8    11.975    4240.690    17865.1    15898.0    921.860  10.157   3.281   0.341  0.686637  0.432689  0.055983  0.966454
    715   1      2   5   5     8    11.990    4245.938     2791.9     2499.6    146.551  10.170   3.285   0.341  0.687487  0.432154  0.055919  0.966413
    716   1      1   0  10     4    11.995    4247.504      109.7       98.5      5.774  10.174   3.286   0.341  0.687740  0.431995  0.055900  0.966401
    717   1      6   4   5     8    11.995    4247.538     2260.4     2028.2    118.949  10.174   3.286   0.341  0.687746  0.431991  0.055900  0.966401
    718   1      7   2   7     8    12.011    4253.262     6454.4     5817.0    341.933  10.187   3.290   0.341  0.688672  0.431410  0.055831  0.966356
    719   1     10   1   4     8    12.021    4256.757    66027.1    59544.3   3541.881  10.196   3.293   0.341  0.689238  0.431056  0.055789  0.966329
    720   1      0   0  10     2    12.043    4264.771    20020.9    18183.6   1147.750  10.215   3.299   0.341  0.690536  0.430245  0.055694  0.966267

   No.  Code     H   K   L  Mult     Hw     2theta/TOF      Icalc       Iobs      Sigma    HwG     HwL     ETA     d-hkl  TOF_alpha  TOF_beta     CORR

    721   1      3   2   9     8    12.046    4265.768        0.8        0.7      0.046  10.217   3.300   0.341  0.690697  0.430145  0.055682  0.966260
    722   1      8   2   6     8    12.058    4269.840     2301.7     2094.9    138.403  10.227   3.303   0.341  0.691357  0.429735  0.055634  0.966228
    723   1      8   4   1     8    12.066    4272.786    20293.5    18499.4   1246.322  10.234   3.306   0.341  0.691834  0.429438  0.055600  0.966205
    724   1     11   0   1     4    12.069    4273.739     7165.6     6532.8    442.247  10.236   3.306   0.341  0.691988  0.429343  0.055589  0.966198
    725   1      2   4   7     8    12.120    4291.849    71982.8    67885.7   3961.426  10.280   3.320   0.341  0.694920  0.427531  0.055379  0.966058
    726   1      8   4   0     4    12.127    4294.393    16800.0    15992.8    913.858  10.286   3.322   0.341  0.695332  0.427278  0.055350  0.966038
    727   1      1   5   5     8    12.138    4298.323    12613.0    12192.1    680.999  10.295   3.325   0.341  0.695969  0.426887  0.055305  0.966008
    728   1      0   5   5     4    12.189    4316.221    80464.9    81589.5   3475.484  10.338   3.339   0.341  0.698867  0.425117  0.055104  0.965869
    729   1      3   3   8     8    12.198    4319.560    17232.8    17557.9    712.883  10.346   3.342   0.341  0.699407  0.424788  0.055066  0.965844
    730   1     10   0   4     4    12.199    4319.729    10438.3    10637.5    431.043  10.347   3.342   0.341  0.699435  0.424772  0.055065  0.965843
    731   1     10   2   2     8    12.222    4328.156     9511.5     9748.9    378.485  10.367   3.348   0.341  0.700799  0.423945  0.054972  0.965777
    732   1      5   5   2     8    12.228    4330.262    86735.7    88862.7   3457.545  10.372   3.350   0.341  0.701140  0.423739  0.054948  0.965761
    733   1      4   1   9     8    12.232    4331.543      178.4      182.7      7.120  10.375   3.351   0.341  0.701347  0.423613  0.054934  0.965751
    734   1      1   4   7     8    12.273    4345.973    18594.4    18906.3    718.447  10.409   3.362   0.341  0.703684  0.422207  0.054778  0.965640
    735   1      6   1   8     8    12.277    4347.396    15839.9    16096.0    607.398  10.413   3.363   0.341  0.703914  0.422068  0.054762  0.965629
    736   1      9   3   2     8    12.283    4349.567    19196.7    19495.5    732.220  10.418   3.365   0.341  0.704266  0.421858  0.054739  0.965612
    737   1      5   2   8     8    12.293    4352.969      739.9      749.3     28.434  10.426   3.368   0.341  0.704817  0.421528  0.054703  0.965586
    738   1      3   5   4     8    12.294    4353.561    37562.7    38034.9   1448.044  10.428   3.368   0.341  0.704912  0.421471  0.054696  0.965581
    739   1      2   2   9     8    12.300    4355.444    61452.6    62197.3   2406.073  10.432   3.370   0.341  0.705217  0.421289  0.054676  0.965566
    740   1      4   4   6     8    12.323    4363.665     8152.4     8217.5    364.427  10.452   3.376   0.341  0.706548  0.420495  0.054589  0.965503
    741   1      5   3   7     8    12.323    4363.756    29813.1    30050.1   1335.168  10.452   3.376   0.341  0.706563  0.420486  0.054588  0.965502
    742   1      0   4   7     4    12.325    4364.475     9588.0     9661.6    435.824  10.454   3.377   0.341  0.706680  0.420417  0.054581  0.965497
    743   1      7   4   3     8    12.330    4366.279    30255.3    30448.9   1429.446  10.458   3.378   0.341  0.706972  0.420243  0.054562  0.965483
    744   1      4   5   3     8    12.378    4383.283     4412.4     4327.2    271.977  10.499   3.391   0.341  0.709725  0.418613  0.054385  0.965352
    745   1      8   3   4     8    12.403    4392.035      677.0      659.4     38.659  10.520   3.398   0.341  0.711142  0.417779  0.054295  0.965284
    746   1     10   2   1     8    12.416    4396.613     9016.9     8749.6    458.007  10.531   3.401   0.341  0.711883  0.417344  0.054248  0.965249
    747   1      4   0   9     4    12.420    4397.946     5909.2     5727.1    288.142  10.534   3.402   0.341  0.712099  0.417217  0.054235  0.965238
    748   1      5   5   1     8    12.422    4398.820    21670.7    20989.5   1027.632  10.536   3.403   0.341  0.712241  0.417134  0.054226  0.965232
    749   1      9   1   5     8    12.429    4401.182    15349.9    14847.0    674.863  10.542   3.405   0.341  0.712623  0.416910  0.054202  0.965213
    750   1      9   2   4     8    12.448    4407.861    56889.4    55062.5   2116.512  10.558   3.410   0.341  0.713705  0.416279  0.054135  0.965162
    751   1      1   2   9     8    12.459    4412.042    58063.2    56313.6   2091.226  10.568   3.413   0.341  0.714382  0.415884  0.054093  0.965129
    752   1      2   3   8     8    12.461    4412.747     8057.5     7819.9    290.248  10.569   3.414   0.341  0.714496  0.415818  0.054086  0.965124
    753   1     10   1   3     8    12.463    4413.428    35333.4    34302.1   1275.596  10.571   3.414   0.341  0.714606  0.415754  0.054079  0.965119
    754   1      6   0   8     4    12.466    4414.542    20807.1    20221.2    755.105  10.574   3.415   0.341  0.714786  0.415649  0.054068  0.965110
    755   1      9   3   1     8    12.479    4419.062    14808.5    14446.7    563.140  10.585   3.419   0.341  0.715518  0.415224  0.054023  0.965075
    756   1     10   2   0     4    12.482    4420.164    34006.9    33180.8   1313.000  10.587   3.420   0.341  0.715697  0.415120  0.054012  0.965067
    757   1      0   2   9     4    12.514    4431.405    17481.0    17044.6    765.065  10.614   3.428   0.341  0.717517  0.414067  0.053902  0.964980
    758   1      2   5   4     8    12.564    4449.015    51480.8    48953.7   1965.458  10.656   3.442   0.341  0.720368  0.412428  0.053732  0.964844
    759   1      5   4   5     8    12.566    4449.931     1631.3     1548.4     61.945  10.658   3.443   0.341  0.720516  0.412343  0.053723  0.964837
    760   1      7   1   7     8    12.568    4450.534    77823.7    73786.8   2947.394  10.660   3.443   0.341  0.720614  0.412287  0.053717  0.964832
    761   1      6   4   4     8    12.569    4450.854    15261.5    14461.3    577.346  10.661   3.443   0.341  0.720666  0.412258  0.053714  0.964830
    762   1      6   3   6     8    12.592    4459.032    16322.2    15289.5    641.376  10.680   3.450   0.341  0.721990  0.411502  0.053636  0.964767
    763   1      3   1   9     8    12.609    4464.869    47428.7    44454.6   1994.560  10.694   3.454   0.341  0.722935  0.410964  0.053581  0.964722
    764   1      7   3   5     8    12.620    4469.026    16017.8    15029.7    712.439  10.704   3.457   0.341  0.723608  0.410581  0.053542  0.964690
    765   1      8   1   6     8    12.622    4469.539    23522.5    22074.6   1053.535  10.705   3.458   0.341  0.723691  0.410534  0.053537  0.964686
    766   1      9   0   5     4    12.626    4470.890     1117.8     1049.3     50.984  10.709   3.459   0.341  0.723910  0.410410  0.053525  0.964675
    767   1      1   3   8     8    12.628    4471.639      432.7      406.2     19.941  10.710   3.459   0.341  0.724031  0.410341  0.053518  0.964669
    768   1     10   0   3     4    12.662    4483.729      828.6      774.8     43.260  10.739   3.469   0.341  0.725989  0.409235  0.053406  0.964576
    769   1      7   4   2     8    12.667    4485.397    22783.3    21280.4   1205.652  10.743   3.470   0.341  0.726259  0.409083  0.053390  0.964563
    770   1      0   3   8     4    12.685    4491.800    59176.7    54894.1   3312.785  10.759   3.475   0.341  0.727296  0.408500  0.053332  0.964514
    771   1      6   2   7     8    12.698    4496.697     3454.1     3178.5    201.660  10.770   3.479   0.341  0.728088  0.408055  0.053287  0.964476
    772   1      3   4   6     8    12.708    4500.072       82.7       75.7      4.905  10.779   3.481   0.341  0.728635  0.407749  0.053257  0.964450
    773   1      4   5   2     8    12.719    4503.837     2358.0     2154.4    138.961  10.788   3.484   0.341  0.729245  0.407408  0.053223  0.964421
    774   1      1   5   4     8    12.734    4509.392     2032.5     1857.1    109.761  10.801   3.489   0.341  0.730144  0.406906  0.053173  0.964378
    775   1      3   5   3     8    12.769    4521.598    35133.5    32161.2   1188.225  10.830   3.498   0.341  0.732120  0.405808  0.053064  0.964284
    776   1      7   0   7     4    12.772    4522.653     4269.8     3909.3    140.044  10.833   3.499   0.341  0.732291  0.405713  0.053055  0.964276
    777   1      8   2   5     8    12.783    4526.688   240537.1   221124.5   7472.040  10.842   3.502   0.341  0.732944  0.405351  0.053019  0.964245
    778   1      4   2   8     8    12.791    4529.403    17766.1    16397.6    557.883  10.849   3.504   0.341  0.733384  0.405108  0.052996  0.964224
    779   1      0   5   4     4    12.793    4530.070    11826.0    10928.7    374.493  10.850   3.505   0.341  0.733492  0.405049  0.052990  0.964219
    780   1     10   1   2     8    12.811    4536.557    24289.5    22668.8    859.475  10.866   3.510   0.341  0.734542  0.404469  0.052933  0.964169

   No.  Code     H   K   L  Mult     Hw     2theta/TOF      Icalc       Iobs      Sigma    HwG     HwL     ETA     d-hkl  TOF_alpha  TOF_beta     CORR

    781   1      3   0   9     4    12.814    4537.698        0.4        0.3      0.013  10.869   3.511   0.341  0.734727  0.404368  0.052923  0.964160
    782   1      4   3   7     8    12.825    4541.560     3632.0     3396.1    141.375  10.878   3.514   0.341  0.735352  0.404024  0.052890  0.964130
    783   1      8   0   6     4    12.828    4542.601     1575.2     1473.8     62.361  10.880   3.514   0.341  0.735521  0.403931  0.052881  0.964122
    784   1      7   2   6     8    12.872    4558.140    25356.9    23887.9   1169.335  10.918   3.526   0.341  0.738037  0.402554  0.052748  0.964002
    785   1      7   4   1     8    12.882    4561.724     4752.3     4481.4    225.529  10.926   3.529   0.341  0.738617  0.402238  0.052718  0.963975
    786   1      8   3   3     8    12.891    4564.746    39455.3    37221.1   1938.696  10.933   3.531   0.341  0.739107  0.401972  0.052692  0.963951
    787   1      5   1   8     8    12.892    4565.155     5109.6     4820.6    252.446  10.934   3.532   0.341  0.739173  0.401936  0.052689  0.963948
    788   1      2   1   9     8    12.900    4568.010    58180.7    54923.3   3004.518  10.941   3.534   0.341  0.739635  0.401685  0.052665  0.963926
    789   1      4   5   1     8    12.937    4581.126     6554.5     6122.7    431.869  10.973   3.544   0.341  0.741759  0.400534  0.052556  0.963825
    790   1      9   2   3     8    12.941    4582.521    14989.2    13970.8   1010.055  10.976   3.545   0.341  0.741985  0.400412  0.052544  0.963814
    791   1      2   4   6     8    13.006    4605.730    14993.0    14585.1    926.094  11.032   3.563   0.341  0.745743  0.398395  0.052355  0.963635
    792   1      4   5   0     4    13.012    4607.787    33345.3    32519.8   1968.267  11.037   3.565   0.341  0.746076  0.398217  0.052338  0.963619
    793   1     10   0   2     4    13.027    4613.012     6473.1     6312.6    343.359  11.049   3.569   0.341  0.746922  0.397766  0.052296  0.963579
    794   1     10   1   1     8    13.034    4615.573    61782.3    60238.2   3136.750  11.055   3.571   0.341  0.747336  0.397545  0.052276  0.963560
    795   1      9   1   4     8    13.071    4628.592    30609.6    30554.7   1263.688  11.086   3.581   0.341  0.749444  0.396427  0.052173  0.963459
    796   1      2   5   3     8    13.072    4628.815     2027.4     2025.3     83.395  11.087   3.581   0.341  0.749481  0.396408  0.052171  0.963458
    797   1      6   4   3     8    13.077    4630.887    17061.9    17166.3    680.062  11.092   3.583   0.341  0.749816  0.396230  0.052155  0.963442
    798   1      1   1   9     8    13.085    4633.434     1238.3     1256.9     47.840  11.098   3.585   0.341  0.750228  0.396013  0.052135  0.963422
    799   1      4   4   5     8    13.100    4638.943   128791.8   133057.1   4859.095  11.111   3.589   0.341  0.751121  0.395542  0.052092  0.963379
    800   1     10   1   0     4    13.111    4642.843     1214.8     1268.9     46.753  11.121   3.592   0.341  0.751752  0.395210  0.052062  0.963350
    801   1      5   0   8     4    13.112    4643.090      529.4      553.4     20.415  11.121   3.592   0.341  0.751792  0.395189  0.052060  0.963348
    802   1      2   0   9     4    13.120    4646.094    42566.6    44863.1   1689.143  11.128   3.594   0.341  0.752278  0.394934  0.052037  0.963324
    803   1      3   5   2     8    13.143    4654.283    17405.5    18643.1    747.756  11.148   3.601   0.341  0.753604  0.394239  0.051974  0.963261
    804   1      0   1   9     4    13.148    4655.875     2546.7     2733.1    110.423  11.152   3.602   0.341  0.753862  0.394104  0.051962  0.963249
    805   1      1   4   6     8    13.196    4672.812    76150.5    78620.7   2870.753  11.192   3.615   0.341  0.756604  0.392675  0.051834  0.963119
    806   1      3   2   8     8    13.223    4682.513    73296.1    73160.2   2259.588  11.216   3.623   0.341  0.758175  0.391862  0.051762  0.963044
    807   1      5   4   4     8    13.231    4685.396     1065.5     1057.4     30.822  11.222   3.625   0.341  0.758642  0.391621  0.051740  0.963022
    808   1      5   3   6     8    13.258    4694.938    32772.7    32189.9    811.466  11.245   3.632   0.341  0.760187  0.390825  0.051670  0.962948
    809   1      0   4   6     4    13.261    4695.833    16398.4    16095.6    403.710  11.247   3.633   0.341  0.760332  0.390750  0.051664  0.962941
    810   1      3   3   7     8    13.261    4695.947   181998.5   178621.7   4477.391  11.248   3.633   0.341  0.760350  0.390741  0.051663  0.962940
    811   1     10   0   1     4    13.262    4696.165     6221.4     6104.9    152.856  11.248   3.633   0.341  0.760386  0.390723  0.051661  0.962939
    812   1      1   5   3     8    13.264    4696.928      636.1      623.8     15.567  11.250   3.634   0.341  0.760509  0.390659  0.051656  0.962933
    813   1      8   3   2     8    13.276    4701.382    36528.8    35709.0    890.906  11.261   3.637   0.341  0.761230  0.390289  0.051623  0.962899
    814   1      7   3   4     8    13.294    4707.701     3248.6     3159.7     80.691  11.276   3.642   0.341  0.762253  0.389765  0.051577  0.962850
    815   1      9   0   4     4    13.300    4709.880    39882.1    38732.8    996.525  11.281   3.644   0.341  0.762606  0.389585  0.051562  0.962833
    816   1      1   0   9     4    13.315    4714.982    40584.8    39301.9   1022.120  11.293   3.648   0.341  0.763432  0.389163  0.051525  0.962794
    817   1      0   5   3     4    13.330    4720.308     7996.1     7740.9    201.738  11.306   3.652   0.341  0.764295  0.388724  0.051487  0.962753
    818   1      9   2   2     8    13.331    4720.809    61604.2    59641.4   1554.188  11.307   3.652   0.341  0.764376  0.388683  0.051483  0.962749
    819   1     10   0   0     2    13.343    4724.897    23646.2    22975.2    598.171  11.317   3.655   0.341  0.765038  0.388347  0.051454  0.962718
    820   1      6   1   7     8    13.362    4731.775   111677.6   109990.7   2885.261  11.334   3.661   0.341  0.766152  0.387782  0.051406  0.962665
    821   1      0   0   9     2    13.382    4738.635    12185.1    12230.5    331.278  11.350   3.666   0.341  0.767262  0.387221  0.051358  0.962612
    822   1      5   2   7     8    13.383    4738.964    47341.2    47559.2   1290.627  11.351   3.666   0.341  0.767315  0.387194  0.051356  0.962609
    823   1      3   5   1     8    13.385    4739.729    40333.3    40601.3   1106.713  11.353   3.667   0.341  0.767439  0.387132  0.051350  0.962604
    824   1      6   3   5     8    13.425    4754.017    70257.6    73630.1   2142.799  11.387   3.678   0.341  0.769753  0.385968  0.051251  0.962494
    825   1      8   1   5     8    13.461    4766.756     5833.7     6303.5    184.043  11.417   3.688   0.341  0.771816  0.384936  0.051164  0.962396
    826   1      4   1   8     8    13.470    4769.928    36753.6    39935.9   1193.010  11.425   3.690   0.341  0.772329  0.384681  0.051143  0.962371
    827   1      2   5   2     8    13.474    4771.469   129025.9   140525.8   4268.627  11.429   3.691   0.341  0.772579  0.384556  0.051132  0.962359
    828   1      6   4   2     8    13.481    4773.738    47352.3    51740.5   1622.124  11.434   3.693   0.341  0.772946  0.384374  0.051117  0.962342
    829   1      8   2   4     8    13.485    4775.247     3989.9     4369.9    140.352  11.438   3.694   0.341  0.773190  0.384252  0.051107  0.962330
    830   1      8   3   1     8    13.525    4789.498    20807.7    23319.4    944.197  11.472   3.705   0.341  0.775498  0.383109  0.051012  0.962221
    831   1      2   2   8     8    13.560    4801.900      399.4      457.5     19.241  11.501   3.715   0.341  0.777506  0.382119  0.050930  0.962125
    832   1      7   1   6     8    13.565    4803.525       91.3      104.6      4.353  11.505   3.716   0.341  0.777769  0.381990  0.050920  0.962113
    833   1      3   4   5     8    13.566    4803.848     3455.9     3961.6    164.359  11.506   3.716   0.341  0.777821  0.381964  0.050918  0.962110
    834   1      9   2   1     8    13.583    4810.042    45098.9    51487.0   2001.596  11.521   3.721   0.341  0.778824  0.381473  0.050877  0.962063
    835   1      2   3   7     8    13.601    4816.393     3683.5     4163.4    151.747  11.536   3.726   0.341  0.779852  0.380970  0.050836  0.962014
    836   1      6   0   7     4    13.608    4818.726     2450.9     2759.0     99.042  11.542   3.728   0.341  0.780230  0.380785  0.050821  0.961996
    837   1      8   3   0     4    13.611    4819.990   108979.3   122363.1   4367.695  11.545   3.729   0.341  0.780435  0.380685  0.050813  0.961986
    838   1      9   1   3     8    13.646    4832.085    33647.5    37062.8   1248.826  11.574   3.738   0.341  0.782393  0.379732  0.050736  0.961893
    839   1      1   5   2     8    13.685    4846.178   112258.5   120584.9   3140.343  11.608   3.749   0.341  0.784675  0.378628  0.050648  0.961785
    840   1      8   0   5     4    13.712    4855.687   169870.8   180714.8   4098.702  11.630   3.757   0.341  0.786215  0.377887  0.050588  0.961712

   No.  Code     H   K   L  Mult     Hw     2theta/TOF      Icalc       Iobs      Sigma    HwG     HwL     ETA     d-hkl  TOF_alpha  TOF_beta     CORR

    841   1      4   0   8     4    13.722    4859.039    12624.1    13423.1    302.433  11.638   3.759   0.341  0.786758  0.377626  0.050568  0.961686
    842   1      6   2   6     8    13.729    4861.717     1521.0     1617.3     36.739  11.645   3.761   0.341  0.787191  0.377418  0.050551  0.961666
    843   1      2   5   1     8    13.735    4863.663   126587.9   134647.1   3095.031  11.649   3.763   0.341  0.787506  0.377267  0.050539  0.961651
    844   1      6   4   1     8    13.741    4866.066    25124.9    26722.4    626.006  11.655   3.765   0.341  0.787895  0.377081  0.050525  0.961632
    845   1      0   5   2     4    13.758    4871.872    13962.9    14865.9    364.535  11.669   3.769   0.341  0.788835  0.376631  0.050489  0.961588
    846   1      7   2   5     8    13.766    4874.679     3190.5     3399.3     84.546  11.676   3.771   0.341  0.789290  0.376414  0.050472  0.961566
    847   1      1   2   8     8    13.775    4878.070     9220.8     9833.1    245.818  11.684   3.774   0.341  0.789839  0.376153  0.050452  0.961540
    848   1      1   3   7     8    13.818    4893.265    80724.6    87067.2   2005.563  11.720   3.786   0.341  0.792299  0.374985  0.050361  0.961423
    849   1      7   0   6     4    13.822    4894.568    18116.1    19557.5    451.809  11.723   3.787   0.341  0.792510  0.374885  0.050353  0.961413
    850   1      2   5   0     4    13.825    4895.603    16542.9    17865.5    416.029  11.726   3.787   0.341  0.792678  0.374805  0.050347  0.961405
    851   1      5   4   3     8    13.828    4896.823   131854.2   142496.7   3347.862  11.729   3.788   0.341  0.792875  0.374712  0.050340  0.961396
    852   1      6   4   0     4    13.832    4898.054   105556.9   114138.9   2721.883  11.732   3.789   0.341  0.793075  0.374618  0.050332  0.961386
    853   1      0   2   8     4    13.849    4904.277     1808.9     1959.3     51.493  11.747   3.794   0.341  0.794082  0.374142  0.050296  0.961339
    854   1      4   4   4     8    13.859    4907.590       39.9       43.2      1.213  11.755   3.797   0.341  0.794619  0.373890  0.050276  0.961313
    855   1      4   3   6     8    13.890    4918.559    19902.9    21196.5    735.212  11.781   3.805   0.341  0.796395  0.373056  0.050212  0.961229
    856   1      0   3   7     4    13.893    4919.719    13023.4    13833.5    493.254  11.784   3.806   0.341  0.796583  0.372968  0.050205  0.961220
    857   1      7   3   3     8    13.900    4922.303    10596.7    11240.4    421.889  11.790   3.808   0.341  0.797001  0.372772  0.050190  0.961200
    858   1      9   0   3     4    13.907    4924.795    10720.4    11367.8    449.916  11.796   3.810   0.341  0.797405  0.372584  0.050176  0.961181
    859   1      2   4   5     8    13.931    4933.020    89166.1    95118.1   4537.385  11.816   3.816   0.341  0.798736  0.371963  0.050129  0.961118
    860   1      1   5   1     8    13.958    4942.859    10490.8    11314.5    698.003  11.839   3.824   0.341  0.800329  0.371222  0.050073  0.961042
    861   1      3   1   8     8    13.978    4949.754    34489.9    37513.9   2801.858  11.856   3.829   0.341  0.801446  0.370705  0.050034  0.960989
    862   1      4   2   7     8    14.033    4969.249     2431.9     2787.1    329.760  11.902   3.844   0.341  0.804602  0.369251  0.049926  0.960840
    863   1      0   5   1     4    14.035    4970.131       53.9       62.1      7.440  11.904   3.845   0.341  0.804745  0.369185  0.049921  0.960833
    864   1      9   1   2     8    14.106    4995.053    38144.3    43196.9   4719.572  11.964   3.864   0.341  0.808780  0.367343  0.049785  0.960642
    865   1      8   2   3     8    14.119    4999.670     1211.0     1355.0    138.702  11.975   3.868   0.341  0.809528  0.367004  0.049761  0.960606
    866   1      0   5   0     2    14.132    5004.229       78.9       87.4      8.341  11.986   3.871   0.341  0.810266  0.366670  0.049736  0.960571
    867   1      1   4   5     8    14.164    5015.711     3362.3     3613.9    282.540  12.014   3.880   0.341  0.812125  0.365830  0.049676  0.960483
    868   1      5   1   7     8    14.167    5016.575    59864.8    64125.1   4954.232  12.016   3.881   0.341  0.812265  0.365767  0.049671  0.960476
    869   1      5   3   5     8    14.241    5043.103    27649.6    27721.2   1100.306  12.079   3.902   0.341  0.816561  0.363843  0.049534  0.960273
    870   1      0   4   5     4    14.245    5044.213     9609.1     9617.6    379.528  12.082   3.902   0.341  0.816740  0.363763  0.049528  0.960265
    871   1      6   3   4     8    14.245    5044.447   191115.9   191216.8   7542.004  12.082   3.903   0.341  0.816778  0.363746  0.049527  0.960263
    872   1      3   0   8     4    14.260    5049.544    53275.4    53097.1   2176.840  12.095   3.907   0.341  0.817603  0.363379  0.049501  0.960224
    873   1      8   1   4     8    14.288    5059.675     1325.2     1329.3     65.330  12.119   3.914   0.341  0.819244  0.362651  0.049450  0.960146
    874   1      5   4   2     8    14.308    5066.663     3955.7     3963.3    217.174  12.136   3.920   0.341  0.820375  0.362151  0.049415  0.960092
    875   1      2   1   8     8    14.378    5091.414    16280.5    16268.3    601.690  12.195   3.939   0.341  0.824383  0.360391  0.049292  0.959903
    876   1      7   3   2     8    14.388    5094.903    89284.9    89179.2   2970.508  12.203   3.942   0.341  0.824948  0.360144  0.049275  0.959876
    877   1      9   0   2     4    14.396    5097.666    44639.4    44561.4   1406.401  12.210   3.944   0.341  0.825395  0.359949  0.049262  0.959855
    878   1      9   1   1     8    14.405    5101.121    30162.4    30066.5    926.073  12.218   3.946   0.341  0.825955  0.359705  0.049245  0.959828
    879   1      3   4   4     8    14.414    5104.098   167779.9   166957.7   5207.147  12.225   3.949   0.341  0.826437  0.359495  0.049231  0.959805
    880   1      3   3   6     8    14.449    5116.441    54732.3    53270.6   2082.092  12.255   3.958   0.341  0.828435  0.358628  0.049172  0.959711
    881   1      5   0   7     4    14.460    5120.548    34143.9    32847.6   1416.988  12.265   3.961   0.341  0.829100  0.358340  0.049152  0.959679
    882   1      4   4   3     8    14.549    5152.179    42537.7    38791.7   2009.569  12.340   3.986   0.341  0.834222  0.356140  0.049005  0.959437
    883   1      6   1   6     8    14.580    5162.882    33953.1    31800.9   1136.071  12.366   3.994   0.341  0.835955  0.355402  0.048956  0.959355
    884   1      8   0   4     4    14.590    5166.408     2821.0     2676.7     83.224  12.375   3.997   0.341  0.836526  0.355159  0.048940  0.959328
    885   1      5   2   6     8    14.606    5172.223   211615.7   205194.6   5416.856  12.388   4.001   0.341  0.837467  0.354760  0.048913  0.959283
    886   1      3   2   7     8    14.610    5173.573       81.0       79.0      2.039  12.392   4.002   0.341  0.837686  0.354668  0.048907  0.959273
    887   1      5   4   1     8    14.621    5177.461    21254.4    20985.7    530.818  12.401   4.005   0.341  0.838315  0.354401  0.048890  0.959243
    888   1      7   1   5     8    14.624    5178.412    33526.2    33200.0    840.434  12.403   4.006   0.341  0.838469  0.354336  0.048886  0.959236
    889   1      8   2   2     8    14.630    5180.842   164307.5   163886.2   4214.021  12.409   4.008   0.341  0.838863  0.354170  0.048875  0.959217
    890   1      1   1   8     8    14.635    5182.479      778.6      778.8     20.430  12.413   4.009   0.341  0.839128  0.354058  0.048867  0.959205
    891   1      7   2   4     8    14.654    5189.302    39305.5    39645.4   1153.316  12.429   4.015   0.341  0.840233  0.353593  0.048837  0.959152
    892   1      2   0   8     4    14.685    5200.211      272.4      273.2      9.516  12.456   4.023   0.341  0.841999  0.352851  0.048789  0.959069
    893   1      7   3   1     8    14.706    5207.606      437.8      433.3     17.045  12.473   4.029   0.341  0.843196  0.352350  0.048757  0.959012
    894   1      9   0   1     4    14.714    5210.556    33100.1    32604.7   1355.264  12.480   4.031   0.341  0.843674  0.352150  0.048744  0.958990
    895   1      0   1   8     4    14.724    5213.937   123688.0   121365.6   5414.912  12.488   4.034   0.341  0.844221  0.351922  0.048729  0.958964
    896   1      6   2   5     8    14.830    5251.535     6823.2     6774.6    460.988  12.578   4.063   0.341  0.850309  0.349402  0.048569  0.958676
    897   1      2   4   4     8    14.854    5259.854   105857.5   107079.0   7189.351  12.598   4.069   0.341  0.851656  0.348850  0.048535  0.958612
    898   1      2   3   6     8    14.892    5273.365     5022.0     5159.3    384.938  12.631   4.080   0.341  0.853844  0.347956  0.048479  0.958509
    899   1      6   0   6     4    14.900    5276.429     1159.6     1191.9     89.692  12.638   4.082   0.341  0.854340  0.347754  0.048467  0.958486
    900   1      4   1   7     8    14.945    5292.213     7959.9     8029.3    470.909  12.676   4.094   0.341  0.856896  0.346717  0.048403  0.958365

   No.  Code     H   K   L  Mult     Hw     2theta/TOF      Icalc       Iobs      Sigma    HwG     HwL     ETA     d-hkl  TOF_alpha  TOF_beta     CORR

    901   1      7   0   5     4    14.947    5293.010     2453.4     2473.6    141.192  12.678   4.095   0.341  0.857025  0.346665  0.048399  0.958359
    902   1      1   0   8     4    14.959    5297.354     6913.9     6945.2    337.544  12.688   4.098   0.341  0.857728  0.346380  0.048382  0.958326
    903   1      8   2   1     8    14.965    5299.480    60703.2    60937.7   2721.979  12.693   4.100   0.341  0.858072  0.346241  0.048374  0.958309
    904   1      6   3   3     8    14.999    5311.222   175233.7   176521.7   5194.318  12.721   4.109   0.341  0.859973  0.345476  0.048327  0.958219
    905   1      4   3   5     8    15.033    5323.387   106090.0   107469.4   2554.146  12.751   4.118   0.341  0.861943  0.344686  0.048279  0.958126
    906   1      8   1   3     8    15.049    5329.004    83373.7    84992.8   1982.176  12.764   4.123   0.341  0.862853  0.344323  0.048257  0.958083
    907   1      0   0   8     2    15.054    5330.964     1355.0     1386.0     32.580  12.769   4.124   0.341  0.863170  0.344196  0.048250  0.958068
    908   1      2   2   7     8    15.069    5335.981   210551.7   217388.2   5369.824  12.781   4.128   0.341  0.863982  0.343873  0.048230  0.958030
    909   1      8   2   0     4    15.082    5340.875    49819.6    52091.8   1395.555  12.792   4.132   0.341  0.864775  0.343558  0.048211  0.957993
    910   1      4   4   2     8    15.111    5351.119    63276.7    67963.1   2282.732  12.817   4.140   0.341  0.866433  0.342900  0.048172  0.957914
    911   1      1   4   4     8    15.138    5360.442     4744.8     5196.1    219.003  12.839   4.147   0.341  0.867943  0.342304  0.048137  0.957843
    912   1      1   3   6     8    15.178    5374.746    18938.8    21040.0   1257.887  12.874   4.158   0.341  0.870259  0.341393  0.048083  0.957734
    913   1      3   4   3     8    15.196    5380.979    17878.5    19835.0   1374.264  12.888   4.163   0.341  0.871268  0.340997  0.048060  0.957686
    914   1      5   3   4     8    15.232    5393.918    33046.8    35854.1   3484.991  12.919   4.173   0.341  0.873363  0.340179  0.048013  0.957587
    915   1      0   4   4     4    15.236    5395.277     5981.5     6469.7    652.843  12.923   4.174   0.341  0.873583  0.340094  0.048008  0.957577
    916   1      0   3   6     4    15.277    5409.861     2895.5     3009.3    447.903  12.958   4.185   0.341  0.875945  0.339177  0.047955  0.957465
    917   1      4   0   7     4    15.291    5414.716     1796.5     1852.3    302.425  12.969   4.189   0.341  0.876731  0.338873  0.047937  0.957428
    918   1      1   2   7     8    15.365    5441.090    53200.3    48034.7   7184.518  13.032   4.209   0.341  0.881001  0.337230  0.047844  0.957227
    919   1      8   0   3     4    15.402    5454.141      979.6      903.3    121.631  13.064   4.220   0.341  0.883114  0.336423  0.047799  0.957127
    920   1      4   2   6     8    15.464    5475.929    25047.4    25779.0   1556.924  13.116   4.236   0.341  0.886642  0.335084  0.047724  0.956961
    921   1      0   2   7     4    15.468    5477.531    29446.0    30448.4   1766.110  13.120   4.238   0.341  0.886901  0.334986  0.047719  0.956948
    922   1      7   2   3     8    15.478    5481.098    92706.2    96700.2   5360.063  13.128   4.240   0.341  0.887479  0.334768  0.047707  0.956921
    923   1      4   4   1     8    15.481    5482.147    37482.1    39197.6   2165.181  13.131   4.241   0.341  0.887649  0.334704  0.047703  0.956913
    924   1      4   4   0     4    15.611    5528.008   174959.1   183340.6   4820.153  13.241   4.277   0.341  0.895075  0.331928  0.047552  0.956563
    925   1      6   3   2     8    15.616    5529.966    14387.8    14989.6    363.060  13.245   4.278   0.341  0.895392  0.331810  0.047545  0.956548
    926   1      5   1   6     8    15.643    5539.453    74307.1    75722.3   1545.157  13.268   4.286   0.341  0.896928  0.331242  0.047515  0.956476
    927   1      3   1   7     8    15.648    5541.111   402694.3   409396.4   8395.088  13.272   4.287   0.341  0.897196  0.331143  0.047510  0.956463
    928   1      8   1   2     8    15.673    5550.045    81674.7    82818.1   1925.886  13.293   4.294   0.341  0.898643  0.330610  0.047481  0.956395
    929   1      7   1   4     8    15.702    5560.450     7659.5     7830.8    223.513  13.318   4.302   0.341  0.900327  0.329991  0.047448  0.956316
    930   1      2   4   3     8    15.714    5564.431    36277.4    37264.3   1148.579  13.328   4.305   0.341  0.900972  0.329755  0.047436  0.956285
    931   1      3   3   5     8    15.749    5576.923    50781.8    52776.6   2007.667  13.358   4.315   0.341  0.902995  0.329016  0.047397  0.956190
    932   1      3   4   2     8    15.839    5608.834   180266.0   189146.9   7313.199  13.434   4.339   0.341  0.908162  0.327144  0.047300  0.955947
    933   1      6   1   5     8    15.919    5637.218   157031.6   158333.3   6138.208  13.502   4.361   0.341  0.912757  0.325497  0.047216  0.955730
    934   1      5   2   5     8    15.954    5649.385     5721.3     5739.4    221.074  13.531   4.371   0.341  0.914728  0.324796  0.047180  0.955638
    935   1      6   2   4     8    15.959    5651.275    48085.4    48310.5   1847.003  13.536   4.372   0.341  0.915034  0.324688  0.047175  0.955623
    936   1      6   3   1     8    16.026    5674.939   128996.7   132827.4   2973.609  13.593   4.390   0.341  0.918865  0.323334  0.047107  0.955443
    937   1      5   0   6     4    16.041    5680.411   165094.2   170394.2   3413.680  13.606   4.395   0.341  0.919751  0.323022  0.047091  0.955401
    938   1      3   0   7     4    16.046    5682.199       87.8       90.6      1.784  13.610   4.396   0.341  0.920041  0.322921  0.047086  0.955388
    939   1      1   4   3     8    16.051    5683.935   190800.9   196885.0   3839.765  13.614   4.397   0.341  0.920322  0.322822  0.047081  0.955374
    940   1      8   0   2     4    16.073    5691.835   129119.4   133008.9   2671.609  13.633   4.403   0.341  0.921601  0.322374  0.047059  0.955314
    941   1      8   1   1     8    16.087    5696.646    48265.2    49666.5   1042.411  13.645   4.407   0.341  0.922380  0.322102  0.047046  0.955277
    942   1      7   0   4     4    16.105    5703.058    30962.4    31773.1    704.310  13.660   4.412   0.341  0.923418  0.321739  0.047028  0.955229
    943   1      7   2   2     8    16.160    5722.492    71743.6    71965.6   1636.577  13.706   4.427   0.341  0.926565  0.320647  0.046975  0.955081
    944   1      5   3   3     8    16.164    5723.891     2134.2     2137.9     48.540  13.710   4.428   0.341  0.926791  0.320568  0.046971  0.955070
    945   1      0   4   3     4    16.169    5725.515   176501.0   176683.3   4013.473  13.714   4.429   0.341  0.927054  0.320478  0.046967  0.955057
    946   1      6   3   0     4    16.169    5725.857    35728.6    35758.1    812.112  13.715   4.430   0.341  0.927110  0.320458  0.046966  0.955055
    947   1      4   3   4     8    16.213    5741.107    18734.4    18726.5    444.215  13.751   4.442   0.341  0.929579  0.319607  0.046925  0.954939
    948   1      2   1   7     8    16.215    5742.059     8523.3     8522.2    204.663  13.753   4.442   0.341  0.929733  0.319554  0.046922  0.954932
    949   1      8   1   0     4    16.232    5748.156   250244.0   251947.9   6494.173  13.768   4.447   0.341  0.930720  0.319215  0.046906  0.954885
    950   1      3   2   6     8    16.246    5753.061      169.9      172.4      4.855  13.780   4.451   0.341  0.931514  0.318943  0.046893  0.954848
    951   1      3   4   1     8    16.267    5760.272   173145.7   179656.5   6102.749  13.797   4.456   0.341  0.932682  0.318544  0.046874  0.954793
    952   1      2   3   5     8    16.328    5781.938    14089.9    16123.1    997.126  13.849   4.473   0.341  0.936190  0.317350  0.046817  0.954628
    953   1      6   0   5     4    16.339    5785.978     5499.5     6431.7    440.165  13.859   4.476   0.341  0.936844  0.317129  0.046807  0.954597
    954   1      2   4   2     8    16.428    5817.522     9491.7    14352.2   1609.324  13.934   4.501   0.341  0.941952  0.315409  0.046727  0.954357
    955   1      8   0   1     4    16.521    5850.289    49045.0    60748.3   5468.454  14.013   4.526   0.341  0.947257  0.313642  0.046646  0.954108
    956   1      1   1   7     8    16.587    5873.654   192859.4   209725.0   8458.430  14.069   4.544   0.341  0.951040  0.312395  0.046590  0.953930
    957   1      7   2   1     8    16.615    5883.593    16386.3    17308.9    617.653  14.092   4.552   0.341  0.952650  0.311867  0.046566  0.953855
    958   1      2   0   7     4    16.660    5899.507   169201.5   167388.3   5536.351  14.130   4.564   0.341  0.955226  0.311026  0.046529  0.953734
    959   1      8   0   0     2    16.679    5906.122    40084.5    38709.5   1301.604  14.146   4.569   0.341  0.956297  0.310677  0.046513  0.953683
    960   1      1   3   5     8    16.707    5916.359    61379.2    57810.0   2135.611  14.171   4.577   0.341  0.957955  0.310140  0.046489  0.953606

   No.  Code     H   K   L  Mult     Hw     2theta/TOF      Icalc       Iobs      Sigma    HwG     HwL     ETA     d-hkl  TOF_alpha  TOF_beta     CORR

    961   1      4   1   6     8    16.711    5917.550    48259.5    45383.6   1700.641  14.174   4.578   0.341  0.958148  0.310077  0.046487  0.953597
    962   1      0   1   7     4    16.717    5919.572    30507.2    28599.8   1099.377  14.179   4.580   0.341  0.958475  0.309972  0.046482  0.953581
    963   1      7   1   3     8    16.729    5924.074    24491.6    22863.1    929.481  14.189   4.583   0.341  0.959204  0.309736  0.046472  0.953547
    964   1      1   4   2     8    16.815    5954.501    31815.8    30529.1    941.535  14.262   4.607   0.341  0.964131  0.308153  0.046403  0.953316
    965   1      0   3   5     4    16.840    5963.294   381081.4   370830.1   9600.744  14.283   4.613   0.341  0.965554  0.307699  0.046384  0.953249
    966   1      2   2   6     8    16.884    5978.930    53055.7    52393.2   1322.503  14.321   4.626   0.341  0.968086  0.306894  0.046349  0.953130
    967   1      2   4   1     8    16.907    5987.026     6195.6     6123.4    150.597  14.340   4.632   0.341  0.969397  0.306479  0.046332  0.953069
    968   1      5   3   2     8    16.945    6000.486   417223.3   412445.2  10028.828  14.372   4.642   0.341  0.971577  0.305792  0.046303  0.952966
    969   1      0   4   2     4    16.950    6002.356      805.7      796.0     19.643  14.377   4.644   0.341  0.971879  0.305696  0.046299  0.952953
    970   1      6   2   3     8    17.040    6034.276    61088.2    58021.7   1578.149  14.453   4.668   0.341  0.977048  0.304079  0.046231  0.952710
    971   1      1   0   7     4    17.064    6042.503    42548.7    40496.4    939.497  14.473   4.675   0.341  0.978380  0.303665  0.046214  0.952648
    972   1      2   4   0     4    17.076    6046.908    12466.2    11909.0    258.445  14.484   4.678   0.341  0.979093  0.303444  0.046205  0.952614
    973   1      4   2   5     8    17.091    6052.135   459477.5   440932.9   9304.077  14.496   4.682   0.341  0.979939  0.303182  0.046194  0.952574
    974   1      3   3   4     8    17.121    6062.949   190680.9   183816.7   4312.848  14.522   4.691   0.341  0.981690  0.302641  0.046172  0.952492
    975   1      4   0   6     4    17.199    6090.327    20550.1    18999.0    681.339  14.588   4.712   0.341  0.986123  0.301281  0.046117  0.952285
    976   1      0   0   7     2    17.205    6092.530    24297.7    22355.4    819.044  14.593   4.713   0.341  0.986480  0.301172  0.046112  0.952268
    977   1      7   0   3     4    17.219    6097.439    76213.9    69545.2   2636.381  14.605   4.717   0.341  0.987275  0.300929  0.046103  0.952231
    978   1      1   2   6     8    17.305    6127.928   280505.7   257068.3   5865.056  14.678   4.741   0.341  0.992211  0.299432  0.046043  0.951999
    979   1      1   4   1     8    17.330    6136.646     3570.6     3290.9     68.835  14.698   4.748   0.341  0.993623  0.299007  0.046026  0.951934
    980   1      5   1   5     8    17.334    6138.229    71188.0    65733.0   1386.304  14.702   4.749   0.341  0.993879  0.298930  0.046023  0.951921
    981   1      6   1   4     8    17.341    6140.653   483548.9   447268.4   9654.718  14.708   4.751   0.341  0.994272  0.298812  0.046019  0.951903
    982   1      4   3   3     8    17.350    6144.008    21999.6    20401.3    461.643  14.716   4.753   0.341  0.994815  0.298648  0.046012  0.951878
    983   1      5   2   4     8    17.385    6156.389     3586.1     3362.5     95.521  14.746   4.763   0.341  0.996820  0.298048  0.045989  0.951784
    984   1      0   2   6     4    17.452    6180.125    60441.9    58308.5   2263.749  14.803   4.781   0.341  1.000663  0.296903  0.045944  0.951604
    985   1      5   3   1     8    17.472    6187.017   110543.7   109352.8   4563.832  14.819   4.786   0.341  1.001779  0.296572  0.045932  0.951552
    986   1      0   4   1     4    17.478    6189.067     6039.8     6022.4    257.178  14.824   4.788   0.341  1.002111  0.296474  0.045928  0.951536
    987   1      7   1   2     8    17.600    6232.333   227986.6   247725.9   7482.706  14.928   4.822   0.341  1.009116  0.294416  0.045850  0.951208
    988   1      0   4   0     2    17.665    6255.286   415957.6   463952.9  10597.766  14.983   4.839   0.341  1.012833  0.293336  0.045809  0.951034
    989   1      3   1   6     8    17.711    6271.881   139336.7   150286.0   4658.031  15.022   4.852   0.341  1.015520  0.292560  0.045781  0.950909
    990   1      2   3   4     8    17.873    6329.078   279258.9   278766.8  10020.460  15.159   4.896   0.341  1.024781  0.289916  0.045685  0.950476
    991   1      5   0   5     4    17.880    6331.715     5000.8     4976.4    179.302  15.166   4.898   0.341  1.025208  0.289795  0.045680  0.950456
    992   1      6   0   4     4    17.888    6334.376    40446.3    40077.4   1471.642  15.172   4.901   0.341  1.025639  0.289673  0.045676  0.950436
    993   1      6   2   2     8    17.963    6361.036   180983.9   166815.2  10349.991  15.236   4.921   0.341  1.029955  0.288459  0.045633  0.950234
    994   1      3   2   5     8    18.166    6432.800    14857.0    15305.5   2433.548  15.408   4.977   0.341  1.041575  0.285241  0.045521  0.949691
    995   1      7   0   2     4    18.173    6435.155    60632.6    63615.5  10246.352  15.413   4.978   0.341  1.041956  0.285137  0.045517  0.949674
    996   1      7   1   1     8    18.192    6442.110     1216.1     1374.5    236.783  15.430   4.984   0.341  1.043083  0.284829  0.045507  0.949621
    997   1      3   0   6     4    18.296    6478.718      122.0      217.3     41.513  15.518   5.012   0.341  1.049010  0.283219  0.045453  0.949344
    998   1      4   3   2     8    18.327    6489.970    13692.9    30502.0   4393.093  15.545   5.021   0.341  1.050832  0.282728  0.045436  0.949259
    999   1      1   3   4     8    18.374    6506.623     9914.2    24901.7   2805.257  15.585   5.034   0.341  1.053528  0.282005  0.045412  0.949134
   1000   1      3   3   3     8    18.478    6543.453   195716.0   229395.9  11953.760  15.673   5.062   0.341  1.059492  0.280418  0.045360  0.948855
   1001   1      2   1   6     8    18.547    6567.869    14383.2    13872.5    761.031  15.731   5.081   0.341  1.063445  0.279375  0.045327  0.948671
   1002   1      0   3   4     4    18.551    6569.209    67944.7    65196.9   3605.385  15.735   5.082   0.341  1.063662  0.279318  0.045325  0.948661
   1003   1      6   2   1     8    18.594    6584.556   100898.2    93978.1   5976.838  15.771   5.094   0.341  1.066147  0.278667  0.045304  0.948545
   1004   1      6   1   3     8    18.755    6641.446   494845.7   473146.8   9655.557  15.908   5.138   0.341  1.075358  0.276280  0.045229  0.948116
   1005   1      5   2   3     8    18.811    6661.368   557193.6   543124.7   7805.082  15.955   5.153   0.341  1.078584  0.275454  0.045203  0.947966
   1006   1      6   2   0     4    18.820    6664.467   442435.4   430934.7   6454.772  15.963   5.156   0.341  1.079086  0.275326  0.045199  0.947942
   1007   1      4   1   5     8    18.822    6665.278   298652.8   290781.2   4420.896  15.965   5.156   0.341  1.079217  0.275292  0.045198  0.947936
   1008   1      7   0   1     4    18.827    6666.870    14592.7    14205.2    222.152  15.968   5.158   0.341  1.079475  0.275226  0.045196  0.947924
   1009   1      4   2   4     8    18.888    6688.547       36.7       34.8      0.942  16.020   5.175   0.341  1.082985  0.274334  0.045169  0.947761
   1010   1      4   3   1     8    18.999    6727.878    41232.6    36797.7   1787.654  16.115   5.205   0.341  1.089353  0.272731  0.045121  0.947464
   1011   1      2   2   5     8    19.071    6753.359   380105.9   325052.7  12376.210  16.176   5.225   0.341  1.093479  0.271702  0.045090  0.947272
   1012   1      1   1   6     8    19.109    6766.928    56766.8    48318.0   2161.014  16.208   5.235   0.341  1.095676  0.271157  0.045074  0.947170
   1013   1      5   1   4     8    19.218    6805.312    93152.3    76332.4   3886.492  16.300   5.265   0.341  1.101891  0.269627  0.045030  0.946881
   1014   1      2   0   6     4    19.221    6806.548    48050.7    39297.6   2020.645  16.303   5.266   0.341  1.102091  0.269578  0.045028  0.946872
   1015   1      4   3   0     4    19.240    6813.191   202320.9   161617.5   9348.734  16.319   5.271   0.341  1.103167  0.269316  0.045021  0.946822
   1016   1      0   1   6     4    19.308    6837.415     8614.1     5642.9    725.905  16.377   5.290   0.341  1.107089  0.268362  0.044994  0.946639
   1017   1      2   3   3     8    19.434    6881.732    14812.0     8927.7   1400.338  16.483   5.324   0.341  1.114264  0.266633  0.044945  0.946306
   1018   1      6   0   3     4    19.453    6888.544    55640.1    36834.0   4285.741  16.499   5.329   0.341  1.115368  0.266370  0.044937  0.946255
   1019   1      4   0   5     4    19.528    6915.146   418531.8   355071.1  15494.722  16.563   5.350   0.341  1.119675  0.265345  0.044909  0.946054
   1020   1      3   3   2     8    19.672    6966.263   114111.0   114493.7   8214.996  16.686   5.389   0.341  1.127952  0.263398  0.044856  0.945670

   No.  Code     H   K   L  Mult     Hw     2theta/TOF      Icalc       Iobs      Sigma    HwG     HwL     ETA     d-hkl  TOF_alpha  TOF_beta     CORR

   1021   1      1   2   5     8    19.684    6970.336    16949.9    17297.3   1301.300  16.695   5.393   0.341  1.128611  0.263244  0.044852  0.945640
   1022   1      1   0   6     4    19.849    7028.862   261050.1   257638.6  14018.819  16.835   5.438   0.341  1.138087  0.261052  0.044794  0.945200
   1023   1      0   2   5     4    19.902    7047.445    45002.2    41359.4   3058.755  16.880   5.452   0.341  1.141096  0.260364  0.044776  0.945060
   1024   1      5   0   4     4    19.971    7071.906     3243.1     2443.0    314.010  16.939   5.471   0.341  1.145057  0.259463  0.044753  0.944877
   1025   1      6   1   2     8    20.007    7084.864    46583.4    29867.3   4772.134  16.970   5.481   0.341  1.147155  0.258989  0.044741  0.944779
   1026   1      0   0   6     2    20.072    7107.953    56907.4    26177.2   6914.019  17.025   5.499   0.341  1.150893  0.258147  0.044719  0.944606
   1027   1      5   2   2     8    20.076    7109.063    17064.4     7661.6   2112.819  17.028   5.500   0.341  1.151073  0.258107  0.044718  0.944598
   1028   1      1   3   3     8    20.083    7111.748     3262.4     1384.6    424.397  17.034   5.502   0.341  1.151508  0.258010  0.044716  0.944578
   1029   1      3   1   5     8    20.288    7184.429   163560.1   164222.5   7938.419  17.208   5.558   0.341  1.163276  0.255399  0.044651  0.944032
   1030   1      0   3   3     4    20.315    7193.702    57141.0    59553.1   1806.618  17.230   5.565   0.341  1.164778  0.255070  0.044643  0.943963
   1031   1      3   2   4     8    20.371    7213.596   831791.4   843906.2  16977.562  17.278   5.581   0.341  1.167999  0.254367  0.044625  0.943813
   1032   1      3   3   1     8    20.510    7263.006   293863.7   287604.5  12195.688  17.396   5.619   0.341  1.175999  0.252636  0.044584  0.943443
   1033   1      4   2   3     8    20.760    7351.273   223891.8   209358.3   8401.862  17.608   5.687   0.341  1.190291  0.249603  0.044513  0.942782
   1034   1      2   3   2     8    20.837    7378.792   993206.4  1002070.6  14689.889  17.674   5.708   0.341  1.194747  0.248672  0.044492  0.942576
   1035   1      6   0   2     4    20.861    7387.191   175386.5   175611.3   2663.557  17.694   5.715   0.341  1.196107  0.248389  0.044486  0.942513
   1036   1      6   1   1     8    20.891    7397.718   435173.7   425941.0   8104.411  17.719   5.723   0.341  1.197811  0.248036  0.044478  0.942434
   1037   1      5   2   1     8    20.969    7425.279   108511.8    98227.3   4263.727  17.785   5.744   0.341  1.202274  0.247115  0.044457  0.942228
   1038   1      3   0   5     4    21.180    7500.262    15038.2    13397.3   1575.383  17.965   5.802   0.341  1.214415  0.244645  0.044403  0.941668
   1039   1      5   1   3     8    21.200    7507.152     8150.0     7468.8    770.671  17.981   5.808   0.341  1.215530  0.244420  0.044398  0.941616
   1040   1      6   1   0     4    21.212    7511.590   125941.1   117788.3  11650.769  17.992   5.811   0.341  1.216249  0.244276  0.044395  0.941583
   1041   1      4   1   4     8    21.310    7546.119    63681.8    88144.9   9017.270  18.074   5.838   0.341  1.221840  0.243158  0.044371  0.941325
   1042   1      2   1   5     8    21.574    7639.565    52153.0    90604.6   3571.773  18.298   5.910   0.341  1.236970  0.240184  0.044310  0.940627
   1043   1      1   3   2     8    21.644    7664.505   918586.1  1119413.5  15476.003  18.358   5.930   0.341  1.241008  0.239402  0.044294  0.940441
   1044   1      2   2   4     8    21.673    7674.661   584298.9   682520.5   9174.815  18.382   5.937   0.341  1.242653  0.239085  0.044287  0.940365
   1045   1      2   3   1     8    21.841    7734.247  1087814.9  1188958.2  18919.936  18.525   5.983   0.341  1.252301  0.237243  0.044251  0.939920
   1046   1      6   0   1     4    21.868    7743.921   102421.4   112679.8   2106.804  18.548   5.991   0.341  1.253867  0.236947  0.044245  0.939848
   1047   1      0   3   2     4    21.935    7767.382   117246.0   132832.6   4447.281  18.604   6.009   0.341  1.257666  0.236231  0.044231  0.939674
   1048   1      2   3   0     4    22.209    7864.655   132846.2   135383.9   3124.976  18.837   6.084   0.341  1.273416  0.233309  0.044175  0.938949
   1049   1      5   0   3     4    22.224    7869.718   583012.8   596830.4  12305.067  18.849   6.088   0.341  1.274235  0.233159  0.044172  0.938911
   1050   1      6   0   0     2    22.238    7874.829   461857.9   475721.2   9788.765  18.862   6.092   0.341  1.275063  0.233008  0.044170  0.938873
   1051   1      4   0   4     4    22.351    7914.643       14.6       16.2      0.687  18.957   6.123   0.341  1.281510  0.231836  0.044148  0.938577
   1052   1      1   1   5     8    22.473    7958.004   235409.8   224679.4   6796.420  19.061   6.157   0.341  1.288530  0.230573  0.044125  0.938254
   1053   1      4   2   2     8    22.498    7966.833   395158.7   370071.3  10848.920  19.082   6.163   0.341  1.289960  0.230317  0.044120  0.938188
   1054   1      1   2   4     8    22.585    7997.697    30520.6    26556.2   1049.540  19.156   6.187   0.341  1.294958  0.229428  0.044105  0.937959
   1055   1      2   0   5     4    22.656    8022.661   402053.9   329305.1  11232.353  19.216   6.207   0.341  1.298999  0.228715  0.044092  0.937773
   1056   1      1   3   1     8    22.776    8065.194    96570.6    86690.6   1439.370  19.318   6.240   0.341  1.305886  0.227508  0.044071  0.937457
   1057   1      3   2   3     8    22.779    8066.393   112213.5   100736.2   1648.022  19.321   6.240   0.341  1.306080  0.227475  0.044070  0.937448
   1058   1      0   1   5     4    22.799    8073.338  1464217.0  1309828.0  21201.176  19.337   6.246   0.341  1.307205  0.227279  0.044067  0.937396
   1059   1      0   2   4     4    22.916    8114.792    40548.2    33217.6   1192.825  19.436   6.278   0.341  1.313917  0.226118  0.044047  0.937089
   1060   1      5   1   2     8    23.061    8166.355  1629530.4  1613804.8  27871.004  19.560   6.318   0.341  1.322266  0.224690  0.044023  0.936705
   1061   1      0   3   1     4    23.115    8185.323      683.1      756.0     19.231  19.605   6.332   0.341  1.325337  0.224169  0.044014  0.936565
   1062   1      3   1   4     8    23.512    8325.938   787738.6   737209.4  25121.641  19.942   6.441   0.341  1.348105  0.220383  0.043953  0.935522
   1063   1      0   3   0     2    23.553    8340.381      433.4      395.5     16.497  19.977   6.452   0.341  1.350443  0.220002  0.043947  0.935415
   1064   1      1   0   5     4    23.704    8393.867    19588.8    17563.5   1536.899  20.105   6.494   0.341  1.359104  0.218600  0.043925  0.935019
   1065   1      4   2   1     8    23.777    8419.740   269746.8   261532.0  19500.469  20.167   6.514   0.341  1.363293  0.217928  0.043915  0.934828
   1066   1      0   0   5     2    24.087    8529.543    51500.6    43961.3   5361.012  20.430   6.599   0.341  1.381072  0.215123  0.043873  0.934015
   1067   1      4   1   3     8    24.116    8539.681    93025.4    77033.8   7211.687  20.454   6.607   0.341  1.382713  0.214867  0.043869  0.933940
   1068   1      4   2   0     4    24.254    8588.786  1254463.2  1312599.8  23802.152  20.572   6.645   0.341  1.390664  0.213639  0.043852  0.933577
   1069   1      5   0   2     4    24.397    8639.458    19191.1    18886.3    580.918  20.693   6.684   0.341  1.398869  0.212386  0.043834  0.933203
   1070   1      5   1   1     8    24.445    8656.312   481437.3   441704.8  15937.800  20.734   6.697   0.341  1.401598  0.211972  0.043828  0.933078
   1071   1      2   2   3     8    24.645    8727.330   263767.1   306344.7  16476.584  20.904   6.752   0.341  1.413097  0.210247  0.043804  0.932554
   1072   1      3   0   4     4    24.933    8829.083   994138.8   988482.9  22961.283  21.147   6.830   0.341  1.429572  0.207824  0.043771  0.931803
   1073   1      3   2   2     8    25.138    8901.708  1369406.6  1468419.4  27696.953  21.321   6.887   0.341  1.441332  0.206129  0.043749  0.931268
   1074   1      2   1   4     8    25.582    9058.806  1346853.8  1238523.6  26228.078  21.698   7.008   0.341  1.466768  0.202554  0.043704  0.930112
   1075   1      4   0   3     4    25.656    9085.202   281948.2   260126.4   7953.748  21.761   7.029   0.341  1.471042  0.201966  0.043697  0.929918
   1076   1      1   2   3     8    26.013    9211.460  1615412.9  1672338.0  29971.100  22.063   7.126   0.341  1.491485  0.199197  0.043664  0.928990
   1077   1      5   0   1     4    26.054    9226.024   136984.2   141223.7   3258.306  22.098   7.138   0.341  1.493844  0.198883  0.043661  0.928884
   1078   1      0   2   3     4    26.522    9391.667  1580835.6  1760322.6  33202.789  22.495   7.266   0.341  1.520664  0.195375  0.043621  0.927668
   1079   1      3   2   1     8    26.962    9547.477  1600710.5  1755665.8  30593.732  22.868   7.386   0.341  1.545892  0.192187  0.043587  0.926528
   1080   1      4   1   2     8    26.970    9550.493    74064.4    81056.6   1425.311  22.875   7.389   0.341  1.546380  0.192126  0.043586  0.926506

   No.  Code     H   K   L  Mult     Hw     2theta/TOF      Icalc       Iobs      Sigma    HwG     HwL     ETA     d-hkl  TOF_alpha  TOF_beta     CORR

   1081   1      1   1   4     8    27.121    9603.801    49516.2    48821.8   3343.979  23.003   7.430   0.341  1.555012  0.191060  0.043575  0.926116
   1082   1      2   0   4     4    27.443    9718.078   795643.2   759355.5  14188.093  23.277   7.518   0.341  1.573515  0.188813  0.043553  0.925281
   1083   1      3   1   3     8    27.458    9723.435  1062020.5  1008550.3  18100.211  23.290   7.522   0.341  1.574382  0.188709  0.043552  0.925241
   1084   1      0   1   4     4    27.699    9808.555   380672.6   349762.0  20527.043  23.493   7.588   0.341  1.588165  0.187071  0.043536  0.924620
   1085   1      2   2   2     8    27.718    9815.180    98305.6    89460.5   6395.305  23.509   7.593   0.341  1.589238  0.186945  0.043534  0.924572
   1086   1      4   0   2     4    29.179   10332.815   599746.4   586858.7  28996.814  24.749   7.994   0.341  1.673051  0.177580  0.043451  0.920805
   1087   1      4   1   1     8    29.261   10361.685   266484.0   258775.3  12853.241  24.818   8.016   0.341  1.677726  0.177085  0.043447  0.920596
   1088   1      1   0   4     4    29.370   10400.423    47009.1    44384.0   5787.145  24.911   8.046   0.341  1.683998  0.176425  0.043442  0.920315
   1089   1      1   2   2     8    29.707   10519.708   356913.8   383713.2  21167.352  25.197   8.138   0.341  1.703312  0.174425  0.043426  0.919451
   1090   1      3   0   3     4    29.801   10552.857   174564.9   192937.1  12648.738  25.276   8.164   0.341  1.708680  0.173877  0.043421  0.919211
   1091   1      0   0   4     2    30.109   10661.929    65339.0    60697.2   2773.114  25.537   8.248   0.341  1.726340  0.172098  0.043408  0.918421
   1092   1      4   1   0     4    30.165   10681.750  1360575.2  1336270.6  33738.582  25.585   8.264   0.341  1.729549  0.171779  0.043405  0.918278
   1093   1      2   2   1     8    30.223   10702.238    71021.2    69561.9   2778.964  25.634   8.280   0.341  1.732867  0.171450  0.043403  0.918130
   1094   1      0   2   2     4    30.472   10790.554     7184.4        0.0   8280.360  25.845   8.348   0.341  1.747166  0.170047  0.043393  0.917492
   1095   1      2   1   3     8    30.927   10951.857   114378.9    26666.1  29672.918  26.232   8.473   0.341  1.773284  0.167542  0.043375  0.916328
   1096   1      2   2   0     4    31.222   11056.016   166932.0   118007.7  29782.570  26.481   8.553   0.341  1.790149  0.165964  0.043364  0.915577
   1097   1      3   1   2     8    31.918   11302.551   885607.0   834779.0  35870.805  27.072   8.744   0.341  1.830067  0.162344  0.043341  0.913804
   1098   1      4   0   1     4    32.147   11383.670   481789.0   339783.9  31871.170  27.266   8.807   0.341  1.843202  0.161187  0.043333  0.913221
   1099   1      1   2   1     8    32.857   11635.045    52730.8   218351.5  30348.012  27.868   9.001   0.341  1.883903  0.157704  0.043313  0.911420
   1100   1      4   0   0     2    33.357   11812.243  2364211.8  2162906.8  49251.977  28.293   9.138   0.341  1.912595  0.155339  0.043299  0.910151
   1101   1      1   1   3     8    33.768   11957.860    24662.4    72612.4   7416.208  28.641   9.251   0.341  1.936172  0.153447  0.043289  0.909113
   1102   1      0   2   1     4    33.901   12004.712   116071.5   159155.8  26558.783  28.754   9.287   0.341  1.943758  0.152848  0.043286  0.908778
   1103   1      2   0   3     4    34.397   12180.653   522345.8   325863.4  38335.164  29.175   9.423   0.341  1.972246  0.150640  0.043274  0.907525
   1104   1      0   1   3     4    34.905   12360.251   558471.6   917035.2  29452.988  29.605   9.562   0.341  2.001326  0.148452  0.043264  0.906248
   1105   1      0   2   0     2    35.329   12510.571  7964621.0  8616566.0  61724.027  29.965   9.679   0.341  2.025665  0.146668  0.043255  0.905177
   1106   1      3   0   2     4    35.776   12668.752  2913546.0  2945266.5  33345.316  30.344   9.801   0.341  2.051277  0.144837  0.043247  0.904059
   1107   1      3   1   1     8    35.926   12722.071  3090655.5  3105908.8  42795.410  30.472   9.842   0.341  2.059911  0.144230  0.043244  0.903682
   1108   1      2   1   2     8    37.776   13377.095 11989221.0 11927251.0  81583.531  32.041  10.349   0.341  2.165970  0.137167  0.043215  0.899060
   1109   1      1   0   3     4    38.443   13613.096  4013434.5  3593254.2  58120.660  32.606  10.532   0.341  2.204182  0.134789  0.043206  0.897403
   1110   1      0   0   3     2    40.145   14215.905  4314397.5  3822696.0  68832.352  34.050  10.998   0.341  2.301787  0.129074  0.043187  0.893188
   1111   1      3   0   1     4    41.722   14774.383  4739319.5  4342962.5  72690.664  35.388  11.430   0.341  2.392213  0.124195  0.043173  0.889309
   1112   1      1   1   2     8    43.346   15349.322 16094069.0 16169898.0 100870.367  36.765  11.875   0.341  2.485305  0.119543  0.043160  0.885336
   1113   1      2   0   2     4    44.701   15829.286   346708.8    41994.8  31926.840  37.914  12.246   0.341  2.563019  0.115918  0.043151  0.882040
   1114   1      2   1   1     8    44.996   15933.666 21523422.0 22145682.0 109220.758  38.164  12.327   0.341  2.579920  0.115159  0.043150  0.881323
   1115   1      0   1   2     4    45.831   16229.583  2411657.8  2423646.2  65079.297  38.873  12.556   0.341  2.627834  0.113059  0.043145  0.879302
   1116   1      2   1   0     4    48.508   17177.572  3119847.5  3139221.0  81891.891  41.144  13.289   0.341  2.781329  0.106819  0.043133  0.872864

     -----------------------------------------------------
     BRAGG R-Factors and weight fractions for Pattern #  1
     -----------------------------------------------------

 => Phase:  1     CeCoAl3
 => Bragg R-factor:   5.46       Vol:  214.026( 0.055)  Fract(%):  100.00( 4.13)
 => Rf-factor=  2.54             ATZ:         616.188   Brindley:  1.0000

     -----------------------------------------------------------------
      SYMBOLIC NAMES AND FINAL VALUES AND SIGMA OF REFINED PARAMETERS:
     -----------------------------------------------------------------

      ->  Parameter number    1 :                                     Scale_ph1_pat1     16658.971    ( +/-     486.06287     )
      ->  Parameter number    2 :                                          Zero_pat1     3.9304156    ( +/-    0.72025347     )
      ->  Parameter number    3 :                                         Bck_0_pat1     26833.258    ( +/-     57.719353     )
      ->  Parameter number    4 :                                         Bck_1_pat1     4390.5112    ( +/-     97.801331     )
      ->  Parameter number    5 :                                         Bck_2_pat1     2629.8708    ( +/-     87.876335     )
      ->  Parameter number    6 :                                  TOF_Abs1_ph1_pat1    0.15605434E-01( +/-    0.35786959E-02 )
      ->  Parameter number    7 :                                     Sig-1_ph1_pat1     39.461533    ( +/-     1.5584658     )
      ->  Parameter number    8 :                                     Gam-1_ph1_pat1     4.7781019    ( +/-    0.23058979     )
      ->  Parameter number    9 :                                        Occ_Al3_ph1    0.51032865    ( +/-    0.40323497E-02 )
      ->  Parameter number   10 :                                       Biso_Al3_ph1    0.53257543    ( +/-    0.55492282E-01 )
      ->  Parameter number   11 :                                       Biso_Al2_ph1    0.65835989    ( +/-    0.64750738E-01 )
      ->  Parameter number   12 :                                    Cell_A_ph1_pat1     7.6503797    ( +/-    0.11429383E-02 )
      ->  Parameter number   13 :                                    Cell_B_ph1_pat1     4.0513315    ( +/-    0.59339061E-03 )
      ->  Parameter number   14 :                                    Cell_C_ph1_pat1     6.9053602    ( +/-    0.10112665E-02 )
      ->  Parameter number   15 :                                          Z_Al3_ph1    0.70069915    ( +/-    0.29695829E-03 )
      ->  Parameter number   16 :                                           Z_Ce_ph1    0.38278782    ( +/-    0.31171119E-03 )
      ->  Parameter number   17 :                                           Z_Co_ph1    0.81318659    ( +/-    0.60713699E-03 )
      ->  Parameter number   18 :                                          Z_Al2_ph1    0.41174363E-01( +/-    0.42271719E-03 )
      ->  Parameter number   19 :                                          X_Al3_ph1    0.69298148E-01( +/-    0.25572695E-03 )
      ->  Parameter number   20 :                                          Dtt2_pat1    -1.9219447    ( +/-    0.25746679     )
      ->  Parameter number   21 :                                        Biso_Ce_ph1    0.50268954    ( +/-    0.53605855E-01 )
      ->  Parameter number   22 :                                        Biso_Co_ph1    0.47596410    ( +/-    0.74282639E-01 )
      ->  Parameter number   23 :                                       Biso_Al1_ph1    0.58479327    ( +/-    0.62658533E-01 )
      ->  Parameter number   24 :                                         Bck_3_pat1    -513.84393    ( +/-     77.562805     )
      ->  Parameter number   25 :                                         Bck_4_pat1     284.70926    ( +/-     66.268661     )
      ->  Parameter number   26 :                                         Bck_5_pat1     163.45056    ( +/-     64.445152     )
      ->  Parameter number   27 :                                         Bck_6_pat1     240.85837    ( +/-     62.031517     )
      ->  Parameter number   28 :                                         Bck_7_pat1    -72.052498    ( +/-     60.758965     )
      ->  Parameter number   29 :                                         Bck_8_pat1     15.093658    ( +/-     56.790466     )
      ->  Parameter number   30 :                                         Bck_9_pat1     126.00613    ( +/-     56.088558     )
      ->  Parameter number   31 :                                        Bck_10_pat1    -12.867953    ( +/-     51.213497     )
      ->  Parameter number   32 :                                        Bck_11_pat1    -280.93918    ( +/-     45.440731     )

 ------------------------------------------------------------------
 => Number of bytes for floating point variables: 4
 => Dimensions of dynamic allocated arrays in this run of FullProf:
 ------------------------------------------------------------------

 => Total approximate array memory (dynamic + static): 132451053 bytes

    MaxPOINT=    80000 Max.num. of points(+int. Inten.)/diffraction pattern       
    MaxREFLT=    25000 Max.num. of reflections/diffraction pattern               
    MaxPARAM=      500 Max.num. of refinable parameters                          
    MaxOVERL=     9000 Max.num. of overlapping reflections                       

 ----------------------------------------------------------
 => Number of bytes for floating point arrays: 4
 => Dimensions of fixed arrays in this release of FullProf:
 ----------------------------------------------------------

    NPATT   =       80 Max.num. of powder diffraction patterns                    
    NATS    =      830 Max.num. of atoms (all kind) in asymmetric unit            
    MPAR    =     1800 Max.num. of non atomic parameters/phase                    
    IEXCL   =       30 Max.num. of excluded regions                               
    IBACP   =      377 Max.num. of background points for interpolation            
    NPHT    =       16 Max.num. of phases                                         
    NMAGM   =        8 Max.num. of rotation-matrices sets for magnetic structure  
    NBASIS  =       12 Max.num. of basis functions associated to a single atom    
    NIREPS  =        9 Max.num. of irreducible representations to be combined     
    N_EQ    =      384 Max.num. of user-supplied symmetry operators/propagation vectors
    NGL     =      400 Max.num. of global parameters/diffraction pattern          
    N_LINC  =       50 Max.num. of global linear restraints                        
    NAT_P   =       80 Max.num. of atomic parameters per atom                     
    NCONST  =     3500 Max.num. of slack constraints per phase                    
    N_SPE   =       30 Max.num. of different chemical species                     
    N_FORM  =       60 Max.num. of scattering factor values in a table            
    NPR     =      150 Max.num. of points defining a numerical profile            
    INPR    =       25 Max.num. of different numerical peak shapes                
    NPRC    =      150 Max.num. of terms in the table for correcting intensities  
    NSOL    =       10 Max.num. of solutions to be stored in Montecarlo searchs   

 
              CPU Time:     0.656 seconds
                            0.011 minutes

 => Run finished at:     Date: 25/09/2026  Time: 13:22:25.647                              
