     3.86396     128.22   14.70975
     3.91407     120.02   14.22598
     3.96414     166.98   16.77884
     4.01424     135.17   15.05058
     4.06420     182.87   17.58951
     4.11416     177.19   17.30471
     4.16422     249.28   20.60029
     4.21426     242.77   20.31934
     4.26430     261.99   21.15273
     4.31416     374.47   25.40466
     4.36417     435.31   27.22361
     4.41425     647.92   33.50702
     4.46413     806.68   37.39521
     4.51415     868.33   38.90596
     4.56410    1082.78   43.80960
     4.61404    1245.94   47.21271
     4.66396    1161.56   45.48021
     4.71391    1270.88   47.62860
     4.76395    1353.10   49.39456
     4.81391    1394.96   50.01572
     4.86386    1344.30   49.09494
     4.91363    1395.56   50.01088
     4.96371    1418.44   50.58948
     5.01377    1512.19   52.30489
     5.06367    1533.20   52.68642
     5.11651    1511.09   44.28691
     5.16661    1557.83   45.91942
     5.21668    1570.98   46.20371
     5.26679    1524.03   45.02544
     5.31674    1557.07   45.25249
     5.36670    1518.49   44.31210
     5.41676    1492.80   44.16746
     5.46680    1467.48   43.86771
     5.51684    1642.49   46.71440
     5.56670    1467.95   44.03296
     5.61672    1480.74   43.62110
     5.66680    1504.68   44.46082
     5.71668    1493.81   44.27740
     5.76669    1526.23   44.96581
     5.81665    1448.03   43.71241
     5.86658    1480.69   44.77661
     5.91650    1399.52   42.51775
     5.96645    1416.73   43.43228
     6.01649    1395.40   42.77295
     6.06646    1287.19   40.93098
     6.11640    1413.82   43.17433
     6.16617    1294.07   41.81616
     6.21625    1329.71   41.91021
     6.26631    1295.20   41.37796
     6.31621    1221.64   39.93496
     6.36160    1239.25   39.87817
     6.41170    1234.43   39.86223
     6.46178    1176.34   39.05585
     6.51188    1230.70   39.53897
     6.56183    1157.69   38.54604
     6.61180    1123.19   37.84542
     6.66186    1173.25   38.91529
     6.71190    1163.54   39.22373
     6.76194    1160.56   38.59626
     6.81179    1090.30   37.27342
     6.86181    1089.23   38.28368
     6.91189    1115.90   37.61273
     6.96177    1035.09   36.20958
     7.01179    1073.90   37.53758
     7.06174    1088.65   37.38830
     7.11167    1060.65   37.06623
     7.16159    1001.18   35.33468
     7.21155    1051.08   36.73854
     7.26159    1038.77   35.93502
     7.31155     987.64   35.00495
     7.36149    1032.94   37.20297
     7.41126    1014.73   36.44994
     7.46135     967.70   34.78567
     7.51141    1053.04   37.04921
     7.56131     987.22   35.52097
     7.61764    1027.23   31.22420
     7.66775     957.69   30.08272
     7.71782     950.30   29.93164
     7.76792     965.57   30.17965
     7.81788     908.56   29.29014
     7.86784     990.94   30.58306
     7.91790     948.75   29.99545
     7.96794    1014.25   31.01891
     8.01798     909.56   29.32125
     8.06784     963.50   30.18412
     8.11785     956.97   30.07273
     8.16793     941.60   29.83879
     8.21781     944.65   29.89604
     8.26783     958.38   30.07567
     8.31778     915.62   29.39662
     8.36772     926.86   29.56226
     8.41764     898.35   29.09659
     8.46759     883.90   28.84589
     8.51763     907.95   29.18159
     8.56759     840.81   28.28902
     8.61754     854.40   28.27955
     8.66731     909.80   29.25012
     8.71739     933.86   29.70975
     8.76745     883.97   28.90883
     8.81735     872.52   28.71472
     8.87019     889.41   31.01711
     8.92029     872.92   30.61970
     8.97036     910.67   31.21488
     9.02047     869.99   30.54181
     9.07042     859.96   30.28262
     9.12038     858.03   30.34484
     9.17044     834.26   29.78942
     9.22048     856.79   30.42373
     9.27052     837.15   29.97232
     9.32038     822.58   29.60026
     9.37040     863.24   30.40299
     9.42048     827.61   29.72003
     9.47036     826.65   29.71362
     9.52037     842.37   30.01409
     9.57033     902.88   31.10461
     9.62026     827.23   29.68607
     9.67018     846.33   30.06096
     9.72013     825.69   29.56639
     9.77017     765.93   28.58218
     9.82014     845.02   30.01413
     9.87008     850.36   30.11643
     9.91985     841.36   29.96711
     9.96993     832.23   29.82061
    10.01999     780.68   28.90290
    10.06989     839.40   29.94791
    10.12498     805.00   31.12255
    10.17508     736.57   29.63515
    10.22516     815.42   31.22666
    10.27526     793.91   30.88025
    10.32521     817.66   31.34024
    10.37518     770.70   30.26985
    10.42524     804.50   31.03263
    10.47528     727.04   29.36683
    10.52532     751.78   29.88966
    10.57517     764.02   30.06930
    10.62519     802.46   31.07045
    10.67527     752.71   30.17945
    10.72515     793.85   30.83676
    10.77517     776.92   30.38889
    10.82512     791.07   30.78592
    10.87505     788.79   30.61874
    10.92497     784.57   30.90047
    10.97493     775.27   30.45313
    11.02497     754.16   29.99144
    11.07493     787.35   30.65752
    11.12487     813.34   31.20968
    11.17464     713.61   29.20202
    11.22473     731.27   29.56836
    11.27479     726.09   29.38950
    11.32469     779.29   30.56678
    11.37442     762.10   28.47269
    11.42453     760.08   28.60851
    11.47460     802.53   29.18481
    11.52470     755.89   28.52395
    11.57466     768.50   28.58027
    11.62462     790.01   29.12242
    11.67468     734.06   28.08891
    11.72472     784.43   28.98828
    11.77476     724.67   28.00827
    11.82462     779.11   28.71278
    11.87463     752.73   28.33567
    11.92471     733.54   28.43379
    11.97459     746.79   28.39582
    12.02461     765.56   28.88255
    12.07456     750.70   28.33239
    12.12450     779.88   28.79665
    12.17442     761.56   28.79281
    12.22437     725.67   27.83421
    12.27441     807.15   29.30111
    12.32437     745.75   28.67390
    12.37432     788.00   29.22697
    12.42409     725.64   27.99842
    12.47417     761.60   28.34602
    12.52423     768.65   28.90191
    12.57413     785.66   28.81345
    12.61347     764.38   27.39105
    12.66357     727.45   26.82002
    12.71364     746.76   27.13645
    12.76375     786.33   27.89217
    12.81370     765.94   27.50720
    12.86366     776.81   27.63942
    12.91372     736.69   27.11616
    12.96376     728.16   26.96242
    13.01380     757.21   27.39101
    13.06366     781.63   27.73079
    13.11368     763.67   27.42530
    13.16376     732.74   26.84716
    13.21364     745.87   27.19839
    13.26365     760.49   27.42380
    13.31361     784.22   27.79723
    13.36354     741.46   26.95486
    13.41346     733.61   26.97443
    13.46341     775.04   27.60387
    13.51345     758.65   27.42436
    13.56342     754.40   27.27823
    13.61336     701.22   26.27288
    13.66313     778.39   27.68511
    13.71321     739.69   27.31066
    13.76327     722.27   26.74960
    13.81317     779.18   27.72609
    13.86791     740.32   27.80809
    13.91801     738.65   27.79228
    13.96809     784.66   28.64501
    14.01819     755.77   28.11816
    14.06814     733.04   27.74023
    14.11811     725.36   27.64581
    14.16817     754.73   28.15314
    14.21821     765.19   28.34985
    14.26825     801.27   28.97983
    14.31810     804.70   28.98768
    14.36812     756.36   28.21901
    14.41820     766.09   28.40835
    14.46808     780.76   28.74735
    14.51810     741.08   27.81827
    14.56805     729.70   27.63716
    14.61798     750.00   28.05076
    14.66790     759.58   28.14732
    14.71786     758.71   28.34613
    14.76790     777.14   28.52254
    14.81786     741.13   27.96930
    14.86780     738.30   27.77428
    14.91757     764.53   28.38430
    14.96766     764.54   28.27683
    15.01772     796.72   28.88634
    15.06762     744.09   27.95072
    15.12395     723.92   26.52031
    15.17406     750.85   27.06986
    15.22413     795.62   27.79729
    15.27423     747.70   26.93454
    15.32419     745.56   26.90944
    15.37415     743.07   26.84940
    15.42421     773.46   27.41947
    15.47425     765.86   27.29211
    15.52429     699.87   26.06625
    15.57415     732.41   26.59871
    15.62416     768.54   27.36019
    15.67425     699.30   26.04781
    15.72412     769.53   27.41458
    15.77414     743.34   26.87139
    15.82409     719.45   26.48893
    15.87403     707.66   26.18487
    15.92395     720.09   26.43282
    15.97390     775.08   27.43756
    16.02394     732.56   26.77164
    16.07390     723.68   26.47283
    16.12385     763.27   27.26139
    16.17362     755.35   27.09298
    16.22370     746.64   26.95681
    16.27376     736.37   26.74808
    16.32366     751.89   27.06437
    16.35805     796.15   28.59570
    16.40815     749.58   27.72352
    16.45822     783.55   28.35462
    16.50833     785.38   28.40638
    16.55828     786.92   28.40782
    16.60824     741.59   27.59535
    16.65830     749.53   27.70216
    16.70834     728.18   27.50598
    16.75838     760.77   27.93471
    16.80824     732.60   27.37769
    16.85826     712.64   27.07485
    16.90834     761.29   27.94164
    16.95822     703.67   26.84074
    17.00823     726.79   27.27157
    17.05819     769.55   28.08875
    17.10812     761.75   27.87412
    17.15804     783.25   28.34282
    17.20799     803.04   28.66399
    17.25803     688.34   26.44137
    17.30800     773.21   28.11756
    17.35794     786.29   28.37416
    17.40771     791.91   28.52041
    17.45779     804.54   28.77003
    17.50785     739.52   27.53972
    17.55775     787.44   28.38725
    17.59494     771.27   27.88006
    17.64504     774.40   27.89934
    17.69512     763.19   27.70100
    17.74522     780.10   28.00328
    17.79517     820.85   28.73312
    17.84514     789.93   28.17175
    17.89520     792.37   28.23855
    17.94524     764.67   27.73426
    17.99528     778.85   27.96950
    18.04513     769.15   27.78613
    18.09515     734.53   27.11284
    18.14523     784.94   28.10719
    18.19511     716.35   26.92783
    18.24513     733.69   27.05403
    18.29508     785.49   28.16602
    18.34501     723.63   26.96982
    18.39493     752.80   27.49070
    18.44489     756.58   27.52387
    18.49493     734.30   27.12860
    18.54489     770.37   27.74746
    18.59483     750.65   27.43305
    18.64460     807.97   28.55632
    18.69469     773.34   27.87619
    18.74475     796.94   28.42193
    18.79465     763.12   27.67490
    18.83978     752.30   28.52307
    18.88989     695.47   27.53979
    18.93996     759.74   28.42786
    18.99006     828.57   29.87166
    19.04002     786.28   29.05933
    19.08998     797.57   29.16885
    19.14004     737.60   28.45629
    19.19008     794.48   29.14332
    19.24012     755.77   28.45200
    19.28998     723.12   27.76558
    19.33999     744.43   28.16393
    19.39008     782.77   28.98545
    19.43995     776.36   28.99250
    19.48997     775.07   28.76550
    19.53993     774.15   28.95061
    19.58986     724.69   27.91724
    19.63978     792.48   29.14421
    19.68973     830.35   29.73910
    19.73977     802.84   29.38500
    19.78973     756.72   28.52870
    19.83968     803.48   29.25636
    19.88945     834.42   30.06579
    19.93953     828.34   29.96631
    19.98959     789.51   28.94570
    20.03949     775.19   28.81156
    20.10568     857.45   32.37782
    20.15578     852.93   32.25420
    20.20585     894.39   33.08635
    20.25596     886.63   32.89254
    20.30591     917.87   33.61837
    20.35587     914.86   33.42041
    20.40593     930.06   33.74713
    20.45597    1064.38   36.20054
    20.50601    1104.89   36.88692
    20.55587    1063.11   36.13952
    20.60589    1065.09   36.27761
    20.65597    1081.92   36.47885
    20.70585    1178.68   38.15128
    20.75586    1179.87   38.18030
    20.80582    1254.80   39.44937
    20.85575    1263.04   39.57023
    20.90567    1319.03   40.48040
    20.95562    1470.85   42.94320
    21.00566    1491.27   43.30375
    21.05563    1629.27   45.63044
    21.10557    1747.77   47.22968
    21.15534    1803.66   48.10239
    21.20542    1937.27   50.04006
    21.25548    2071.21   51.78827
    21.30538    2025.93   51.32559
    21.36597    2449.60   54.86909
    21.41607    2599.33   56.76491
    21.46615    2835.68   59.50515
    21.51625    3003.89   61.53181
    21.56620    3210.67   63.71746
    21.61617    3368.51   65.56478
    21.66623    3810.41   70.23358
    21.71627    4183.12   74.17434
    21.76631    4466.32   76.99974
    21.81616    4630.93   78.33123
    21.86618    5279.75   84.89514
    21.91626    5829.30   90.22534
    21.96614    6574.37   97.32580
    22.01616    7110.45  102.46189
    22.06611    7852.27  109.91265
    22.11604    8051.85  111.90174
    22.16596    7989.20  111.55429
    22.21592    7959.58  110.97729
    22.26596    7849.35  109.53259
    22.31592    7410.70  105.76982
    22.36586    7183.28  103.99286
    22.41563    6768.70   99.97842
    22.46572    6175.79   94.36740
    22.51578    5645.10   89.29483
    22.56568    4898.09   82.08375
    22.61196    4225.79   77.47260
    22.66207    3632.12   71.00070
    22.71214    3039.32   63.81459
    22.76224    2751.86   60.45820
    22.81220    2331.28   54.81780
    22.86216    2048.97   51.26451
    22.91222    1742.11   46.65073
    22.96226    1451.93   42.15069
    23.01230    1216.34   38.19292
    23.06216    1052.24   35.50188
    23.11217     966.86   33.81397
    23.16226     968.34   33.94337
    23.21213     949.41   33.61053
    23.26215     920.38   33.13021
    23.31211     884.56   32.42638
    23.36204     889.47   32.42835
    23.41196     894.47   32.49814
    23.46191     863.76   31.94127
    23.51195     848.44   31.59933
    23.56191     856.24   31.78570
    23.61186     856.95   31.85349
    23.66163     799.55   30.70310
    23.71171     808.75   30.79480
    23.76177     868.66   32.09077
    23.81167     866.02   32.26585
    23.86136     931.41   36.77343
    23.91146     888.13   35.82903
    23.96153     886.21   35.77769
    24.01164     915.72   36.81528
    24.06159     953.10   37.45848
    24.11155     901.68   36.13334
    24.16161     832.29   34.78575
    24.21165     880.63   35.68214
    24.26169     909.05   36.39090
    24.31155     890.85   36.06489
    24.36157     823.90   34.44270
    24.41165     872.84   35.51746
    24.46153     868.69   35.53999
    24.51154     844.11   34.92639
    24.56150     869.95   35.74834
    24.61143     842.28   35.04726
    24.66135     870.84   35.43816
    24.71130     807.88   34.05372
    24.76134     787.48   33.62553
    24.81131     799.05   33.97489
    24.86125     788.06   33.87119
    24.91102     789.39   33.74595
    24.96110     833.76   34.74112
    25.01116     800.07   34.01598
    25.06106     823.40   34.62126
    25.11545     801.39   33.12835
    25.16555     785.92   32.96178
    25.21563     793.42   32.99925
    25.26573     819.35   34.25174
    25.31568     796.68   33.22102
    25.36565     780.48   33.21262
    25.41571     821.14   33.51818
    25.46575     781.52   32.57584
    25.51579     812.20   33.55124
    25.56564     822.25   33.56532
    25.61566     848.33   34.00408
    25.66574     844.17   34.13539
    25.71562     802.73   33.42225
    25.76564     744.98   31.82351
    25.81559     776.41   32.56477
    25.86552     811.29   33.30586
    25.91545     815.06   33.32766
    25.96540     747.86   32.20071
    26.01544     768.84   32.69038
    26.06540     737.53   31.73868
    26.11534     815.88   33.48021
    26.16512     744.25   31.81865
    26.21520     723.78   31.40702
    26.26526     794.45   32.92863
    26.31516     829.77   33.74290
    26.37759     804.26   28.86254
    26.42770     766.01   28.14824
    26.47777     815.55   29.11489
    26.52787     822.52   29.33269
    26.57783     823.32   29.24577
    26.62779     826.59   29.35920
    26.67785     815.38   29.09964
    26.72789     810.41   28.98090
    26.77793     763.55   28.07745
    26.82779     820.02   29.12655
    26.87780     884.62   30.32213
    26.92789     830.77   29.58766
    26.97776     785.68   28.61478
    27.02778     793.66   28.71046
    27.07774     870.84   30.25809
    27.12767     754.98   27.92499
    27.17759     813.84   29.05077
    27.22754     789.20   28.56423
    27.27758     802.59   28.99683
    27.32754     781.87   28.40481
    27.37749     832.83   29.48541
    27.42726     800.85   28.90254
    27.47734     806.72   28.88808
    27.52740     810.28   28.95609
    27.57730     762.63   28.08378
    27.63339     854.06   33.20979
    27.68349     882.05   33.48525
    27.73356     821.65   32.11630
    27.78367     841.46   32.67614
    27.83362     850.63   32.62190
    27.88358     850.49   32.66880
    27.93364     813.44   32.09946
    27.98368     778.79   31.22627
    28.03372     815.21   31.73093
    28.08358     824.68   32.06055
    28.13360     855.37   32.64715
    28.18368     861.03   33.29945
    28.23356     806.55   31.63522
    28.28357     831.35   32.46510
    28.33353     873.83   32.91833
    28.38346     885.53   33.38656
    28.43338     842.76   32.15477
    28.48333     865.40   32.88193
    28.53337     826.46   31.96189
    28.58334     880.00   32.91286
    28.63328     876.56   32.96024
    28.68305     838.86   32.46119
    28.73313     834.81   32.37717
    28.78319     851.69   32.39195
    28.83309     850.41   32.46263
    28.86573     893.22   35.65095
    28.91584     852.43   34.52006
    28.96591     862.51   34.61617
    29.01601     800.10   33.35751
    29.06596     920.70   35.68429
    29.11593     865.00   34.74088
    29.16599     894.11   35.24748
    29.21603     878.50   35.13941
    29.26607     869.20   34.74272
    29.31592     860.04   34.47670
    29.36594     828.47   34.13633
    29.41602     851.02   34.38221
    29.46590     869.29   34.87673
    29.51592     787.01   33.10706
    29.56587     776.69   32.79521
    29.61580     859.75   34.72481
    29.66573     803.70   33.98005
    29.71568     820.00   33.64884
    29.76572     858.68   34.55660
    29.81568     854.16   34.41531
    29.86562     829.50   33.87552
    29.91540     817.03   34.03756
    29.96548     790.15   33.21896
    30.01554     843.92   34.45861
    30.06544     828.83   34.06479
    30.09852     831.58   32.35096
    30.14863     836.90   32.36757
    30.19870     866.32   33.03502
    30.24880     818.03   32.06207
    30.29876     935.37   34.39301
    30.34872     943.59   34.56763
    30.39878     920.54   34.27665
    30.44882     920.45   34.28720
    30.49886     961.49   34.97567
    30.54872     976.38   35.51189
    30.59873    1099.49   37.82756
    30.64882    1240.47   40.39645
    30.69869    1248.83   40.55657
    30.74871    1384.53   42.85755
    30.79867    1469.53   44.58345
    30.84860    1591.46   46.82355
    30.89852    1582.98   46.44117
    30.94847    1817.56   50.08313
    30.99851    2031.05   53.44382
    31.04847    2144.29   55.01937
    31.09842    2381.76   58.52412
    31.14819    2656.19   61.95155
    31.19827    2855.64   64.39118
    31.24833    3193.66   68.68435
    31.29823    3468.05   71.87994
    31.35142    3965.13   81.46746
    31.40152    4512.56   87.17758
    31.45159    5196.13   94.41058
    31.50170    5805.09  100.07591
    31.55165    6753.99  109.92658
    31.60161    7397.81  115.84530
    31.65168    7938.59  121.38389
    31.70171    8235.84  124.47491
    31.75175    8199.73  123.76264
    31.80161    8072.87  121.48134
    31.85163    7971.10  121.03237
    31.90171    7586.59  116.82989
    31.95159    7167.87  112.57971
    32.00161    6622.43  106.93343
    32.05156    6111.23  101.66366
    32.10149    5203.64   92.09917
    32.15141    4630.45   85.86442
    32.20137    3909.73   77.67196
    32.25140    3211.38   69.46041
    32.30137    2914.61   65.97633
    32.35131    2532.69   61.17637
    32.40108    2106.10   55.10845
    32.45116    1721.90   49.41843
    32.50123    1428.02   44.91206
    32.55112    1153.99   40.09043
    32.59631    1076.42   36.08565
    32.64642     961.07   33.53083
    32.69649     994.01   34.26920
    32.74659     916.21   32.64173
    32.79654     894.36   32.57103
    32.84651     881.26   31.99601
    32.89657     894.30   32.85973
    32.94661     898.73   32.35329
    32.99665     883.85   32.23956
    33.04650     852.51   31.46396
    33.09652     865.73   32.07425
    33.14660     876.08   31.91546
    33.19648     877.08   32.17196
    33.24650     794.10   30.11954
    33.29645     780.10   30.17460
    33.34638     840.15   31.93699
    33.39631     905.27   33.30267
    33.44626     862.05   31.68349
    33.49630     820.71   30.77295
    33.54626     854.19   31.81185
    33.59620     826.64   31.04407
    33.64598     857.99   32.18905
    33.69606     850.63   31.76884
    33.74612     855.37   31.84745
    33.79602     911.62   32.78434
    33.83740     747.38   27.25998
    33.88751     822.55   28.63441
    33.93758     852.22   29.12920
    33.98768     840.02   28.89698
    34.03764     826.28   28.55937
    34.08760     881.55   29.59335
    34.13766     865.87   29.34929
    34.18770     882.16   29.58002
    34.23774     837.56   28.89379
    34.28760     920.12   30.19525
    34.33761     872.50   29.45685
    34.38770     869.41   29.42107
    34.43757     865.79   29.36651
    34.48759     898.99   29.83634
    34.53755     876.77   29.50530
    34.58748     905.50   30.09927
    34.63740     868.80   29.44876
    34.68735     863.85   29.27535
    34.73739     879.81   29.52036
    34.78735     843.08   28.89007
    34.83730     883.56   29.66524
    34.88707     805.19   28.23699
    34.93715     864.76   29.27297
    34.98721     874.90   29.50230
    35.03711     897.34   29.90084
    35.10595     824.08   29.29888
    35.15605     901.39   30.74436
    35.20612     834.95   29.45255
    35.25623     862.03   29.90168
    35.30618     839.90   29.68285
    35.35614     871.74   30.05866
    35.40621     832.28   29.42481
    35.45624     835.16   29.42618
    35.50628     868.73   30.05185
    35.55614     878.90   30.12896
    35.60616     865.17   30.04234
    35.65624     824.19   29.24934
    35.70612     846.02   29.77593
    35.75614     796.98   28.71047
    35.80609     837.07   29.47217
    35.85602     847.75   29.65330
    35.90594     821.63   29.18755
    35.95590     882.78   30.26422
    36.00593     873.81   30.07880
    36.05590     767.55   28.21613
    36.10584     811.97   28.96138
    36.15561     787.11   28.82275
    36.20569     800.50   28.89269
    36.25576     840.36   29.51417
    36.30565     839.98   29.62679
    36.37964     791.13   28.53380
    36.42975     813.81   28.94834
    36.47982     804.32   28.65821
    36.52992     788.24   28.38825
    36.57987     769.64   28.04082
    36.62984     792.00   28.44167
    36.67990     788.50   28.37681
    36.72994     814.64   28.88773
    36.77998     793.39   28.46157
    36.82983     791.91   28.44952
    36.87985     786.19   28.38978
    36.92993     785.47   28.33371
    36.97981     788.48   28.41854
    37.02983     815.03   28.80375
    37.07978     809.03   28.73453
    37.12971     788.46   28.37999
    37.17964     781.51   28.27571
    37.22959     743.38   27.51379
    37.27963     759.65   27.82615
    37.32959     787.78   28.36288
    37.37953     766.58   27.97941
    37.42931     761.38   27.88313
    37.47939     806.38   28.68822
    37.52945     792.38   28.42617
    37.57935     784.63   28.38934
    37.62004     836.80   29.69508
    37.67014     812.46   29.22054
    37.72021     827.10   29.46033
    37.77031     812.79   29.21390
    37.82027     801.33   28.97131
    37.87023     856.54   30.03132
    37.92029     855.53   30.10237
    37.97033     893.57   30.79096
    38.02037     849.37   29.96736
    38.07023     896.07   30.76883
    38.12024     959.79   31.99521
    38.17033     922.03   31.28554
    38.22020    1028.27   33.08040
    38.27022    1048.48   33.54736
    38.32018    1110.23   34.73376
    38.37011    1302.04   37.77776
    38.42003    1382.69   39.00951
    38.46998    1524.59   41.16924
    38.52002    1656.36   43.15473
    38.56998    1802.55   45.30412
    38.61993    2165.26   50.35944
    38.66970    2524.36   54.98539
    38.71978    2820.94   58.21892
    38.76984    3181.41   62.29589
    38.81974    3658.34   67.28427
    38.87078    4321.95   71.58819
    38.92088    5222.28   79.76840
    38.97095    5963.87   85.70099
    39.02106    7300.81   96.44182
    39.07101    8251.76  103.85727
    39.12097    9018.56  110.04931
    39.17104    9364.04  112.84945
    39.22107    9519.86  113.98369
    39.27111    9400.29  112.78360
    39.32097    9325.90  112.41551
    39.37099    8781.71  108.13323
    39.42107    8341.71  104.73472
    39.47095    7732.26  100.29025
    39.52097    6934.04   93.48519
    39.57092    5966.28   85.11311
    39.62085    5193.82   78.58600
    39.67077    4326.42   70.63448
    39.72073    3574.29   63.03078
    39.77076    3004.24   57.66906
    39.82073    2518.22   52.22451
    39.87067    2194.51   48.67424
    39.92044    1717.01   42.61372
    39.97052    1434.17   38.76949
    40.02059    1217.46   35.15621
    40.07048    1069.68   32.92460
    40.12237     949.62   29.99405
    40.17248     986.30   30.61556
    40.22255     924.17   29.54431
    40.27265     849.43   28.37436
    40.32260     888.04   28.97714
    40.37257     863.03   28.59193
    40.42263     805.28   27.54630
    40.47267     847.26   28.26902
    40.52271     863.48   28.54719
    40.57256     837.40   28.05931
    40.62258     835.30   28.13167
    40.67266     802.48   27.48329
    40.72254     885.68   28.92320
    40.77256     838.05   28.06638
    40.82251     842.80   28.12611
    40.87244     841.48   28.13093
    40.92237     830.46   27.95853
    40.97232     876.30   28.80153
    41.02236     834.95   27.99979
    41.07232     822.86   27.85391
    41.12226     831.99   28.02564
    41.17204     852.59   28.40361
    41.22212     845.37   28.25890
    41.27218     829.98   27.97645
    41.32208     823.94   27.90734
    41.36432     784.96   28.46833
    41.41442     805.88   28.57665
    41.46449     741.75   27.37998
    41.51459     801.24   28.58619
    41.56455     793.87   28.38110
    41.61451     758.94   27.83098
    41.66457     817.35   28.82737
    41.71461     813.99   28.96087
    41.76465     776.12   28.09634
    41.81451     754.79   27.76614
    41.86452     767.77   27.92594
    41.91461     812.24   28.73385
    41.96449     796.99   28.49646
    42.01450     807.86   28.64215
    42.06446     800.20   28.52645
    42.11439     768.37   28.02079
    42.16431     807.19   28.64039
    42.21426     818.78   28.78182
    42.26430     840.37   29.30616
    42.31427     840.37   29.40123
    42.36421     837.18   29.17730
    42.41398     814.53   28.79534
    42.46406     867.15   29.72755
    42.51412     828.37   29.37813
    42.56402     820.37   28.85506
    42.61411     857.66   30.68461
    42.66421     839.06   30.29536
    42.71428     845.49   30.41958
    42.76439     821.91   29.92864
    42.81434     833.05   30.22315
    42.86430     893.38   31.27769
    42.91437     834.06   30.31111
    42.96440     828.96   30.16721
    43.01444     795.30   29.42885
    43.06430     772.15   28.96977
    43.11432     772.04   28.99613
    43.16440     760.94   28.74860
    43.21428     766.19   28.88774
    43.26430     792.85   29.50341
    43.31425     760.18   28.76914
    43.36418     741.39   28.41213
    43.41410     830.06   30.12503
    43.46406     741.61   28.42984
    43.51409     750.00   28.52149
    43.56406     773.80   29.06986
    43.61400     827.71   30.03619
    43.66377     820.78   29.96863
    43.71385     809.97   29.82410
    43.76392     780.23   29.16933
    43.81381     795.34   29.51741
    43.86495     780.87   28.77899
    43.91506     827.44   29.66822
    43.96513     803.47   29.13095
    44.01523     822.15   29.49514
    44.06518     865.78   30.30828
    44.11515     840.77   29.85139
    44.16521     771.46   28.64030
    44.21525     871.83   30.44574
    44.26529     828.07   29.62026
    44.31514     880.75   30.49748
    44.36516     878.04   30.58669
    44.41524     880.84   30.68836
    44.46512     810.56   29.35996
    44.51514     808.49   29.23807
    44.56509     880.58   30.58392
    44.61502     841.65   29.93664
    44.66495     907.00   31.18819
    44.71490     950.12   31.80803
    44.76494     919.75   31.29413
    44.81490     986.84   32.45051
    44.86484    1113.67   34.61712
    44.91462    1132.01   35.00833
    44.96470    1237.26   36.77861
    45.01476    1339.99   38.37449
    45.06466    1587.68   42.14939
    45.10925    1811.46   46.16744
    45.15935    1979.79   48.36831
    45.20942    2355.45   53.25041
    45.25952    2781.64   58.38936
    45.30948    3279.83   63.70478
    45.35944    3884.98   69.95844
    45.40950    4479.67   75.55580
    45.45954    5330.87   83.37607
    45.50958    6337.10   92.17614
    45.55944    6988.94   97.70322
    45.60945    7320.04  100.80007
    45.65954    7422.39  101.69076
    45.70942    7447.94  101.89400
    45.75943    7148.43   99.18900
    45.80939    6889.78   96.89093
    45.85932    6529.15   93.84290
    45.90924    5983.71   89.07530
    45.95919    5578.86   85.35148
    46.00923    4638.55   76.67466
    46.05920    3945.67   69.81712
    46.10914    3173.10   61.68585
    46.15891    2703.07   56.49633
    46.20899    2308.14   51.73127
    46.25905    1960.57   47.50980
    46.30895    1737.74   44.49628
    46.35974    1385.99   40.26564
    46.40984    1236.76   38.02120
    46.45991     966.71   33.09246
    46.51002     914.85   32.10285
    46.55997     874.10   31.44133
    46.60993     813.05   30.22448
    46.66000     865.24   31.12626
    46.71003     890.69   31.64990
    46.76007     856.12   31.06291
    46.80993     844.88   30.93654
    46.85995     789.08   29.75453
    46.91003     794.14   29.79261
    46.95991     801.61   29.96559
    47.00993     773.50   29.34359
    47.05988     808.56   30.04173
    47.10981     775.45   29.26600
    47.15973     732.94   28.67051
    47.20969     790.62   29.61880
    47.25972     756.81   28.90864
    47.30969     779.67   29.60624
    47.35963     775.06   29.50382
    47.40940     759.57   29.15787
    47.45948     761.03   29.09221
    47.50955     771.35   29.29932
    47.55944     749.75   29.02765
    47.62723     748.91   27.00183
    47.67734     761.81   27.06632
    47.72741     721.85   26.33901
    47.77751     770.74   27.20201
    47.82746     747.65   27.07807
    47.87743     770.34   27.13821
    47.92749     747.01   26.71243
    47.97753     692.62   26.08207
    48.02757     753.30   27.00408
    48.07742     700.61   26.15487
    48.12744     772.84   27.31165
    48.17752     793.77   27.59289
    48.22740     732.49   26.71035
    48.27742     742.86   26.77851
    48.32737     815.36   28.33787
    48.37731     746.33   26.84298
    48.42723     775.31   27.69165
    48.47718     786.72   27.42222
    48.52722     755.54   27.09513
    48.57718     767.04   26.89112
    48.62713     781.99   27.40054
    48.67690     747.65   26.87279
    48.72698     699.86   25.97212
    48.77704     775.59   27.23040
    48.82694     763.70   26.97299
    48.87053     795.73   27.40408
    48.92063     785.32   27.15253
    48.97070     752.33   26.44682
    49.02080     768.46   26.72570
    49.07076     775.57   26.95682
    49.12072     766.03   26.87562
    49.17078     723.46   25.85070
    49.22082     787.23   27.15076
    49.27086     758.56   26.52642
    49.32072     788.80   27.00434
    49.37073     823.34   27.61730
    49.42082     859.12   28.32472
    49.47070     774.26   26.70583
    49.52071     791.38   26.98970
    49.57067     817.91   27.56586
    49.62060     856.06   28.39886
    49.67052     806.48   27.58708
    49.72047     808.28   27.33063
    49.77051     792.14   27.04029
    49.82048     800.49   27.33315
    49.87042     832.55   27.84578
    49.92019     814.22   27.60043
    49.97027     767.77   26.91790
    50.02033     792.59   27.29591
    50.07023     819.67   27.62465
    50.10067     812.84   28.86996
    50.15077     793.47   28.46929
    50.20084     763.66   28.04173
    50.25095     763.39   27.99027
    50.30090     809.00   28.90112
    50.35086     799.64   28.60164
    50.40093     824.57   29.11720
    50.45096     832.36   29.25199
    50.50100     792.17   28.50015
    50.55086     830.32   29.14824
    50.60088     885.21   30.19312
    50.65096     853.53   29.88255
    50.70084     903.71   30.73123
    50.75086     886.82   30.17124
    50.80081     992.45   32.15978
    50.85074    1108.20   34.03086
    50.90066    1173.66   35.18007
    50.95062    1332.56   37.64270
    51.00065    1431.78   39.01493
    51.05062    1682.19   42.65407
    51.10056    1961.84   46.39330
    51.15033    2234.81   49.84165
    51.20041    2696.52   54.93668
    51.25048    3249.35   60.92902
    51.30037    3732.23   65.78422
    51.36641    4412.86   71.62799
    51.41652    4662.94   74.06005
    51.46659    4565.86   73.02334
    51.51669    4769.53   74.91230
    51.56664    4540.72   72.63001
    51.61661    4487.99   72.20142
    51.66667    4192.79   69.48132
    51.71671    3766.40   65.18888
    51.76675    3434.04   61.88473
    51.81660    3031.91   57.62602
    51.86662    2652.44   53.62930
    51.91670    2224.45   48.77467
    51.96658    1877.49   44.44484
    52.01660    1634.73   41.28624
    52.06655    1399.83   38.14552
    52.11649    1284.02   36.33260
    52.16641    1150.78   34.35372
    52.21636     943.35   30.89486
    52.26640     942.02   30.83880
    52.31636     875.47   29.71928
    52.36631     881.41   29.87913
    52.41608     817.30   28.66479
    52.46616     841.41   29.13942
    52.51622     769.93   27.92908
    52.56612     774.60   27.88807
    52.63691     787.23   29.51079
    52.68701     838.93   30.47627
    52.73708     797.96   29.59501
    52.78718     753.78   28.76876
    52.83714     818.87   30.06916
    52.88710     783.48   29.35892
    52.93716     803.32   29.77895
    52.98720     747.48   28.62085
    53.03724     770.27   29.16136
    53.08710     744.51   28.59902
    53.13711     781.41   29.33523
    53.18720     786.01   29.43009
    53.23708     816.06   30.05902
    53.28709     778.59   29.19250
    53.33705     787.07   29.46338
    53.38698     760.06   28.97638
    53.43690     810.48   29.88297
    53.48685     805.09   29.77249
    53.53689     771.59   29.16605
    53.58686     803.35   29.73649
    53.63680     757.63   28.85171
    53.68657     775.96   29.23007
    53.73665     747.76   28.65214
    53.78671     778.96   29.27027
    53.83661     745.62   28.71357
    53.87000     738.16   27.90358
    53.92010     792.69   28.87019
    53.97017     723.05   27.50948
    54.02028     776.19   28.49311
    54.07023     816.69   29.39924
    54.12020     769.75   28.63528
    54.17026     720.62   27.39842
    54.22030     741.07   27.98938
    54.27033     780.60   28.69798
    54.32019     768.63   28.51491
    54.37021     763.70   28.32872
    54.42029     800.42   29.19222
    54.47017     749.00   28.19597
    54.52019     736.92   27.71149
    54.57014     795.87   28.87826
    54.62007     791.79   28.79597
    54.66999     736.85   27.85670
    54.71995     760.71   28.29785
    54.76999     807.81   29.19411
    54.81995     788.52   28.82977
    54.86989     797.29   28.97726
    54.91966     726.98   28.01928
    54.96975     816.80   29.39351
    55.01981     795.35   28.92221
    55.06971     784.99   28.68617
    55.10219     739.58   26.10080
    55.15230     806.62   27.26800
    55.20237     819.24   27.42081
    55.25247     804.75   27.20845
    55.30242     802.08   27.18892
    55.35239     802.58   27.18410
    55.40245     827.59   27.65816
    55.45249     875.83   28.43487
    55.50253     832.90   27.72229
    55.55238     843.84   27.87146
    55.60240     914.83   29.12083
    55.65248     885.46   28.59959
    55.70236     911.14   29.10172
    55.75238     887.44   28.62146
    55.80233     928.19   29.29791
    55.85227     892.87   28.75873
    55.90219     913.07   29.05290
    55.95214     920.38   29.12918
    56.00218     912.45   29.00210
    56.05214     956.88   29.82923
    56.10209     978.58   30.13554
    56.15186    1001.44   30.53532
    56.20194    1042.51   31.24750
    56.25200    1154.21   33.01513
    56.30190    1201.70   33.75878
    56.35839    1344.41   37.71305
    56.40849    1445.84   39.24372
    56.45856    1758.95   43.66195
    56.50866    2118.13   48.26740
    56.55862    2532.54   53.25370
    56.60858    3056.48   58.71947
    56.65864    3708.96   65.57127
    56.70868    4176.55   70.17153
    56.75872    4824.02   76.07751
    56.80858    5019.69   77.99721
    56.85859    5128.87   79.00987
    56.90868    4974.40   77.41793
    56.95856    4834.54   76.17499
    57.00857    4702.00   74.74025
    57.05853    4410.76   72.05598
    57.10846    4138.62   69.41392
    57.15838    3625.59   64.27166
    57.20833    3150.03   59.25494
    57.25837    2559.87   52.89518
    57.30834    2164.51   48.21634
    57.35828    1947.96   45.61023
    57.40805    1599.89   41.11189
    57.45813    1355.84   37.53913
    57.50819    1243.81   35.87109
    57.55809    1109.59   33.78895
    57.61968     960.41   30.71799
    57.66978     848.29   28.89604
    57.71985     804.74   27.94000
    57.76996     829.36   28.38436
    57.81991     778.30   27.52476
    57.86988     800.47   27.89514
    57.91994     811.95   28.06659
    57.96998     766.12   27.23212
    58.02001     790.27   27.74154
    58.06987     780.77   27.62156
    58.11989     803.80   28.00377
    58.16997     776.21   27.39477
    58.21985     789.67   27.76058
    58.26987     796.25   27.85314
    58.31982     825.38   28.36450
    58.36975     826.00   28.32151
    58.41967     796.58   27.90929
    58.46963     834.90   28.46436
    58.51967     792.80   27.84591
    58.56963     853.05   28.93790
    58.61957     825.43   28.41708
    58.66934     817.44   28.12089
    58.71943     796.94   27.88943
    58.76949     826.60   28.42906
    58.81939     819.99   28.29703
    58.86822     783.30   27.65424
    58.91833     778.00   27.69602
    58.96840     800.03   27.95832
    59.01850     843.62   28.97693
    59.06845     807.42   28.19018
    59.11842     826.64   28.48337
    59.16848     780.54   27.69514
    59.21852     816.58   28.24071
    59.26856     816.53   28.23657
    59.31841     785.69   27.61626
    59.36843     745.53   26.94294
    59.41851     839.16   28.72573
    59.46839     799.25   27.97781
    59.51841     766.50   27.34692
    59.56836     810.54   28.17752
    59.61830     825.29   28.30822
    59.66822     788.88   27.87124
    59.71817     764.95   27.26833
    59.76821     796.12   27.82226
    59.81817     759.69   27.09822
    59.86812     797.75   27.85985
    59.91789     788.29   27.70651
    59.96797     771.60   27.52701
    60.01803     786.11   27.69093
    60.06793     808.26   28.36299
    60.10817     764.39   27.28353
    60.15827     793.86   28.04636
    60.20834     763.63   27.28903
    60.25845     786.43   27.83859
    60.30840     793.48   27.77436
    60.35836     825.06   28.64878
    60.40842     754.90   27.20287
    60.45846     762.07   27.64299
    60.50850     835.44   28.82801
    60.55836     757.59   27.09689
    60.60837     784.95   27.69805
    60.65846     763.73   27.41016
    60.70834     774.94   27.72472
    60.75835     725.34   26.49118
    60.80831     801.51   27.88691
    60.85824     806.37   28.05504
    60.90816     787.34   27.82034
    60.95811     792.63   27.79738
    61.00815     789.53   27.69147
    61.05812     810.65   28.18825
    61.10806     746.45   27.07534
    61.15783     818.62   28.53574
    61.20791     771.24   27.52786
    61.25797     709.34   26.26794
    61.30787     797.43   27.97678
    61.34766     806.75   32.43392
    61.39776     817.22   33.23526
    61.44783     783.84   32.42700
    61.49794     784.70   32.64361
    61.54789     794.21   32.79632
    61.59786     842.77   33.67176
    61.64792     815.92   32.67946
    61.69796     764.97   31.84172
    61.74799     822.97   32.97047
    61.79785     825.30   32.87440
    61.84787     792.09   32.37243
    61.89795     790.55   32.65049
    61.94783     792.20   31.94840
    61.99785     828.43   32.48320
    62.04780     858.71   34.01963
    62.09773     784.25   32.61635
    62.14765     792.06   32.29837
    62.19761     817.62   32.28522
    62.24765     837.03   33.56770
    62.29761     793.74   32.44184
    62.34755     805.34   32.70206
    62.39732     772.78   31.54239
    62.44741     815.95   33.25268
    62.49747     841.81   33.49757
    62.54737     740.94   31.40754
    62.58955     746.96   33.67156
    62.63966     775.62   33.51211
    62.68973     804.49   34.53319
    62.73983     791.61   34.72680
    62.78978     830.47   34.68321
    62.83975     810.84   34.96680
    62.88981     856.73   35.48411
    62.93985     835.18   34.93874
    62.98989     941.39   37.66835
    63.03974     831.05   35.20820
    63.08976     848.88   35.71291
    63.13984     865.09   35.62025
    63.18972     854.96   36.11505
    63.23974     922.42   37.72654
    63.28969     945.29   37.59794
    63.33963     906.78   37.07859
    63.38955     952.51   37.18366
    63.43950     890.84   36.33829
    63.48954     916.44   36.98418
    63.53950     898.15   36.32646
    63.58945     947.28   37.71339
    63.63922     969.83   38.71832
    63.68930     844.87   35.85119
    63.73936     857.34   35.87931
    63.78926     854.62   35.80507
    63.82930     880.21   31.79037
    63.87940     869.22   31.53898
    63.92947     834.08   30.98156
    63.97958     801.10   30.24678
    64.02953     834.29   30.86524
    64.07949     789.85   30.01999
    64.12955     802.78   30.29234
    64.17959     784.89   30.03359
    64.22963     819.81   30.63977
    64.27949     774.76   29.71411
    64.32951     749.86   29.33940
    64.37959     732.13   28.84773
    64.42947     711.44   28.50482
    64.47948     743.84   29.07906
    64.52944     782.65   29.87773
    64.57937     715.00   28.52511
    64.62929     766.46   29.55761
    64.67924     787.50   29.97615
    64.72928     795.65   30.15240
    64.77925     810.55   30.51086
    64.82919     736.76   28.96137
    64.87896     765.19   29.49708
    64.92904     795.12   30.10005
    64.97910     771.85   29.69785
    65.02900     790.89   30.04463
    65.07469     721.02   27.88832
    65.12479     746.90   28.35448
    65.17486     721.34   27.47131
    65.22497     725.79   27.51715
    65.27492     733.24   27.95310
    65.32489     742.61   28.03703
    65.37495     721.82   27.55074
    65.42499     694.95   27.44857
    65.47502     742.72   27.94258
    65.52488     697.70   27.02165
    65.57490     741.19   27.84923
    65.62498     701.89   27.04204
    65.67486     719.07   27.54085
    65.72488     750.46   28.18531
    65.77483     727.33   27.82120
    65.82476     728.95   27.71857
    65.87468     743.66   27.76362
    65.92464     720.34   27.61765
    65.97468     732.80   27.67799
    66.02464     682.33   26.96253
    66.07458     732.62   27.82793
    66.12435     720.37   27.43526
    66.17444     758.56   28.34460
    66.22450     695.81   27.22394
    66.27440     727.00   27.55145
    66.33258     708.31   27.26497
    66.38269     732.00   27.81736
    66.43276     733.69   27.78268
    66.48286     707.17   27.38782
    66.53282     690.28   26.95364
    66.58278     734.96   27.82850
    66.63284     727.27   27.67631
    66.68288     789.15   28.94837
    66.73292     777.79   28.74004
    66.78277     725.26   27.70580
    66.83279     739.15   27.87785
    66.88287     786.65   28.79607
    66.93275     753.07   28.16773
    66.98277     803.11   29.03479
    67.03272     769.09   28.46795
    67.08266     875.68   30.45079
    67.13258     866.00   30.24140
    67.18253     839.11   29.73894
    67.23257     836.07   29.68996
    67.28253     857.46   30.06741
    67.33248     805.05   29.12020
    67.38225     861.19   30.21890
    67.43233     838.72   29.83779
    67.48239     812.35   29.30600
    67.53229     842.30   30.03445
    67.59603     783.91   30.16036
    67.64613     798.64   30.43474
    67.69620     728.10   29.10877
    67.74631     812.57   30.78556
    67.79626     775.35   29.99081
    67.84622     743.37   29.34882
    67.89628     749.81   29.49524
    67.94632     760.80   29.82504
    67.99636     762.27   29.78163
    68.04622     779.14   30.01693
    68.09624     760.17   29.67386
    68.14632     738.94   29.34796
    68.19620     760.96   29.66479
    68.24621     740.14   29.35397
    68.29617     751.86   29.51171
    68.34610     728.76   29.04628
    68.39602     751.31   29.47595
    68.44597     734.97   29.15366
    68.49601     757.54   29.57989
    68.54598     656.79   27.46796
    68.59592     745.87   29.37024
    68.64569     712.16   28.81021
    68.69577     719.31   28.83371
    68.74583     696.69   28.39274
    68.79573     716.26   28.80350
    68.86402     706.54   28.46623
    68.91412     657.12   27.33371
    68.96419     663.65   27.47693
    69.01430     700.06   28.17244
    69.06425     689.83   28.06128
    69.11422     702.32   28.23151
    69.16428     669.19   27.67592
    69.21432     736.30   28.94566
    69.26435     678.20   27.77424
    69.31421     723.64   28.89290
    69.36423     699.26   28.18082
    69.41431     688.41   27.94969
    69.46419     719.73   28.68351
    69.51421     684.76   27.89671
    69.56416     731.70   29.03346
    69.61409     686.33   27.88488
    69.66401     707.11   28.34778
    69.71397     754.37   29.33102
    69.76401     718.72   28.55851
    69.81397     679.29   27.82532
    69.86391     737.43   28.94725
    69.91368     724.59   28.97806
    69.96377     768.50   29.60447
    70.01383     749.69   29.35496
    70.06373     799.88   30.25555
    70.09781     829.93   29.19895
    70.14792     876.42   30.06742
    70.19799     923.18   30.70663
    70.24809     929.07   30.82587
    70.29805    1054.31   32.86979
    70.34801    1002.28   32.16796
    70.39807    1083.98   33.35195
    70.44811    1126.36   34.05726
    70.49815    1204.98   35.23460
    70.54801    1324.40   36.99687
    70.59802    1360.23   37.63271
    70.64810    1383.80   38.02364
    70.69798    1488.79   39.45304
    70.74800    1592.70   40.97707
    70.79795    1702.79   42.74249
    70.84789    1949.79   45.85787
    70.89781    2243.65   49.59371
    70.94776    2740.57   56.28788
    70.99780    3667.86   67.21356
    71.04776    5263.62   84.21209
    71.09771    7505.31  105.61889
    71.14748   11055.61  134.33313
    71.19756   15992.14  171.43286
    71.24762   22022.12  212.95293
    71.29752   28024.80  254.73515
    71.32861   36872.91  284.67861
    71.37871   39952.81  304.86550
    71.42878   41577.52  314.97022
    71.47889   41902.50  316.00562
    71.52884   41165.40  310.53592
    71.57880   39283.06  299.12936
    71.62886   36679.31  282.86471
    71.67890   32950.61  259.70240
    71.72894   27842.39  227.37564
    71.77880   22507.98  193.82422
    71.82882   17174.21  160.27888
    71.87890   13095.88  133.52011
    71.92878   10457.45  115.96589
    71.97879    8173.77   99.91062
    72.02875    6213.11   84.42674
    72.07868    4586.38   70.06388
    72.12860    3307.41   57.72533
    72.17855    2402.87   48.16336
    72.22859    1908.02   42.39994
    72.27856    1556.97   37.92456
    72.32850    1440.95   36.28033
    72.37827    1325.94   34.69777
    72.42835    1214.78   33.11838
    72.47841    1113.21   31.64005
    72.52831    1069.29   30.98935
    72.59460     990.58   30.77471
    72.64470    1094.59   32.42926
    72.69477    1055.83   31.77722
    72.74488    1021.65   31.27243
    72.79483    1032.97   31.38297
    72.84480    1007.52   31.05287
    72.89486     971.05   30.54278
    72.94490     993.22   30.79774
    72.99494     933.15   29.85459
    73.04479    1001.77   30.84842
    73.09481    1069.04   32.02899
    73.14489     993.36   30.83692
    73.19477    1015.31   31.17309
    73.24479    1002.35   30.89776
    73.29474    1113.44   32.76391
    73.34467    1071.66   32.14886
    73.39459    1036.56   31.46967
    73.44455    1046.49   31.57265
    73.49459    1101.79   32.42301
    73.54455    1059.58   31.83229
    73.59449    1074.55   32.05749
    73.64426    1049.00   31.69076
    73.69435    1074.97   32.10228
    73.74441    1045.61   31.59248
    73.79431    1031.06   31.42528
    73.83419     955.15   31.11583
    73.88430    1028.88   32.30467
    73.93437     915.07   30.35377
    73.98447     929.83   30.60443
    74.03443    1000.62   31.84379
    74.08439     906.69   30.22168
    74.13445     924.87   30.55236
    74.18449     921.37   30.47191
    74.23453     891.16   30.02442
    74.28439     932.35   30.70243
    74.33440     926.95   30.59621
    74.38448     897.34   30.09087
    74.43436     877.97   29.82089
    74.48438     915.51   30.34569
    74.53433     961.66   31.15087
    74.58427     978.46   31.42667
    74.63419     970.96   31.33486
    74.68414    1011.54   31.97823
    74.73418     989.63   31.59666
    74.78414    1022.37   32.18556
    74.83409    1043.94   32.56846
    74.88386    1031.79   32.36688
    74.93394    1085.87   33.20836
    74.98400    1078.10   33.18303
    75.03390    1153.48   34.27968
    75.07034    1142.44   33.02163
    75.12044    1240.07   34.54948
    75.17051    1244.69   34.54060
    75.22062    1279.37   35.00425
    75.27057    1348.37   36.03752
    75.32053    1350.83   36.09910
    75.37059    1383.21   36.55749
    75.42063    1597.70   39.47245
    75.47067    1689.18   40.70612
    75.52053    1906.91   43.45847
    75.57055    2605.39   51.93078
    75.62063    3466.96   61.46354
    75.67051    4942.36   75.53560
    75.72052    7346.30   95.54527
    75.77048   10800.72  121.71705
    75.82041   14593.93  148.21471
    75.87033   18446.94  175.16397
    75.92028   20296.86  188.01591
    75.97032   21707.72  198.40710
    76.02029   21474.60  196.33015
    76.07023   21518.89  196.61912
    76.12000   20834.40  191.76755
    76.17008   19384.49  181.74138
    76.22014   17720.10  169.96184
    76.27004   15024.52  150.89327
    76.31993   12288.03  133.20372
    76.37003    9440.09  111.94054
    76.42011    7506.18   97.06513
    76.47021    5837.47   83.43690
    76.52016    4785.57   74.25673
    76.57013    3702.38   63.94246
    76.62019    2908.92   55.96489
    76.67023    2215.70   47.97405
    76.72027    1720.81   41.72257
    76.77012    1410.31   37.77807
    76.82014    1252.50   35.35126
    76.87022    1084.11   32.79785
    76.92010    1035.90   31.97829
    76.97012     980.35   30.92028
    77.02007     923.18   30.02197
    77.07000     920.07   29.92680
    77.11992     876.71   29.27163
    77.16988     862.86   28.97251
    77.21992     904.93   29.97691
    77.26988     899.00   29.61568
    77.31982     886.15   29.41592
    77.36959     892.37   29.50890
    77.41968     937.38   30.28337
    77.46974     947.90   30.51021
    77.51964     964.23   30.74124
    77.57897     910.04   29.71923
    77.62908     974.80   30.81382
    77.67915     936.76   30.10290
    77.72925    1014.86   31.36943
    77.77921    1029.06   31.69090
    77.82917    1096.71   32.81949
    77.87923    1081.69   32.46636
    77.92927    1115.68   33.14672
    77.97931    1150.68   33.52346
    78.02917    1198.55   34.37293
    78.07918    1194.62   34.20129
    78.12926    1215.69   34.71930
    78.17914    1197.47   34.39732
    78.22916    1204.48   34.48821
    78.27911    1190.76   34.47793
    78.32905    1103.53   32.96746
    78.37897    1135.75   33.42991
    78.42892    1080.75   33.01738
    78.47896    1029.63   31.68325
    78.52892     993.35   31.28554
    78.57887    1020.17   32.11014
    78.62864     950.93   30.75025
    78.67872     904.04   29.69666
    78.72878     923.81   30.13171
    78.77868     873.84   29.30985
    78.83092     860.60   27.17818
    78.88102     849.15   26.99247
    78.93109     799.39   26.11383
    78.98120     793.66   25.99650
    79.03115     793.27   26.02544
    79.08111     761.01   25.46127
    79.13117     745.73   25.29960
    79.18121     766.66   25.55195
    79.23125     769.37   25.60188
    79.28111     766.21   25.54745
    79.33113     815.87   26.45467
    79.38121     835.54   26.74976
    79.43109     814.66   26.45927
    79.48110     751.69   25.28153
    79.53106     797.27   26.08147
    79.58099     795.45   26.02685
    79.63091     790.85   26.02130
    79.68086     772.39   25.60829
    79.73090     823.41   26.47650
    79.78087     788.90   26.01749
    79.83081     819.07   26.46935
    79.88058     832.60   26.68185
    79.93066     878.46   27.41808
    79.98072     871.48   27.26251
    80.03062     895.38   27.69647
    80.07031     882.33   28.41471
    80.12041     971.15   29.81351
    80.17049     987.96   30.06106
    80.22059    1091.39   31.67994
    80.27054    1293.58   34.70013
    80.32051    1347.99   35.42141
    80.37057    1424.85   36.54217
    80.42061    1539.50   38.11698
    80.47065    1605.05   38.89508
    80.52050    1502.07   37.51888
    80.57052    1528.51   37.88965
    80.62060    1505.98   37.62744
    80.67048    1336.27   35.30885
    80.72050    1293.65   34.60826
    80.77045    1156.02   32.63303
    80.82038    1063.64   31.21106
    80.87030     989.18   30.05844
    80.92026     964.08   29.67092
    80.97030     852.28   27.83342
    81.02026     897.35   28.61110
    81.07020     840.20   27.60112
    81.11997     855.18   28.02154
    81.17006     798.45   26.88412
    81.22012     799.84   26.89957
    81.27002     811.70   27.27648
    81.31680     760.77   26.33343
    81.36691     761.83   26.27625
    81.41698     815.98   27.25428
    81.46708     784.04   26.66382
    81.51704     783.79   26.66429
    81.56700     791.53   26.77468
    81.61706     783.17   26.71252
    81.66710     790.20   26.75281
    81.71714     850.40   27.83892
    81.76700     791.46   26.73354
    81.81701     847.34   27.73506
    81.86709     847.80   27.76766
    81.91697     835.47   27.56494
    81.96699     769.58   26.43832
    82.01694     839.76   27.75550
    82.06688     824.41   27.42417
    82.11680     792.55   26.91951
    82.16675     818.72   27.22773
    82.21679     831.98   27.46689
    82.26675     738.80   26.01727
    82.31670     816.41   27.26914
    82.36647     782.09   26.79342
    82.41655     809.83   27.11554
    82.46661     844.61   27.71159
    82.51651     856.62   27.99864
    82.56945     821.05   26.05343
    82.61955     797.54   25.66471
    82.66962     824.31   26.04112
    82.71973     848.55   26.45797
    82.76968     848.72   26.57360
    82.81964     857.18   26.59747
    82.86970     870.78   26.83749
    82.91974     907.59   27.42815
    82.96978     866.12   26.79914
    83.01964     905.21   27.39657
    83.06966     933.95   27.82355
    83.11974     943.40   27.98249
    83.16962     960.55   28.22465
    83.21963    1019.19   29.04437
    83.26959     927.75   27.69977
    83.31952     963.18   28.23137
    83.36944     914.14   27.46041
    83.41939     984.27   28.51998
    83.46943     919.10   27.63538
    83.51940     883.22   26.98372
    83.56934     910.56   27.44653
    83.61911     878.46   26.94486
    83.66919     855.16   26.53500
    83.71925     883.24   27.00782
    83.76915     849.32   26.47884
    83.83044     869.11   27.34459
    83.88054     830.62   26.68421
    83.93062     893.43   27.69654
    83.98072     852.55   26.96365
    84.03067     829.10   26.63003
    84.08064     827.83   26.58059
    84.13070     832.50   26.67133
    84.18074     864.95   27.30382
    84.23078     859.60   27.09508
    84.28063     801.72   26.11192
    84.33065     869.00   27.44213
    84.38073     931.10   28.43688
    84.43061    1001.98   29.46313
    84.48063    1097.09   31.06247
    84.53058    1409.59   35.48607
    84.58051    1881.72   41.50224
    84.63043    2584.41   49.01053
    84.68039    3480.58   57.69524
    84.73043    4309.00   65.12028
    84.78039    5039.96   71.35286
    84.83033    5577.56   75.68528
    84.88010    5632.41   76.22415
    84.93019    5499.08   75.00281
    84.98025    5284.95   73.23093
    85.03015    4995.22   70.72825
    85.07233    4382.09   70.87357
    85.12244    3750.54   64.74312
    85.17251    3199.09   59.19893
    85.22261    2512.76   51.67636
    85.27257    1997.49   45.83052
    85.32253    1730.13   42.16785
    85.37259    1577.00   40.38708
    85.42263    1285.60   36.18904
    85.47267    1155.98   34.10110
    85.52253     989.98   31.42034
    85.57254     940.93   30.62230
    85.62262     869.97   29.70636
    85.67250     808.23   28.35964
    85.72252     799.31   28.06610
    85.77247     788.10   27.91874
    85.82241     793.76   28.17052
    85.87233     839.43   29.00592
    85.92228     774.49   27.65850
    85.97232     796.69   27.99102
    86.02228     757.26   27.33196
    86.07223     740.91   27.25746
    86.12200     798.90   28.17476
    86.17208     781.40   27.93589
    86.22214     790.39   28.19662
    86.27204     699.19   26.47103
    86.30398     752.01   32.34514
    86.35408     750.88   32.65907
    86.40415     714.10   31.75049
    86.45426     776.09   33.42789
    86.50421     738.08   32.15240
    86.55417     750.31   32.61202
    86.60423     747.93   32.54195
    86.65427     788.64   33.45886
    86.70431     772.43   32.99356
    86.75417     707.30   31.86091
    86.80419     769.67   32.66768
    86.85427     791.59   33.56842
    86.90415     800.45   33.70727
    86.95416     697.21   31.35866
    87.00412     779.69   33.25437
    87.05405     737.87   32.15470
    87.10397     819.75   34.12440
    87.15392     762.21   32.89590
    87.20396     762.56   32.82199
    87.25393     772.88   33.04574
    87.30387     752.51   32.50423
    87.35364     786.23   33.16945
    87.40372     776.42   33.34192
    87.45378     765.34   32.59114
    87.50368     839.25   34.49271
    87.55687     745.99   30.25384
    87.60697     759.71   31.49333
    87.65705     819.78   32.09749
    87.70715     805.22   31.88307
    87.75710     752.37   30.72819
    87.80707     729.04   30.95537
    87.85713     772.03   31.53911
    87.90717     765.84   30.75192
    87.95721     804.46   31.75018
    88.00706     757.79   30.90189
    88.05708     729.27   30.50568
    88.10716     823.96   33.23386
    88.15704     779.05   31.10029
    88.20706     776.16   31.75842
    88.25701     783.03   31.29171
    88.30694     777.86   31.28941
    88.35686     752.94   31.08804
    88.40682     806.39   31.78082
    88.45686     811.87   31.99274
    88.50682     805.36   32.12277
    88.55676     778.47   31.24970
    88.60653     813.98   32.04792
    88.65662     800.19   31.74557
    88.70668     846.15   32.65563
    88.75658     842.19   33.10375
    88.83381     829.06   27.13723
    88.88392     892.13   28.48253
    88.93399     920.63   28.58214
    88.98409    1004.55   29.98706
    89.03405    1050.23   30.66395
    89.08401    1221.78   33.52139
    89.13407    1365.31   35.23340
    89.18411    1335.08   35.01374
    89.23415    1457.19   36.60804
    89.28401    1527.62   37.57965
    89.33402    1428.78   36.23683
    89.38411    1395.11   35.64405
    89.43398    1375.27   35.34580
    89.48400    1247.53   33.52793
    89.53396    1132.69   31.95995
    89.58389    1077.66   31.04123
    89.63381     959.97   29.21059
    89.68376     899.30   28.32302
    89.73380     962.64   29.24036
    89.78376     834.69   27.10537
    89.83371     846.36   27.39372
    89.88348     810.23   26.75574
    89.93356     777.17   26.29670
    89.98362     833.37   27.32803
    90.03352     741.41   25.79167
    90.08556     789.85   28.85748
    90.13566     775.46   28.66562
    90.18573     725.89   27.67765
    90.23584     752.31   28.14014
    90.28579     723.17   27.63118
    90.33575     799.09   29.11617
    90.38581     731.37   27.90707
    90.43585     768.03   28.59237
    90.48589     772.89   28.61688
    90.53575     736.63   27.89983
    90.58577     691.75   26.99309
    90.63585     723.63   27.60876
    90.68573     802.09   29.13658
    90.73574     783.55   28.74858
    90.78570     766.18   28.38880
    90.83563     789.18   28.90983
    90.88555     705.30   27.23599
    90.93550     747.67   28.04730
    90.98554     823.38   29.47111
    91.03551     770.95   28.52533
    91.08545     749.90   28.15947
    91.13522     759.76   28.42059
    91.18530     785.47   28.92949
    91.23536     759.73   28.38159
    91.28526     763.98   28.39994
    91.33170     791.43   29.00169
    91.38180     800.17   29.11489
    91.43188     751.11   28.27237
    91.48198     779.20   28.93640
    91.53193     789.50   28.93776
    91.58190     717.82   27.58326
    91.63196     732.58   27.85778
    91.68200     848.45   30.07218
    91.73204     751.74   28.35585
    91.78189     781.80   28.82429
    91.83191     798.00   29.13831
    91.88199     738.06   28.03239
    91.93187     802.09   29.23931
    91.98189     776.73   28.68381
    92.03184     759.80   28.42874
    92.08177     771.51   28.60788
    92.13169     731.87   27.91213
    92.18165     785.03   28.85408
    92.23169     773.16   28.61642
    92.28165     832.71   29.75106
    92.33159     817.14   29.50434
    92.38136     852.20   30.24811
    92.43145     769.11   28.58969
    92.48151     803.61   29.28401
    92.53141     798.55   29.17545
    92.57024     839.23   28.57445
    92.62035     784.52   27.58189
    92.67042     817.72   28.17961
    92.72052     774.58   27.36678
    92.77048     824.08   28.21923
    92.82044     809.19   28.03961
    92.87050     804.31   27.88140
    92.92054     863.25   29.00321
    92.97058     772.19   27.28746
    93.02044     785.92   27.55598
    93.07045     819.65   28.20873
    93.12054     840.54   28.56944
    93.17041     851.88   28.73038
    93.22043     873.63   29.12199
    93.27039     890.10   29.43274
    93.32032     928.91   30.10187
    93.37024    1017.01   31.49457
    93.42019    1157.47   33.86315
    93.47023    1365.58   36.84776
    93.52019    1433.89   37.67888
    93.57014    1549.80   39.30466
    93.61991    1581.37   39.76871
    93.66999    1595.13   39.91409
    93.72005    1541.86   39.28069
    93.76995    1504.80   38.70183
    93.80984    1457.59   38.31836
    93.85994    1310.94   36.23803
    93.91001    1231.30   34.94255
    93.96012    1134.05   33.60093
    94.01007     983.77   31.10190
    94.06003    1009.71   31.49850
    94.11009     961.74   30.79771
    94.16013     843.73   28.70656
    94.21017     864.42   29.16735
    94.26003     829.22   28.51172
    94.31005     856.63   28.97442
    94.36013     836.98   28.58855
    94.41001     765.69   27.49021
    94.46002     732.99   26.77609
    94.50998     802.39   28.03265
    94.55991     786.53   27.80933
    94.60983     755.41   27.11843
    94.65978     718.64   26.44389
    94.70982     803.61   27.99021
    94.75979     766.35   27.29743
    94.80973     841.32   28.71757
    94.85950     814.84   28.22112
    94.90958     787.11   27.69621
    94.95964     766.08   27.32761
    95.00954     805.01   28.02713
    95.06838     782.66   28.62710
    95.11848     822.21   29.34781
    95.16856     842.67   29.69004
    95.21866     799.32   28.90252
    95.26861     832.30   29.56600
    95.31858     851.76   29.92902
    95.36864     846.89   29.84229
    95.41868     832.99   29.55052
    95.46872     804.89   29.01476
    95.51857     866.04   30.26445
    95.56859     892.03   30.57101
    95.61867     840.48   29.68293
    95.66855     839.14   29.71099
    95.71857     870.14   30.19981
    95.76852     817.08   29.26225
    95.81845     882.76   30.46130
    95.86838     821.31   29.30290
    95.91833     898.81   30.71856
    95.96837     880.82   30.42212
    96.01833     838.23   29.62234
    96.06827     842.34   29.72330
    96.11805     845.46   29.77044
    96.16813     869.81   30.22407
    96.21819     796.15   28.82874
    96.26809     774.27   28.49286
    96.30507     818.63   28.10903
    96.35518     757.63   26.95688
    96.40525     802.22   27.72069
    96.45535     856.68   28.62354
    96.50531     778.52   27.47063
    96.55527     869.58   28.89440
    96.60533     862.99   28.77006
    96.65537     864.33   28.81836
    96.70541     834.01   28.43620
    96.75527     856.68   28.71241
    96.80528     806.96   27.73824
    96.85537     784.59   27.35048
    96.90524     827.64   28.22574
    96.95526     836.63   28.21989
    97.00522     807.69   27.88077
    97.05515     787.01   27.38893
    97.10507     802.54   27.63319
    97.15502     781.42   27.28859
    97.20506     753.31   26.85322
    97.25502     747.91   26.75842
    97.30497     797.74   27.79755
    97.35474     743.90   26.95281
    97.40482     796.25   27.75935
    97.45488     788.73   27.46501
    97.50478     794.73   27.77519
    97.56507     762.01   25.50864
    97.61517     776.61   25.80482
    97.66524     809.75   26.29142
    97.71535     754.95   25.37110
    97.76530     793.46   26.05729
    97.81526     771.49   25.69022
    97.86532     793.22   26.07823
    97.91536     700.76   24.45939
    97.96540     744.69   25.30619
    98.01526     829.60   26.61356
    98.06528     760.00   25.53449
    98.11536     804.52   26.27466
    98.16524     774.96   25.77840
    98.21525     796.93   26.07134
    98.26521     804.51   26.29331
    98.31514     797.91   26.15546
    98.36506     784.31   25.89500
    98.41501     876.42   27.38477
    98.46505     782.59   25.84604
    98.51502     782.98   25.86366
    98.56496     797.08   26.17010
    98.61473     822.70   26.58005
    98.66481     824.09   26.54771
    98.71487     785.08   25.93662
    98.76477     797.86   26.14219
    98.83396     794.10   27.76660
    98.88407     744.15   27.04416
    98.93414     805.83   27.93439
    98.98424     833.99   28.26593
    99.03419     859.29   28.72667
    99.08416     861.07   28.86163
    99.13422     821.66   28.14204
    99.18426     780.46   27.40354
    99.23430     790.35   27.55309
    99.28415     772.78   27.23110
    99.33417     833.16   28.58316
    99.38425     792.01   27.58778
    99.43413     800.01   27.77696
    99.48415     836.61   28.44103
    99.53410     802.68   27.72159
    99.58403     848.10   28.63501
    99.63396     781.62   27.42046
    99.68391     764.05   27.10396
    99.73395     810.25   27.84718
    99.78391     828.77   28.37371
    99.83385     833.69   28.41561
    99.88363     777.37   27.33670
    99.93371     807.53   28.00145
    99.98377     770.04   27.22800
   100.03367     860.28   28.76867
   100.08060     798.05   30.64481
   100.13071     770.84   30.20938
   100.18078     802.20   31.14140
   100.23088     812.19   31.14268
   100.28084     834.94   31.39019
   100.33080     755.06   29.82577
   100.38086     810.11   31.08794
   100.43090     808.23   30.99116
   100.48094     807.87   31.05310
   100.53080     767.17   30.02559
   100.58081     829.03   31.28093
   100.63090     788.36   30.49835
   100.68077     802.10   30.75401
   100.73079     765.12   29.95031
   100.78075     813.98   31.04939
   100.83068     798.67   30.73163
   100.88060     823.00   31.25174
   100.93055     812.48   30.86928
   100.98059     811.03   30.86207
   101.03055     814.08   31.00662
   101.08050     835.13   31.37264
   101.13027     858.66   31.91782
   101.18035     802.28   30.95680
   101.23041     800.88   30.75958
   101.28031     810.88   30.98200
   101.32535     864.61   30.16256
   101.37545     849.43   29.87980
   101.42552     927.18   31.01529
   101.47563     863.40   30.26030
   101.52558     889.10   30.32422
   101.57554     902.64   30.63978
   101.62560     877.86   30.43841
   101.67564     887.37   30.79775
   101.72568     955.73   31.93745
   101.77554     915.23   30.59443
   101.82556    1006.90   32.66635
   101.87564     945.64   31.59358
   101.92552     949.25   31.58971
   101.97554     984.23   32.36125
   102.02549    1015.57   32.73733
   102.07542    1106.93   34.39522
   102.12534    1481.12   39.87511
   102.17529    2039.75   48.30387
   102.22533    3115.63   59.56896
   102.27530    4819.78   77.43677
   102.32524    6814.76   94.53165
   102.37501    8308.87  107.37173
   102.42509    9564.54  117.78893
   102.47515    9824.53  119.67980
   102.52505    9957.49  120.55769
   102.57054    9452.58  111.70762
   102.62065    8475.16  103.90021
   102.67072    7204.12   93.89140
   102.72082    6119.59   85.07412
   102.77077    4776.17   73.76836
   102.82074    3862.38   65.85921
   102.87080    3107.83   57.65043
   102.92084    2539.37   51.93288
   102.97088    2119.15   46.47948
   103.02073    1655.92   41.27632
   103.07075    1467.25   38.56921
   103.12083    1223.45   34.78081
   103.17071    1080.88   32.56295
   103.22073    1063.27   32.25772
   103.27068     915.13   29.79995
   103.32061     985.03   31.02184
   103.37054     961.96   30.73800
   103.42049     954.06   30.69648
   103.47053     891.79   29.64256
   103.52049     907.07   29.89582
   103.57043     854.13   28.67034
   103.62021     891.07   29.64043
   103.67029     902.56   29.56322
   103.72035     871.93   29.30482
   103.77025     852.09   28.80556
   103.81708     865.70   32.51248
   103.86719     883.25   32.70835
   103.91726     903.82   32.95495
   103.96736     871.04   32.43166
   104.01732     928.50   33.47777
   104.06728     884.48   32.64458
   104.11734     918.79   33.28841
   104.16738     889.69   32.77089
   104.21742     875.23   32.49129
   104.26728     868.21   32.27154
   104.31729     925.22   33.40633
   104.36738     821.80   31.47740
   104.41725     882.03   32.57577
   104.46727     877.40   32.45257
   104.51723     866.11   32.22606
   104.56716     894.84   32.80631
   104.61708     915.17   33.16594
   104.66703     895.82   32.83859
   104.71707     856.33   32.04217
   104.76703     872.72   32.36069
   104.81698     890.12   32.77200
   104.86675     914.26   33.18494
   104.91683     920.17   33.28506
   104.96689     916.82   33.17862
   105.01679     913.08   33.16192
   105.05578     882.07   32.66616
   105.10588     898.29   32.97131
   105.15595     884.57   32.64744
   105.20606     899.29   32.84147
   105.25601     908.34   33.10186
   105.30597     947.90   33.82397
   105.35604     866.09   32.29359
   105.40607     890.09   32.77372
   105.45611     905.25   33.09345
   105.50597     884.06   32.58339
   105.55599     939.26   33.72547
   105.60607     929.59   33.60977
   105.65595     949.85   33.90079
   105.70597     902.71   33.06766
   105.75592     973.13   34.39836
   105.80585     978.82   34.49484
   105.85577     962.98   34.12643
   105.90573     999.06   34.81259
   105.95576     994.34   34.70603
   106.00573    1026.27   35.27678
   106.05567    1006.75   34.92400
   106.10544    1023.63   35.31270
   106.15552    1114.95   37.00446
   106.20559    1038.89   35.53692
   106.25548    1134.35   37.22648
   106.31472    1173.09   35.16514
   106.36483    1238.71   35.98811
   106.41490    1144.36   34.55932
   106.46500    1041.96   33.04593
   106.51495    1102.49   33.85735
   106.56492    1180.52   35.08188
   106.61498    1274.02   36.50023
   106.66502    1690.85   42.42046
   106.71506    2368.56   50.99829
   106.76491    3600.32   64.33199
   106.81493    5354.54   81.30045
   106.86501    7645.08  100.77096
   106.91489    9275.35  114.22433
   106.96491   10622.81  125.50908
   107.01486   10743.61  126.88474
   107.06479   10356.37  123.82495
   107.11472    9398.42  116.77215
   107.16467    7960.51  104.77051
   107.21471    6723.92   94.58506
   107.26467    5444.76   83.38474
   107.31461    4349.66   73.54847
   107.36439    3521.26   65.21106
   107.41447    2980.23   58.79315
   107.46453    2424.64   52.79383
   107.51443    2042.30   47.72153
   107.57146    1599.43   39.56473
   107.62157    1416.56   37.24626
   107.67164    1234.72   34.34718
   107.72174    1150.50   33.17512
   107.77170    1090.52   32.13130
   107.82166    1045.00   31.52031
   107.87172     999.65   30.76399
   107.92176    1024.72   31.20223
   107.97180     947.24   29.91188
   108.02166     908.16   29.31691
   108.07167     929.10   29.63702
   108.12176     901.99   29.18904
   108.17163     919.22   29.46275
   108.22165     899.26   29.09182
   108.27161     901.11   29.12341
   108.32154     939.78   29.77693
   108.37146     950.45   29.96303
   108.42141     873.90   28.60302
   108.47145     900.55   29.11781
   108.52141     910.40   29.24925
   108.57136     856.49   28.34816
   108.62113     961.28   30.15156
   108.67121     885.54   28.84062
   108.72127     899.35   29.07743
   108.77117     888.65   28.96369
   108.80846     881.86   29.24375
   108.85856     855.34   28.83540
   108.90863     847.93   28.65597
   108.95874     870.87   28.97404
   109.00869     890.57   29.35755
   109.05865     871.59   29.05443
   109.10872     857.36   28.82123
   109.15875     874.97   29.08049
   109.20879     861.41   28.86844
   109.25865     867.74   28.92046
   109.30867     933.20   30.05440
   109.35875     913.48   29.76624
   109.40863     884.15   29.23406
   109.45865     871.95   28.96262
   109.50860     879.12   29.10729
   109.55853     864.66   29.03432
   109.60845     899.68   29.50551
   109.65841     948.99   30.31668
   109.70844     926.55   29.91293
   109.75841     923.31   29.90772
   109.80835     919.76   29.81550
   109.85812     924.23   29.95717
   109.90820     938.02   30.15673
   109.95827     890.17   29.31976
   110.00816     959.09   30.55353
   110.05475     894.19   30.56731
   110.10486     904.12   30.57265
   110.15493     934.62   31.32707
   110.20503     952.64   31.34996
   110.25498     964.60   31.55088
   110.30495    1039.27   32.85859
   110.35501    1010.11   32.44569
   110.40505    1013.18   32.46293
   110.45509    1030.00   32.69233
   110.50494    1039.04   32.81658
   110.55496    1075.84   33.50044
   110.60504    1030.69   32.64452
   110.65492    1155.80   34.75033
   110.70494    1138.39   34.41985
   110.75489    1171.59   35.05755
   110.80482    1239.07   36.19118
   110.85475    1276.79   36.68714
   110.90470    1277.63   36.57354
   110.95474    1310.06   37.16905
   111.00470    1271.49   36.51901
   111.05464    1267.63   36.46541
   111.10442    1264.01   36.45261
   111.15450    1343.59   37.55717
   111.20456    1457.00   39.29176
   111.25446    1838.13   44.64303
   111.32020    3048.53   61.48008
   111.37030    5180.57   83.99798
   111.42037    8604.40  115.20064
   111.47047   13607.64  154.78172
   111.52043   18938.41  194.64988
   111.57039   23543.64  228.60178
   111.62045   25711.57  244.24280
   111.67049   26093.35  247.02908
   111.72053   23976.26  231.79206
   111.77039   20585.05  205.44029
   111.82040   16993.17  179.01516
   111.87049   13883.59  155.91828
   111.92037   11034.31  134.16818
   111.97038    8938.63  117.85234
   112.02034    6869.75   99.69815
   112.07027    5417.45   86.56568
   112.12019    4288.83   75.49441
   112.17014    3280.65   64.80281
   112.22018    2713.23   57.68608
   112.27015    2157.62   50.31536
   112.32009    1793.25   45.02844
   112.36986    1524.58   41.19032
   112.41994    1329.01   38.15186
   112.47000    1235.25   36.69129
   112.51990    1058.22   33.74111
   112.59279    1071.88   33.96072
   112.64289    1043.15   33.48304
   112.69296    1036.21   33.35075
   112.74307    1036.30   33.31684
   112.79302     996.14   32.63791
   112.84298    1019.99   33.03113
   112.89305    1026.17   33.17033
   112.94308     981.35   32.40410
   112.99312    1002.14   32.74672
   113.04298     974.97   32.29512
   113.09300    1008.80   32.89622
   113.14308     981.86   32.45957
   113.19296     964.33   32.22433
   113.24298    1004.62   32.71911
   113.29293     967.25   32.19827
   113.34286     957.47   31.98585
   113.39278     947.34   31.80368
   113.44274     933.68   31.55565
   113.49277     964.81   32.05040
   113.54274     974.71   32.30145
   113.59268     985.80   32.59286
   113.64245     975.31   32.42330
   113.69253     954.80   31.97292
   113.74260     930.47   31.50792
   113.79249     970.99   32.20132
   113.82598     888.04   31.11153
   113.87609     965.31   32.58927
   113.92616    1003.96   33.13599
   113.97626     991.52   32.93548
   114.02621    1043.71   33.87938
   114.07618     950.55   32.25369
   114.12624     948.32   32.24309
   114.17628    1010.80   33.31420
   114.22632     920.64   31.71689
   114.27617     974.06   32.66362
   114.32619    1031.76   33.69612
   114.37627     930.36   31.91576
   114.42615     944.53   32.14518
   114.47617     941.88   31.99114
   114.52612     999.07   33.07362
   114.57605     991.42   33.01332
   114.62598    1025.51   33.54283
   114.67593     946.04   32.14523
   114.72597     969.78   32.57090
   114.77593     950.25   32.24629
   114.82587     945.64   32.14258
   114.87565     963.42   32.47745
   114.92573     898.48   31.27347
   114.97579     981.89   32.78421
   115.02569     935.41   32.02080
   115.06333     924.83   30.68453
   115.11343     911.87   30.39140
   115.16350     931.37   30.71496
   115.21360     960.79   31.22610
   115.26356     870.55   29.68915
   115.31352     891.32   30.00949
   115.36358     917.94   30.54449
   115.41362     896.91   30.28983
   115.46366     970.98   31.48424
   115.51352     994.41   31.81122
   115.56353     934.84   30.80173
   115.61362     974.43   31.52281
   115.66350     967.31   31.37776
   115.71351    1047.46   32.70129
   115.76347    1008.01   32.03407
   115.81340     990.10   31.82590
   115.86332    1049.32   32.70079
   115.91327    1019.67   32.27769
   115.96331     967.09   31.27404
   116.01328    1048.08   32.66036
   116.06322    1094.86   33.43305
   116.11299    1139.86   34.15055
   116.16307    1421.78   38.32476
   116.21313    1761.51   42.93610
   116.26303    2223.02   48.79913
   116.31367    2537.69   54.19932
   116.36377    3021.56   59.87997
   116.41384    3380.15   63.79218
   116.46395    3232.02   62.54681
   116.51390    3163.91   61.46713
   116.56386    2780.30   57.30686
   116.61393    2451.44   53.56575
   116.66396    2195.81   50.19618
   116.71400    1901.89   46.29212
   116.76386    1652.38   42.89841
   116.81388    1429.65   39.65250
   116.86396    1347.50   38.46505
   116.91384    1253.14   37.06096
   116.96386    1147.59   35.21763
   117.01381    1117.99   34.82430
   117.06374    1077.67   34.10333
   117.11366    1004.15   32.93128
   117.16362     984.30   32.49533
   117.21365     993.63   32.67290
   117.26362     945.43   31.87663
   117.31356     916.68   31.32771
   117.36333     940.23   31.88048
   117.41341     911.29   31.35567
   117.46348     950.37   31.94947
   117.51337     868.56   30.52283
   117.54881     907.82   30.83012
   117.59892     931.60   31.17324
   117.64899     851.63   29.79846
   117.69909     895.91   30.62000
   117.74904     847.49   29.82297
   117.79901     870.96   30.07450
   117.84907     833.37   29.41283
   117.89911     887.41   30.50899
   117.94915     930.33   31.16962
   117.99900     849.16   29.66345
   118.04902     872.97   30.34415
   118.09910     837.82   29.58268
   118.14898     887.21   30.35621
   118.19900     892.63   30.43039
   118.24895     893.65   30.48818
   118.29889     861.13   30.05914
   118.34881     867.43   30.02431
   118.39876     863.05   29.98383
   118.44880     839.51   29.53843
   118.49876     823.83   29.29280
   118.54871     927.76   31.14123
   118.59848     874.50   30.39830
   118.64856     871.49   30.25580
   118.69862     869.01   30.14689
   118.74852     901.20   30.71299
   118.79471     814.27   31.14085
   118.84481     876.34   31.88044
   118.89488     920.80   33.27703
   118.94498     832.84   31.03715
   118.99494     878.53   32.52055
   119.04490     870.61   31.56908
   119.09496     846.20   32.02476
   119.14500     869.77   31.90122
   119.19504     881.91   32.07399
   119.24490     798.17   30.51794
   119.29491     832.43   31.52223
   119.34500     866.63   31.73804
   119.39488     928.11   32.59826
   119.44489     858.59   31.72946
   119.49485     931.57   33.02081
   119.54478     866.37   31.65496
   119.59470     857.22   31.79667
   119.64465     959.22   33.72252
   119.69469     924.54   32.46289
   119.74466     905.04   32.39625
   119.79460     914.85   32.62672
   119.84437     914.35   32.62465
   119.89445     871.07   32.41347
   119.94451     891.42   32.55910
   119.99441     912.47   32.94830
   120.04665     893.90   31.40494
   120.09675     930.90   32.23057
   120.14682     875.38   31.87442
   120.19693     954.46   33.26281
   120.24688     930.89   32.41797
   120.29684     964.02   32.94922
   120.34691     902.57   32.29588
   120.39694     932.20   32.21017
   120.44698     926.06   32.47335
   120.49684     930.04   32.43023
   120.54686    1011.85   34.19033
   120.59694     950.77   32.66897
   120.64682     948.48   32.71294
   120.69684     955.23   32.77598
   120.74679     955.77   32.20491
   120.79672     907.80   32.75589
   120.84664     981.33   33.10854
   120.89660     980.75   32.96552
   120.94663     967.59   33.22725
   120.99660     975.17   32.77761
   121.04654    1088.05   35.29539
   121.09631    1242.07   37.58778
   121.14639    1604.56   43.18168
   121.19646    2139.18   50.48733
   121.24635    3100.92   60.37219
   121.29849    4296.04   64.74920
   121.34860    5522.07   75.18775
   121.39867    6304.47   81.23187
   121.44877    6355.89   81.73356
   121.49872    5992.26   78.69653
   121.54869    5277.48   72.99125
   121.59875    4691.06   68.19351
   121.64879    3836.02   60.67719
   121.69883    3281.96   55.72486
   121.74868    2772.13   50.72137
   121.79870    2337.78   46.46856
   121.84878    2033.30   43.03639
   121.89866    1736.64   39.51370
   121.94868    1539.52   36.98258
   121.99863    1433.95   35.80096
   122.04857    1283.19   33.43814
   122.09849    1115.41   31.11386
   122.14844    1084.54   30.74035
   122.19848     974.31   28.83821
   122.24844     920.14   28.00153
   122.29839     965.98   28.79307
   122.34816     864.89   27.16944
   122.39824     901.46   27.86493
   122.44830     904.25   27.92577
   122.49820     875.85   27.32524
   122.55384     914.47   30.50987
   122.60394     827.03   28.88996
   122.65401     855.80   29.40360
   122.70411     895.05   30.12698
   122.75407     834.92   29.14833
   122.80403     867.02   29.72791
   122.85409     860.72   29.50171
   122.90413     826.44   28.90223
   122.95417     860.98   29.49701
   123.00403     884.98   29.88844
   123.05404     895.66   30.13760
   123.10413     842.72   29.15579
   123.15401     808.84   28.59329
   123.20402     839.31   29.07305
   123.25398     878.25   29.81477
   123.30391     871.67   29.68902
   123.35383     879.42   29.91817
   123.40378     894.37   30.07652
   123.45382     891.87   30.07273
   123.50379     851.41   29.29595
   123.55373     856.75   29.38728
   123.60350     877.32   29.79449
   123.65358     851.47   29.38088
   123.70364     891.67   30.04593
   123.75354     863.35   29.64334
   123.79973     929.99   30.25128
   123.84983     911.77   29.97809
   123.89990     837.04   28.63053
   123.95001     871.06   29.22136
   123.99996     933.62   30.30532
   124.04993     841.04   28.72629
   124.09999     880.45   29.39114
   124.15003     874.46   29.32847
   124.20006     883.00   29.56676
   124.24992     902.14   29.76186
   124.29994     907.40   29.83809
   124.35002     868.68   29.22350
   124.39990     881.63   29.49015
   124.44992     880.77   29.36185
   124.49987     874.02   29.30531
   124.54980     853.37   28.93203
   124.59972     938.04   30.39519
   124.64968     869.29   29.27773
   124.69972     894.51   29.60652
   124.74968     884.95   29.47238
   124.79962     837.84   28.71927
   124.84939     946.06   30.52837
   124.89948     899.33   29.71276
   124.94954     914.32   29.97977
   124.99944     887.27   29.55160
   125.03662     950.65   32.88767
   125.08673     890.12   31.68583
   125.13680     926.92   32.65973
   125.18690     954.01   32.77564
   125.23685     947.32   32.97238
   125.28682    1019.54   34.02979
   125.33688     970.60   33.82364
   125.38692    1074.69   35.36359
   125.43696    1080.49   34.89766
   125.48681    1064.62   34.90864
   125.53683    1011.85   34.11192
   125.58691    1085.20   35.61671
   125.63679    1182.26   36.68788
   125.68681    1041.57   34.41359
   125.73676    1227.69   37.68187
   125.78670    1230.89   37.52956
   125.83662    1264.96   38.03779
   125.88657    1255.02   37.65076
   125.93661    1374.56   39.64408
   125.98657    1323.11   38.58705
   126.03652    1345.89   39.28467
   126.08629    1351.49   39.26533
   126.13637    1428.15   40.31931
   126.18643    1350.13   39.48501
   126.23633    1413.59   40.27623
   126.28102    1474.63   41.06750
   126.33112    1663.46   43.18574
   126.38119    2298.53   51.74997
   126.43129    3720.58   66.65269
   126.48125    6158.49   90.54557
   126.53121    9433.97  119.45297
   126.58127   13022.75  148.16093
   126.63131   16151.75  174.79276
   126.68135   18042.46  186.41726
   126.73121   18859.28  191.41292
   126.78122   18146.32  185.72446
   126.83131   16165.30  169.91231
   126.88119   13924.14  153.35387
   126.93120   11462.82  134.35081
   126.98116    9516.23  121.03406
   127.03109    7799.88  106.50023
   127.08101    6361.94   94.32089
   127.13096    5299.95   85.57526
   127.18100    4400.51   76.71602
   127.23097    3540.52   67.12203
   127.28091    2980.96   60.89944
   127.33068    2502.42   55.24873
   127.38076    2070.77   49.95934
   127.43082    1760.09   46.03100
   127.48072    1433.33   40.38351
   127.54616    1280.43   32.86055
   127.59626    1163.21   31.20553
   127.64633    1115.77   30.54964
   127.69644    1048.73   29.51701
   127.74639    1026.82   29.15555
   127.79636     874.06   26.96145
   127.84642    1001.41   28.97610
   127.89646     895.06   27.22193
   127.94649     929.93   27.77764
   127.99635     906.34   27.33058
   128.04637     945.08   27.97540
   128.09645     911.33   27.45339
   128.14633     860.64   26.62505
   128.19635     900.34   27.22287
   128.24630     949.63   27.95854
   128.29623     866.73   26.71642
   128.34615     874.68   27.08534
   128.39611     928.09   27.59213
   128.44615     893.28   27.05324
   128.49611     906.20   27.28143
   128.54605     935.39   27.88917
   128.59582     860.95   26.66024
   128.64591     888.10   27.17459
   128.69597     913.26   27.49617
   128.74587     911.95   27.57337
   128.82310     931.61   30.07525
   128.87321     913.65   29.78484
   128.92328     817.40   28.46719
   128.97338     971.74   30.85954
   129.02333     939.52   30.24577
   129.07330     886.40   29.36914
   129.12336     897.29   29.51309
   129.17340     895.28   29.56381
   129.22344     928.14   30.28662
   129.27329     873.67   29.07443
   129.32331     880.09   29.33959
   129.37339     948.32   30.45676
   129.42327     912.44   29.75942
   129.47329     837.01   28.42984
   129.52324     868.90   28.97367
   129.57318     932.51   30.20331
   129.62310     983.67   30.93959
   129.67305     914.55   29.81114
   129.72309     931.29   30.01475
   129.77305     937.80   30.14841
   129.82300     887.22   29.40927
   129.87277     992.19   31.17650
   129.92285     885.81   29.40170
   129.97291    1027.88   31.73856
   130.02281     906.83   29.77060
   130.07285     937.88   34.22840
   130.12295     949.53   34.65096
   130.17302    1005.90   35.68185
   130.22313     928.78   34.06288
   130.27308     936.73   34.36606
   130.32304     948.34   34.55398
   130.37310     991.02   35.59727
   130.42314     896.43   33.47859
   130.47318     951.99   34.61554
   130.52304     913.02   33.71137
   130.57305     933.25   34.12279
   130.62314     924.35   34.18074
   130.67302     921.27   34.08008
   130.72303     917.82   33.77597
   130.77299     947.47   34.45350
   130.82292     890.41   33.51501
   130.87284     887.30   33.25777
   130.92279     904.84   33.79017
   130.97283     927.74   33.97682
   131.02280     919.58   33.79980
   131.07274     891.30   33.26424
   131.12251     983.02   35.16136
   131.17259     945.77   34.71159
   131.22265     902.72   33.59791
   131.27255     989.34   35.37373
   131.30484     993.77   36.78109
   131.35494     976.27   36.35953
   131.40501     932.47   35.44601
   131.45512     977.46   36.40496
   131.50507    1050.75   37.85185
   131.55504     952.21   35.92188
   131.60510    1072.60   38.14546
   131.65514    1021.81   37.27219
   131.70517    1081.20   38.34452
   131.75503    1059.53   37.90556
   131.80505    1089.95   38.64268
   131.85513    1064.79   37.99450
   131.90501    1104.97   38.77389
   131.95503    1199.07   40.41146
   132.00498    1363.90   43.39341
   132.05491    1909.12   52.03586
   132.10483    2815.05   64.64344
   132.15479    4071.98   80.36325
   132.20483    5512.82   96.41173
   132.25479    7280.38  114.80743
   132.30473    8354.42  125.34453
   132.35450    9298.73  134.38078
   132.40459    9297.74  133.92198
   132.45465    9114.89  131.93637
   132.50455    8748.39  128.08572
   132.55258    8082.68  121.26765
   132.60269    6827.01  108.77558
   132.65276    5870.75   99.18417
   132.70286    4872.36   88.85822
   132.75281    4313.82   83.08351
   132.80278    3623.33   74.96621
   132.85284    3109.81   69.21812
   132.90288    2798.59   64.73560
   132.95292    2312.30   58.32406
   133.00277    2077.60   54.68562
   133.05279    1859.15   51.61475
   133.10287    1712.66   49.58210
   133.15275    1532.11   46.41239
   133.20277    1271.15   41.96138
   133.25272    1203.41   40.86685
   133.30266    1156.13   40.08981
   133.35258    1127.19   39.37361
   133.40253     922.17   35.78697
   133.45257    1012.06   37.17067
   133.50253     980.19   36.66261
   133.55248     978.43   36.51631
   133.60225     949.29   35.94349
   133.65233     905.91   35.21697
   133.70239     986.47   36.67890
   133.75229     961.99   36.34791
   133.81958     921.11   34.19403
   133.86968     970.74   34.83765
   133.91975     926.04   33.99097
   133.96986     911.08   33.61123
   134.01981     983.36   35.64044
   134.06977     915.55   33.81757
   134.11983     988.29   35.28855
   134.16987     949.61   34.86983
   134.21991     964.77   34.69016
   134.26977     959.52   34.56584
   134.31979     910.49   33.78273
   134.36987     913.37   34.00617
   134.41975     929.64   34.05108
   134.46976     977.98   35.01068
   134.51972     879.28   33.59539
   134.56965     909.88   33.88736
   134.61957     957.99   34.54074
   134.66952     999.93   35.19448
   134.71956     916.28   34.02173
   134.76953     978.40   34.94262
   134.81947     969.82   34.83917
   134.86924     930.96   34.48202
   134.91932     892.26   33.39713
   134.96938     877.95   33.31943
   135.01928     894.31   33.54258
   135.06762     937.11   30.16776
   135.11772     896.71   29.43513
   135.16779     970.02   30.53377
   135.21790     931.15   30.08588
   135.26785     916.59   29.61368
   135.31782     888.87   29.36113
   135.36788     965.46   30.49671
   135.41792     905.15   29.54440
   135.46795     919.02   29.72047
   135.51781     939.71   30.09523
   135.56783     866.23   28.75713
   135.61791     898.13   29.33183
   135.66779     947.65   30.20245
   135.71781     939.11   30.22949
   135.76776     924.93   29.97009
   135.81769     967.15   30.60405
   135.86761    1011.07   31.46495
   135.91757     941.45   30.19087
   135.96761     969.44   30.63013
   136.01757     941.79   30.11193
   136.06751     895.22   29.43128
   136.11728     896.67   29.46730
   136.16737     902.29   29.38296
   136.21743     912.28   29.80348
   136.26733     978.63   30.80365
   136.30301     941.16   29.51444
   136.35312     981.02   30.24268
   136.40319     989.35   30.25025
   136.45329     925.48   29.24770
   136.50324     970.06   30.02669
   136.55321     928.53   29.36796
   136.60327     902.06   28.92040
   136.65331     907.55   28.94753
   136.70335     902.70   28.89943
   136.75320     893.25   28.76921
   136.80322     915.90   29.13220
   136.85330     927.94   29.26378
   136.90318     926.10   29.29573
   136.95320     954.22   29.69417
   137.00315     940.48   29.53429
   137.05309     950.88   29.70372
   137.10301     941.46   29.49200
   137.15296     899.69   28.81980
   137.20300     939.08   29.49610
   137.25296     923.67   29.21361
   137.30291     949.39   29.62616
   137.35268     951.50   29.74886
   137.40276     944.86   29.58139
   137.45282     874.31   28.43325
   137.50272     890.08   28.72897
   137.54081     903.22   31.09739
   137.59091     923.79   31.39926
   137.64098     895.18   30.93739
   137.69109     963.69   32.13512
   137.74104     931.88   31.55409
   137.79100     914.87   31.24806
   137.84106     911.99   31.20538
   137.89110     943.10   31.73283
   137.94114     947.89   31.83616
   137.99100     929.94   31.47630
   138.04102     935.52   31.70421
   138.09110     985.08   32.65596
   138.14098     914.78   31.29614
   138.19099     949.58   31.83472
   138.24095     898.71   31.01801
   138.29088     909.50   31.23067
   138.34080     995.56   32.73389
   138.39075     906.90   31.13904
   138.44079     925.78   31.39203
   138.49076     961.62   32.06824
   138.54070     979.33   32.47500
   138.59047     930.68   31.56231
   138.64055     974.44   32.39028
   138.69061     950.13   31.88398
   138.74051     937.01   31.74419
   138.78745     952.70   34.04839
   138.83755     905.67   33.03810
   138.88762     926.06   33.35124
   138.93773     886.25   32.67274
   138.98768     906.78   33.06877
   139.03765     888.39   32.73335
   139.08771     965.53   34.20486
   139.13775     914.39   33.25596
   139.18778     934.44   33.50262
   139.23764     896.50   32.87109
   139.28766     950.10   33.97615
   139.33774     975.42   34.33161
   139.38762     932.71   33.55332
   139.43764     953.58   33.90101
   139.48759     944.33   33.73921
   139.53752     944.74   33.66060
   139.58744     926.65   33.38421
   139.63740     970.54   34.20909
   139.68744     929.60   33.45190
   139.73740    1019.90   35.04394
   139.78734     926.68   33.41229
   139.83711     942.82   33.81945
   139.88720     960.86   34.02189
   139.93726     997.21   34.82601
   139.98716     906.91   33.12923
   140.05939     947.27   32.39300
   140.10950     939.76   32.30175
   140.15957     910.24   31.77451
   140.20967     890.03   31.27485
   140.25963    1017.71   33.65304
   140.30959     967.68   32.95174
   140.35965     924.67   32.04018
   140.40969     934.43   32.33092
   140.45973     923.46   32.04579
   140.50959     981.61   32.93801
   140.55960     901.89   31.73692
   140.60968     974.82   32.79231
   140.65956     954.70   32.90441
   140.70958     934.56   32.06047
   140.75953     906.05   31.57094
   140.80947     905.47   31.70222
   140.85939     888.29   31.57899
   140.90934     898.65   31.56805
   140.95938     948.91   32.74045
   141.00934     952.11   32.39040
   141.05929     899.64   31.73373
   141.10906     915.58   32.05920
   141.15914     966.95   32.64941
   141.20920     900.56   31.53063
   141.25910     861.71   30.89692
   141.30854     896.06   30.29217
   141.35864     937.94   31.05324
   141.40871     903.01   30.50616
   141.45882     901.33   30.38967
   141.50877     924.06   30.79801
   141.55873     918.28   30.68206
   141.60879     934.78   31.01752
   141.65883     913.65   30.58202
   141.70887     945.69   31.20699
   141.75873     883.41   30.09037
   141.80875     923.60   30.86864
   141.85883     955.16   31.33568
   141.90871     878.30   30.12193
   141.95872     871.05   29.93310
   142.00868     914.69   30.62542
   142.05861     952.48   31.24756
   142.10853     880.32   30.19796
   142.15848     976.14   31.61455
   142.20852     961.04   31.40835
   142.25849     973.37   31.66654
   142.30843     918.73   30.70177
   142.35820     975.45   31.69686
   142.40828     920.54   30.77032
   142.45834     969.86   31.54992
   142.50824     986.77   31.87187
   142.54433     908.12   31.60753
   142.59443     969.57   32.59629
   142.64450     955.51   32.26534
   142.69461     953.13   32.28578
   142.74456     976.49   32.68766
   142.79453    1024.88   33.54004
   142.84459     962.38   32.53582
   142.89463     877.20   31.00321
   142.94466     963.41   32.54688
   142.99452     947.16   32.17812
   143.04454     969.68   32.58598
   143.09462     901.66   31.53158
   143.14450     911.72   31.60278
   143.19452     957.26   32.34010
   143.24447     910.22   31.48296
   143.29440     972.20   32.64123
   143.34432     909.69   31.51737
   143.39428     914.62   31.59360
   143.44432     829.78   30.01950
   143.49428     875.67   30.94306
   143.54422     914.72   31.65580
   143.59399     958.38   32.41093
   143.64408     970.76   32.59312
   143.69414     869.82   30.77401
   143.74404     932.02   31.93291
   143.79237     840.85   29.91296
   143.84248     880.76   30.58490
   143.89255     902.50   31.24083
   143.94265     936.71   31.60678
   143.99261     905.18   31.07310
   144.04257     964.18   32.05722
   144.09263     869.81   30.46158
   144.14267     907.46   31.05696
   144.19271     895.61   30.86518
   144.24257     867.76   30.33002
   144.29258     905.08   31.04203
   144.34266     936.70   31.57462
   144.39254     900.24   30.96764
   144.44256     861.09   30.18561
   144.49251     946.16   31.75382
   144.54245     872.53   30.47880
   144.59237     934.38   31.52999
   144.64232     937.32   31.58290
   144.69236     907.71   31.08726
   144.74232     933.77   31.54797
   144.79227     959.25   32.00124
   144.84204    1018.05   32.98376
   144.89212     913.52   31.19265
   144.94218     952.80   31.95307
   144.99208     941.54   31.70111
   145.05497    1013.23   34.79451
   145.10507     920.93   33.14981
   145.15514    1047.90   35.65566
   145.20525    1051.44   35.49373
   145.25520    1100.66   36.33257
   145.30516    1197.77   38.19744
   145.35522    1429.00   41.84338
   145.40526    1547.77   43.67858
   145.45530    1699.74   46.01270
   145.50516    1897.98   48.97171
   145.55518    2124.80   51.87172
   145.60526    2189.83   52.97739
   145.65514    2310.69   54.28160
   145.70515    2478.25   56.26310
   145.75511    2515.64   56.92582
   145.80504    2732.26   59.90520
   145.85496    2677.41   58.94129
   145.90491    2798.36   60.08211
   145.95495    2812.61   60.35375
   146.00492    2501.93   56.49430
   146.05486    2342.24   54.51788
   146.10463    2358.05   54.60120
   146.15471    2123.70   51.53706
   146.20477    1970.18   49.47749
   146.25467    1818.15   47.34796
   146.30431    1641.38   44.16261
   146.35441    1577.78   43.26060
   146.40448    1515.55   42.50429
   146.45459    1360.18   39.90752
   146.50454    1369.01   40.01432
   146.55451    1285.43   39.02826
   146.60457    1200.34   37.44600
   146.65461    1148.93   36.90434
   146.70465    1215.73   38.01228
   146.75450    1140.01   36.33099
   146.80452    1032.81   34.93390
   146.85460     985.48   34.14091
   146.90448     997.20   34.04287
   146.95450     970.07   33.60457
   147.00445    1017.06   34.43082
   147.05438     973.90   33.77664
   147.10430    1018.12   34.68001
   147.15426     975.03   33.61863
   147.20430     941.08   33.17101
   147.25426     995.27   34.15144
   147.30420     972.13   33.77458
   147.35397     926.88   33.06065
   147.40406     942.40   33.23534
   147.45412     932.55   32.81417
   147.50402     884.75   32.07564
   147.54590     997.21   31.55637
   147.59601    1007.54   31.75856
   147.64608     999.21   31.60098
   147.69618     981.48   31.26981
   147.74614     960.70   30.94076
   147.79610     979.20   31.24164
   147.84616     981.47   31.28796
   147.89620     982.72   31.28375
   147.94624     974.18   31.29548
   147.99610     941.18   30.58796
   148.04611     990.52   31.45213
   148.09619     993.27   31.51959
   148.14607     969.51   31.11231
   148.19609     980.15   31.25961
   148.24604     974.59   31.27301
   148.29598     985.67   31.41059
   148.34590    1020.13   31.94043
   148.39585     954.70   30.83147
   148.44589    1032.83   32.06388
   148.49585     957.73   30.90084
   148.54580    1007.57   31.72030
   148.59557    1006.29   31.76398
   148.64565     975.71   31.27285
   148.69571    1039.45   32.27856
   148.74561     953.83   30.87119
   148.79415    1020.75   32.33937
   148.84425     970.89   31.44065
   148.89432    1013.62   32.12018
   148.94443     951.11   31.05333
   148.99438     989.51   31.83020
   149.04434    1044.78   32.71915
   149.09440    1011.94   32.14540
   149.14444     995.07   31.88005
   149.19448     938.27   30.87206
   149.24434     936.47   30.80848
   149.29436     970.41   31.44627
   149.34444     965.64   31.37321
   149.39432     955.42   31.26745
   149.44433     913.55   30.41128
   149.49429     872.31   29.70060
   149.54422     933.14   30.77290
   149.59414     884.56   29.98393
   149.64409     945.01   31.00186
   149.69413     910.73   30.48338
   149.74410     948.52   31.06421
   149.79404     937.33   30.83455
   149.84381     927.48   30.78363
   149.89389     923.49   30.60040
   149.94395     924.21   30.66944
   149.99385     935.03   30.87095
   150.03044     866.62   28.42954
   150.08054     889.86   28.69659
   150.13062     877.91   28.57137
   150.18072     917.89   29.13872
   150.23067     910.71   29.17970
   150.28064     879.55   28.63430
   150.33070     824.36   27.59024
   150.38074     826.00   27.58218
   150.43078     931.96   29.43115
   150.48063     875.17   28.54716
   150.53065     890.03   28.73223
   150.58073     872.34   28.49013
   150.63061     868.33   28.55739
   150.68063     885.74   28.61437
   150.73058     902.51   29.01680
   150.78051     902.12   28.92157
   150.83043     894.70   28.82191
   150.88039     823.41   27.63957
   150.93043     866.33   28.38440
   150.98039     837.49   27.82012
   151.03033     879.53   28.60830
   151.08010     868.38   28.33650
   151.13019     845.28   28.00504
   151.18025     876.99   28.55096
   151.23015     849.14   28.03945
   151.28478     875.04   28.44189
   151.33489     887.48   28.60771
   151.38496     882.87   28.67843
   151.43506     846.07   27.89391
   151.48502     873.98   28.34146
   151.53498     875.79   28.44451
   151.58504     906.82   28.89478
   151.63508     842.86   27.91694
   151.68512     844.05   27.82503
   151.73498     874.29   28.38335
   151.78499     883.92   28.61332
   151.83507     899.11   28.87113
   151.88495     859.02   28.13901
   151.93497     884.14   28.55292
   151.98492     879.13   28.42324
   152.03486     848.79   28.03476
   152.08478     883.27   28.51616
   152.13473     876.83   28.41335
   152.18477     909.83   28.88097
   152.23473     868.19   28.40145
   152.28468     895.86   28.80759
   152.33445     874.38   28.39625
   152.38453     891.24   28.67963
   152.43459     859.45   28.16332
   152.48449     882.63   28.50691
   152.54223     929.62   30.69724
   152.59233     867.36   29.62099
   152.64240     927.09   30.67486
   152.69251     930.49   30.69182
   152.74246     941.01   30.90681
   152.79242     969.11   31.45011
   152.84248     906.28   30.31047
   152.89252     897.26   30.18122
   152.94256     920.82   30.57869
   152.99242     918.64   30.48071
   153.04244     894.43   30.06737
   153.09252     878.50   29.78900
   153.14240     920.57   30.54003
   153.19241     903.93   30.22663
   153.24237     932.33   30.79422
   153.29230     909.28   30.47448
   153.34222     989.14   31.71754
   153.39217     929.18   30.65099
   153.44221     927.63   30.68150
   153.49218    1043.55   32.73539
   153.54212    1043.77   32.63896
   153.59189    1028.83   32.38296
   153.64197    1095.20   33.41951
   153.69203    1212.24   35.34014
   153.74193    1330.57   37.16237
   153.78982    1524.50   40.14896
   153.83992    1744.39   43.06282
   153.89000    1963.43   45.89157
   153.94010    2426.97   51.66408
   153.99005    2891.28   57.01515
   154.04002    3270.53   61.11708
   154.09008    3590.64   64.55294
   154.14012    4248.34   71.27191
   154.19016    4713.04   75.66626
   154.24001    5098.39   79.12132
   154.29003    5593.74   83.69816
   154.34011    5817.80   85.69021
   154.38999    6191.93   88.91917
   154.44001    6598.96   92.05690
   154.48996    6976.38   95.53981
   154.53989    7353.49   98.68951
   154.58981    7641.19  101.00027
   154.63977    7776.45  102.08416
   154.68981    7892.90  102.80335
   154.73977    7917.59  103.11199
   154.78971    7874.63  102.56580
   154.83948    7726.31  101.33764
   154.88957    7715.86  101.32823
   154.93963    7527.01   99.56822
   154.98953    7160.09   96.66515
   155.04211    6822.30   92.64789
   155.09222    6701.23   91.81834
   155.14229    6248.44   87.86944
   155.19239    5780.20   84.08024
   155.24235    5380.80   80.62869
   155.29231    4889.18   76.30170
   155.34237    4403.32   71.88843
   155.39241    4143.75   69.71053
   155.44245    3565.15   63.93683
   155.49231    3304.11   61.27020
   155.54232    3130.39   59.61077
   155.59240    2899.81   57.15163
   155.64228    2707.41   54.86817
   155.69230    2511.48   52.46585
   155.74225    2332.83   50.27316
   155.79219    2234.37   49.22304
   155.84211    2066.28   46.92848
   155.89206    1884.79   44.73778
   155.94210    1831.06   43.97836
   155.99206    1702.58   42.33605
   156.04201    1536.86   39.98881
   156.09178    1392.33   37.99898
   156.14186    1403.82   38.01703
   156.19192    1340.29   37.19423
   156.24182    1260.93   35.94716
   156.29071    1177.96   35.08814
   156.34081    1196.91   35.35678
   156.39088    1100.68   33.81222
   156.44099    1090.03   33.66532
   156.49094    1043.67   32.79600
   156.54090    1071.26   33.29121
   156.59096    1022.03   32.54086
   156.64100    1028.42   32.70127
   156.69104     978.65   31.84446
   156.74090     975.45   31.68415
   156.79092     938.21   31.14279
   156.84100     909.07   30.50027
   156.89088     901.99   30.41532
   156.94089     918.38   30.76343
   156.99085     923.55   30.85906
   157.04078     980.39   31.77982
   157.09070     929.91   30.91286
   157.14065     909.48   30.53000
   157.19069     897.31   30.47543
   157.24066     913.51   30.66433
   157.29060     927.18   30.81869
   157.34037     914.94   30.62365
   157.39045     875.70   29.93575
   157.44051     871.56   29.93901
   157.49041     868.81   29.89799
   157.52900     880.75   32.52786
   157.57910     870.53   32.23168
   157.62918     842.80   31.57926
   157.67928     894.07   32.75523
   157.72923     906.30   32.87920
   157.77920     892.17   32.71562
   157.82926     918.69   33.09258
   157.87930     867.16   32.17567
   157.92934     910.07   32.97279
   157.97919     832.95   31.38664
   158.02921     872.59   32.26616
   158.07929     881.02   32.57274
   158.12917     910.25   33.13062
   158.17919     834.55   31.69123
   158.22914     887.76   32.62221
   158.27907     869.35   32.22568
   158.32899     852.43   31.84833
   158.37895     897.17   32.74249
   158.42899     904.44   32.85208
   158.47895     899.39   32.71075
   158.52889     974.94   34.26723
   158.57866     886.55   32.47751
   158.62875     888.35   32.58338
   158.67881     894.56   32.73310
   158.72871     887.59   32.77378
   158.78279     933.20   34.52194
   158.83290     920.73   34.33000
   158.88297     858.56   32.98784
   158.93307     873.86   33.29706
   158.98303     898.25   34.01858
   159.03299     865.06   33.21605
   159.08305     905.02   33.90579
   159.13309     924.46   34.32508
   159.18313     881.28   33.51290
   159.23299     858.94   33.01082
   159.28300     933.10   34.45476
   159.33309     979.00   35.35604
   159.38296     936.92   34.53387
   159.43298     882.29   33.44340
   159.48293     924.36   34.30581
   159.53287     935.60   34.51630
   159.58279     930.18   34.41008
   159.63274     901.98   33.92184
   159.68278     941.62   34.58852
   159.73274     963.43   35.09688
   159.78269     864.83   33.09005
   159.83246     941.26   34.63923
   159.88254     912.89   34.06136
   159.93260     964.01   35.06506
   159.98250     944.89   34.76214
   160.04124     963.06   38.84344
   160.09134     913.88   38.80687
   160.14141     960.61   39.36048
   160.19152     973.14   38.72545
   160.24147     943.27   38.88427
   160.29143     880.56   37.14738
   160.34149     928.16   38.07312
   160.39153     907.78   37.66358
   160.44157     901.10   37.52909
   160.49143     919.39   38.20766
   160.54145     937.45   38.64639
   160.59153     946.58   39.08937
   160.64141     959.96   39.07453
   160.69142     902.51   37.46389
   160.74138     895.89   37.30808
   160.79131     999.19   39.71634
   160.84123     911.04   37.57689
   160.89118     961.51   38.90232
   160.94122     936.45   38.25719
   160.99119     945.28   38.55431
   161.04113     933.90   38.39761
   161.09090     939.15   39.11374
   161.14098     983.45   39.47205
   161.19104     902.91   38.21368
   161.24094     945.82   38.42226
   161.29698     924.10   42.82490
   161.34708     960.85   43.41070
   161.39716     908.65   41.95650
   161.44726     938.06   42.91270
   161.49721     886.22   41.40142
   161.54718     934.11   42.51897
   161.59724     923.08   42.14640
   161.64728     947.87   42.68314
   161.69732    1005.47   44.46308
   161.74717     920.53   42.47510
   161.79719     957.30   43.00700
   161.84727    1002.40   44.50616
   161.89715     937.29   42.47485
   161.94717     924.22   42.38715
   161.99712     925.53   42.39953
   162.04705     953.83   43.04054
   162.09697     878.26   41.14927
   162.14693     905.23   41.92253
   162.19697     925.70   42.38441
   162.24693     878.28   41.21950
   162.29687     858.43   40.64464
   162.34664     913.07   42.10744
   162.39673     889.83   41.77126
   162.44679     926.53   42.42525
   162.49669     902.39   41.95989
   162.55667     966.16   61.79202
   162.60678     905.06   59.63691
   162.65685     944.70   60.34922
   162.70695     935.82   60.16765
   162.75691     957.39   61.51882
   162.80687     909.22   59.81775
   162.85693     988.54   62.42153
   162.90697     923.08   59.93307
   162.95701     907.31   59.85053
   163.00687     893.08   59.01023
   163.05688     911.54   59.38296
   163.10697     983.70   62.55153
   163.15684    1060.96   64.80656
   163.20686     928.88   60.18505
   163.25682     960.16   61.30208
   163.30675     968.35   61.09286
   163.35667     961.79   61.49296
   163.40662     954.64   60.84633
   163.45666     916.09   59.58318
   163.50662     981.89   62.79669
   163.55657     916.63   59.44997
   163.60634     919.80   60.33181
   163.65642     972.91   61.70115
   163.70648    1058.06   64.34230
   163.75638    1061.08   64.75653
