

        **********************************************************
        ** PROGRAM FullProf.2k (Version 8.40 - Feb2026-ILL JRC) **
        **********************************************************
                       M U L T I -- P A T T E R N                 
            Rietveld, Profile Matching & Integrated Intensity     
                 Refinement of X-ray and/or Neutron Data


    Date: 01/07/2026  Time: 22:12:12.157                              

 => PCR file code: tmpl_five_banks_p1
 => DAT file code: 55025-5_6raw.gss     -> Relative contribution: 0.2000                                                            
 => DAT file code: 55025-4_7raw.gss     -> Relative contribution: 0.2000                                                            
 => DAT file code: 55025-3_8raw.gss     -> Relative contribution: 0.2000                                                            
 => DAT file code: 55025-2_9raw.gss     -> Relative contribution: 0.2000                                                            
 => DAT file code: 55025-1_10raw.gss    -> Relative contribution: 0.2000                                                            

 ==> CONDITIONS OF THIS RUN FOR PATTERN No.:  1

 => Global Refinement of neutron powder data                                                                                        
 => Neutron Time-Of-Flight data                                                                                                     
 => Abcisa variable is T.O.F. in microsecs
 => Title:YAG highres

 => Number of phases:    1
 => Number of excluded regions:    2
 => Number of scattering factors supplied:    0
 => March-Dollase model for preferred orientation
 => Conventional weights: w=1.0/Variance(yobs)
 => Asymmetry correction as in J.Appl.Cryst. 26,128(1993)
 => Background linearly interpolated between the   28 points given
 => The   13th default profile function was selected
 => T.O.F Profile Function #3 
    Ikeda-Carpenter function convoluted with pseudo-Voigt:
    Omega(DT) =  (1+delta(t)*R) <*> TCH-Pseudo-Voigt  

 ==> CONDITIONS OF THIS RUN FOR PATTERN No.:  2

 => Global Refinement of neutron powder data                                                                                        
 => Neutron Time-Of-Flight data                                                                                                     
 => Abcisa variable is T.O.F. in microsecs
 => Title:YAG highres

 => Number of phases:    1
 => Number of excluded regions:    2
 => Number of scattering factors supplied:    0
 => March-Dollase model for preferred orientation
 => Conventional weights: w=1.0/Variance(yobs)
 => Asymmetry correction as in J.Appl.Cryst. 26,128(1993)
 => Background linearly interpolated between the   28 points given
 => The   13th default profile function was selected
 => T.O.F Profile Function #3 
    Ikeda-Carpenter function convoluted with pseudo-Voigt:
    Omega(DT) =  (1+delta(t)*R) <*> TCH-Pseudo-Voigt  

 ==> CONDITIONS OF THIS RUN FOR PATTERN No.:  3

 => Global Refinement of neutron powder data                                                                                        
 => Neutron Time-Of-Flight data                                                                                                     
 => Abcisa variable is T.O.F. in microsecs
 => Title:YAG highres

 => Number of phases:    1
 => Number of excluded regions:    2
 => Number of scattering factors supplied:    0
 => March-Dollase model for preferred orientation
 => Conventional weights: w=1.0/Variance(yobs)
 => Asymmetry correction as in J.Appl.Cryst. 26,128(1993)
 => Background linearly interpolated between the   22 points given
 => The   13th default profile function was selected
 => T.O.F Profile Function #3 
    Ikeda-Carpenter function convoluted with pseudo-Voigt:
    Omega(DT) =  (1+delta(t)*R) <*> TCH-Pseudo-Voigt  

 ==> CONDITIONS OF THIS RUN FOR PATTERN No.:  4

 => Global Refinement of neutron powder data                                                                                        
 => Neutron Time-Of-Flight data                                                                                                     
 => Abcisa variable is T.O.F. in microsecs
 => Title:YAG highres

 => Number of phases:    1
 => Number of excluded regions:    2
 => Number of scattering factors supplied:    0
 => March-Dollase model for preferred orientation
 => Conventional weights: w=1.0/Variance(yobs)
 => Asymmetry correction as in J.Appl.Cryst. 26,128(1993)
 => Background linearly interpolated between the   22 points given
 => The   13th default profile function was selected
 => T.O.F Profile Function #3 
    Ikeda-Carpenter function convoluted with pseudo-Voigt:
    Omega(DT) =  (1+delta(t)*R) <*> TCH-Pseudo-Voigt  

 ==> CONDITIONS OF THIS RUN FOR PATTERN No.:  5

 => Global Refinement of neutron powder data                                                                                        
 => Neutron Time-Of-Flight data                                                                                                     
 => Abcisa variable is T.O.F. in microsecs
 => Title:YAG highres

 => Number of phases:    1
 => Number of excluded regions:    2
 => Number of scattering factors supplied:    0
 => March-Dollase model for preferred orientation
 => Conventional weights: w=1.0/Variance(yobs)
 => Asymmetry correction as in J.Appl.Cryst. 26,128(1993)
 => Background linearly interpolated between the   36 points given
 => The   13th default profile function was selected
 => T.O.F Profile Function #3 
    Ikeda-Carpenter function convoluted with pseudo-Voigt:
    Omega(DT) =  (1+delta(t)*R) <*> TCH-Pseudo-Voigt  

 ==> INPUT/OUTPUT OPTIONS:

 => Generate bacground file *.bac
 => Generate file *.PRF for plot
 => Output Integrated Intensities
 => Generate bacground file *.bac
 => Generate file *.PRF for plot
 => Output Integrated Intensities
 => Generate bacground file *.bac
 => Generate file *.PRF for plot
 => Output Integrated Intensities
 => Generate bacground file *.bac
 => Generate file *.PRF for plot
 => Output Integrated Intensities
 => Generate bacground file *.bac
 => Generate file *.PRF for plot
 => Output Integrated Intensities
 => Generate new input file *.PCR
 => Plot pattern at each cycle
 => Absorption correction type: 2
 => Base of peaks: 2.0*HW*   40.00
 => Plot pattern at each cycle
 => Absorption correction type: 2
 => Base of peaks: 2.0*HW*   40.00
 => Plot pattern at each cycle
 => Absorption correction type: 2
 => Base of peaks: 2.0*HW*   40.00
 => Plot pattern at each cycle
 => Absorption correction type: 2
 => Base of peaks: 2.0*HW*   40.00
 => Plot pattern at each cycle
 => Absorption correction type: 2
 => Base of peaks: 2.0*HW*   40.00

 => Number of cycles:   20
 => Relaxation factors ==>    for coordinates:  0.30
 => for anisotropic temperature factors:  0.30
 => for halfwidth/strain/size/further parameters:  0.30
 => for lattice constants and propagation vectors:  0.30
 => EPS-value for convergence:    0.3
 => Background ==> 
    Position   Intensity
    11136.87      538.77      271.00
    13313.39      580.25      281.00
     9162.30      302.36      291.00
    14906.51      564.88      301.00
    16454.75      550.01      311.00
    17352.28      508.80      321.00
    18743.46      434.56      331.00
    20179.51      465.22      341.00
    21368.74      400.47      351.00
    22176.04      477.80      541.00
    22827.23      484.20      361.00
    24644.73      381.60      371.00
    26439.79      386.14      381.00
    28257.29      378.16      391.00
    31196.71      344.06      401.00
    34034.41      327.21      411.00
    37265.52      309.74      421.00
    41214.66      322.68      431.00
    44827.23      283.68      441.00
    49830.96      271.73      451.00

    52905.01      257.18      461.00
    58204.94      259.39      471.00
    62916.98      261.19      481.00
    70186.98      262.24      491.00
    74204.94      263.04      501.00
    82103.22      268.49      511.00
    91958.87      269.12      521.00
   102712.04      261.64      531.00

 

 => Excluded regions for Pattern#  1
    From     to
      0.0000   9000.0000
 104000.0000 300000.0000

 => Background ==> 
    Position   Intensity
     9089.75      487.86      661.00
    10671.65      565.76      671.00
    12287.21      493.62      681.00
    14037.40      558.63      691.00
    15451.01      529.22      701.00
    16763.65      445.46      711.00
    18076.29      459.56      721.00
    19456.25      412.53      731.00
    20465.97      510.91      741.00
    21879.58      395.97      751.00
    23798.06      391.36      761.00
    25447.27      384.83      771.00
    28072.55      349.07      781.00
    30058.34      331.61      791.00
    32582.65      308.58      801.00
    34804.04      355.22      811.00
    37160.06      317.54      821.00
    40323.86      289.85      831.00
    46894.54      259.84      841.00
    50630.52      255.66      851.00

    54602.09      245.60      861.00
    58439.04      263.81      871.00
    66519.82      250.25      881.00
    75001.50      257.56      891.00
    83649.22      257.41      901.00
    92770.38      254.52      911.00
   101524.30      259.73      921.00
   107313.39      239.14      931.00

 

 => Excluded regions for Pattern#  2
    From     to
      0.0000   9000.0000
 108000.0000 300000.0000

 => Background ==> 
    Position   Intensity
     9089.75      440.91     1051.00
    11580.40      512.31     1061.00
    13667.17      416.87     1071.00
    15551.98      474.38     1081.00
    17739.72      407.45     1091.00
    20365.00      377.54     1101.00
    22653.70      346.09     1111.00
    24740.46      331.76     1121.00
    27130.14      335.99     1131.00
    29957.37      353.38     1141.00
    32616.30      298.45     1151.00
    36150.34      283.44     1161.00
    40963.35      253.70     1171.00
    47265.52      254.32     1181.00
    53391.18      235.31     1191.00
    62005.24      240.59     1201.00
    71866.87      239.34     1211.00
    82913.99      242.93     1221.00
    90385.94      241.08     1231.00
    99649.22      235.34     1241.00

   107356.77      239.07     1251.00
   115337.32      246.86     1261.00

 

 => Excluded regions for Pattern#  3
    From     to
      0.0000   9000.0000
 116000.0000 300000.0000

 => Background ==> 
    Position   Intensity
     7246.07      249.78     1391.00
     9265.52      270.68     1401.00
    11097.98      377.99     1411.00
    13080.03      385.30     1421.00
    15473.45      338.19     1431.00
    16931.94      332.49     1441.00
    18614.81      367.35     1451.00
    20596.86      392.37     1461.00
    22504.11      342.78     1471.00
    26169.03      281.68     1481.00
    28113.69      265.49     1491.00
    30320.12      259.41     1501.00
    34770.38      253.64     1511.00
    40155.57      237.30     1521.00
    48341.81      227.84     1531.00
    58540.02      221.04     1541.00
    69139.87      220.32     1551.00
    80953.63      226.17     1561.00
    94214.66      218.74     1571.00
   107677.63      220.24     1581.00

   120889.30      217.64     1591.00
   132602.09      173.03     1381.00

 

 => Excluded regions for Pattern#  4
    From     to
      0.0000   7000.0000
 134000.0000 300000.0000

 => Background ==> 
    Position   Intensity
     6056.10      284.51        0.00
     7099.48      116.82     1351.00
     8008.23      144.66     1341.00
     8816.01      123.38     1321.00
     9724.76      291.26     1311.00
    10532.54      202.50     1291.00
    11710.55      170.24     1281.00
    12619.30      234.89     1271.00
    13393.42      215.99     1041.00
    14470.46      211.15     1031.00
    15614.81      255.06     1021.00
    17264.03      230.96     1011.00
    19283.47      220.53     1001.00
    20192.22      232.60      991.00
    22346.30      236.85      981.00
    24433.06      234.85      961.00
    27563.20      238.59      951.00
    30356.77      226.47      641.00
    33049.37      221.61      631.00
    35203.44      227.97      621.00

    38826.48      224.66      611.00
    44447.27      216.25      601.00
    50068.06      216.90      591.00
    55587.88      213.46      581.00
    63586.39      216.22      571.00
    74289.45      212.99      561.00
    86385.20      212.39      261.00
    98097.98      212.59       81.00
   114791.33      211.31       71.00
   128630.52      210.98       61.00
   147091.25      222.95       51.00
   167026.92      210.31       41.00
   187448.02      222.33       31.00
   208808.53      254.29       11.00
   231077.78      123.63     1361.00
   252332.83      161.27        0.00

 
 => Background height fixed to      284.51 at point (in excluded region):      6056.10
 => Background height fixed to      161.27 at point (in excluded region):    252332.83

 => Excluded regions for Pattern#  5
    From     to
      0.0000   7000.0000
 240000.0000 300000.0000

 => Number of Least-Squares parameters varied:   193

 =>--------------------------->
 =>------->  PATTERN number:  1
 =>--------------------------->
 => Global parameters and codes ==>
 => Zero-point:   -13.7108 1601.0000
 => D-spacing to T.O.F. coefficient dtt1 and code:  20773.014  1611.000
 => D-spacing to T.O.F. coefficient dtt2 and code:     -1.083     0.000
 => D-spacing to T.O.F. coefficient dtt_1OverD and code:      0.000     0.000
 => T.O.F. 2theta average detector angle      :    152.827

 => Reading Intensity data  =>>

 -> Format ISIS multi-bank 
 -> Title: NaCaAlF HRSF 37K<CH4_T<42K                                                                                                          
 -> COMMENT: # 1 Histograms                                                                                                                      
 -> COMMENT: # File generated by Mantid:                                                                                                         
 -> COMMENT: # Instrument: WISH                                                                                                                  
 -> COMMENT: # From workspace named : w55025-5_6foc                                                                                              
 -> COMMENT: # with Y multiplied by the bin widths.                                                                                              
 -> COMMENT: # Primary flight path 40m                                                                                                           
 -> COMMENT: # Total flight path 42.2224m, tth 152.911deg, DIFC 20752.1                                                                          
 -> COMMENT: # Data for spectrum :0                                                                                                              
 => Input Data for RALF binning type are internally modified
    Intensities and Standard deviations are trasformed as:
          Ycorr(i)=fac_y*Yread(i)/(TOF(i+1)-TOF(i))
          Scorr(i)=fac_y*Sread(i)/(TOF(i+1)-TOF(i))  (with fac_y=1000 by default)
    Sum of variances:   0.200580E+10
    Maximum R-expected:       2.2072
 ==> T.O.F. range, and number of points:
    TOFmin:    7267.568359  TOFmax:  103417.671875
    No. of points:   4122

 =>--------------------------->
 =>------->  PATTERN number:  2
 =>--------------------------->
 => Global parameters and codes ==>
 => Zero-point:   -15.0526 1671.0000
 => D-spacing to T.O.F. coefficient dtt1 and code:  18660.068  1681.000
 => D-spacing to T.O.F. coefficient dtt2 and code:     -0.475     0.000
 => D-spacing to T.O.F. coefficient dtt_1OverD and code:      0.000     0.000
 => T.O.F. 2theta average detector angle      :    121.660

 => Reading Intensity data  =>>

 -> Format ISIS multi-bank 
 -> Title: NaCaAlF HRSF 37K<CH4_T<42K                                                                                                          
 -> COMMENT: # 1 Histograms                                                                                                                      
 -> COMMENT: # File generated by Mantid:                                                                                                         
 -> COMMENT: # Instrument: WISH                                                                                                                  
 -> COMMENT: # From workspace named : w55025-4_7foc                                                                                              
 -> COMMENT: # with Y multiplied by the bin widths.                                                                                              
 -> COMMENT: # Primary flight path 40m                                                                                                           
 -> COMMENT: # Total flight path 42.2223m, tth 121.683deg, DIFC 18640.7                                                                          
 -> COMMENT: # Data for spectrum :0                                                                                                              
 => Input Data for RALF binning type are internally modified
    Intensities and Standard deviations are trasformed as:
          Ycorr(i)=fac_y*Yread(i)/(TOF(i+1)-TOF(i))
          Scorr(i)=fac_y*Sread(i)/(TOF(i+1)-TOF(i))  (with fac_y=1000 by default)
    Sum of variances:   0.298475E+10
    Maximum R-expected:       2.2481
 ==> T.O.F. range, and number of points:
    TOFmin:    7463.463379  TOFmax:  109083.484375
    No. of points:   4044

 =>--------------------------->
 =>------->  PATTERN number:  3
 =>--------------------------->
 => Global parameters and codes ==>
 => Zero-point:   -12.7283 1751.0000
 => D-spacing to T.O.F. coefficient dtt1 and code:  15105.381  1761.000
 => D-spacing to T.O.F. coefficient dtt2 and code:      1.008     0.000
 => D-spacing to T.O.F. coefficient dtt_1OverD and code:      0.000     0.000
 => T.O.F. 2theta average detector angle      :     90.000

 => Reading Intensity data  =>>

 -> Format ISIS multi-bank 
 -> Title: NaCaAlF HRSF 37K<CH4_T<42K                                                                                                          
 -> COMMENT: # 1 Histograms                                                                                                                      
 -> COMMENT: # File generated by Mantid:                                                                                                         
 -> COMMENT: # Instrument: WISH                                                                                                                  
 -> COMMENT: # From workspace named : w55025-3_8foc                                                                                              
 -> COMMENT: # with Y multiplied by the bin widths.                                                                                              
 -> COMMENT: # Primary flight path 40m                                                                                                           
 -> COMMENT: # Total flight path 42.2222m, tth 89.9996deg, DIFC 15093.7                                                                          
 -> COMMENT: # Data for spectrum :0                                                                                                              
 => Input Data for RALF binning type are internally modified
    Intensities and Standard deviations are trasformed as:
          Ycorr(i)=fac_y*Yread(i)/(TOF(i+1)-TOF(i))
          Scorr(i)=fac_y*Sread(i)/(TOF(i+1)-TOF(i))  (with fac_y=1000 by default)
    Sum of variances:   0.537484E+10
    Maximum R-expected:       2.3620
 ==> T.O.F. range, and number of points:
    TOFmin:    7549.536621  TOFmax:  117086.195312
    No. of points:   3972

 =>--------------------------->
 =>------->  PATTERN number:  4
 =>--------------------------->
 => Global parameters and codes ==>
 => Zero-point:    14.0143 1831.0000
 => D-spacing to T.O.F. coefficient dtt1 and code:  10389.902  1841.000
 => D-spacing to T.O.F. coefficient dtt2 and code:      1.852     0.000
 => D-spacing to T.O.F. coefficient dtt_1OverD and code:      0.000     0.000
 => T.O.F. 2theta average detector angle      :     58.330

 => Reading Intensity data  =>>

 -> Format ISIS multi-bank 
 -> Title: NaCaAlF HRSF 37K<CH4_T<42K                                                                                                          
 -> COMMENT: # 1 Histograms                                                                                                                      
 -> COMMENT: # File generated by Mantid:                                                                                                         
 -> COMMENT: # Instrument: WISH                                                                                                                  
 -> COMMENT: # From workspace named : w55025-2_9foc                                                                                              
 -> COMMENT: # with Y multiplied by the bin widths.                                                                                              
 -> COMMENT: # Primary flight path 40m                                                                                                           
 -> COMMENT: # Total flight path 42.2222m, tth 58.308deg, DIFC 10398.8                                                                           
 -> COMMENT: # Data for spectrum :0                                                                                                              
 => Input Data for RALF binning type are internally modified
    Intensities and Standard deviations are trasformed as:
          Ycorr(i)=fac_y*Yread(i)/(TOF(i+1)-TOF(i))
          Scorr(i)=fac_y*Sread(i)/(TOF(i+1)-TOF(i))  (with fac_y=1000 by default)
    Sum of variances:   0.148490E+11
    Maximum R-expected:       3.0408
 ==> T.O.F. range, and number of points:
    TOFmin:    5202.200195  TOFmax:  136018.015625
    No. of points:   4398

 =>--------------------------->
 =>------->  PATTERN number:  5
 =>--------------------------->
 => Global parameters and codes ==>
 => Zero-point:    13.4598 1921.0000
 => D-spacing to T.O.F. coefficient dtt1 and code:   4986.213  1931.000
 => D-spacing to T.O.F. coefficient dtt2 and code:      1.857     0.000
 => D-spacing to T.O.F. coefficient dtt_1OverD and code:      0.000     0.000
 => T.O.F. 2theta average detector angle      :     27.081

 => Reading Intensity data  =>>

 -> Format ISIS multi-bank 
 -> Title: NaCaAlF HRSF 37K<CH4_T<42K                                                                                                          
 -> COMMENT: # 1 Histograms                                                                                                                      
 -> COMMENT: # File generated by Mantid:                                                                                                         
 -> COMMENT: # Instrument: WISH                                                                                                                  
 -> COMMENT: # From workspace named : w55025-1_10foc                                                                                             
 -> COMMENT: # with Y multiplied by the bin widths.                                                                                              
 -> COMMENT: # Primary flight path 40m                                                                                                           
 -> COMMENT: # Total flight path 42.2223m, tth 27.0805deg, DIFC 4997.65                                                                          
 -> COMMENT: # Data for spectrum :0                                                                                                              
 => Input Data for RALF binning type are internally modified
    Intensities and Standard deviations are trasformed as:
          Ycorr(i)=fac_y*Yread(i)/(TOF(i+1)-TOF(i))
          Scorr(i)=fac_y*Sread(i)/(TOF(i+1)-TOF(i))  (with fac_y=1000 by default)
    Sum of variances:   0.577126E+12
    Maximum R-expected:       4.9734
 ==> T.O.F. range, and number of points:
    TOFmin:    4002.317139  TOFmax:  265781.843750
    No. of points:   4462
 --------------------------------------------------------------------------------
 => Phase  No. 1
      Y5Al3O12 Nuclear                                                      
 --------------------------------------------------------------------------------
 =>-------> Pattern#  1
 => Crystal Structure Refinement
 => The    9th profile function was selected for phase no.  1
 => Preferred orientation vector:   0.0000  0.0000  1.0000
 =>-------> Pattern#  2
 => Crystal Structure Refinement
 => The    9th profile function was selected for phase no.  1
 => Preferred orientation vector:   0.0000  0.0000  1.0000
 =>-------> Pattern#  3
 => Crystal Structure Refinement
 => The    9th profile function was selected for phase no.  1
 => Preferred orientation vector:   0.0000  0.0000  1.0000
 =>-------> Pattern#  4
 => Crystal Structure Refinement
 => The    9th profile function was selected for phase no.  1
 => Preferred orientation vector:   0.0000  0.0000  1.0000
 =>-------> Pattern#  5
 => Crystal Structure Refinement
 => The    9th profile function was selected for phase no.  1
 => Preferred orientation vector:   0.0000  0.0000  1.0000

 =>-------> Data for PHASE: 1
 => Number of atoms:    6
 => Number of distance  constraints:    0
 => Number of angle     constraints:    0

 => Symmetry information on space group: I 21 3              
 -> The multiplicity of the general position is:  24
 -> The space group is Acentric                 
 -> Lattice type  I: { 000; 1/2 1/2 1/2 }+                         
 -> Reduced set of symmetry operators:

  No.  IT   Symmetry symbol    Rotation part     Associated Translation
   1: ( 1)   1            -->     ( x, y, z) + {  0.0000  0.0000  0.0000}
   2: ( 4)   2 ( x, 0, 0) -->     ( x,-y,-z) + {  0.5000  0.5000  0.0000}
   3: ( 3)   2 ( 0, y, 0) -->     (-x, y,-z) + {  0.0000  0.5000  0.5000}
   4: ( 2)   2 ( 0, 0, z) -->     (-x,-y, z) + {  0.5000  0.0000  0.5000}
   5: ( 9)  3- ( x, x, x) -->     ( y, z, x) + {  0.0000  0.0000  0.0000}
   6: (12)  3- (-x, x,-x) -->     (-y,-z, x) + {  0.5000  0.0000  0.5000}
   7: (11)  3- (-x,-x, x) -->     ( y,-z,-x) + {  0.5000  0.5000  0.0000}
   8: (10)  3- ( x,-x,-x) -->     (-y, z,-x) + {  0.0000  0.5000  0.5000}
   9: ( 5)  3+ ( x, x, x) -->     ( z, x, y) + {  0.0000  0.0000  0.0000}
  10: ( 8)  3+ (-x,-x, x) -->     (-z, x,-y) + {  0.0000  0.5000  0.5000}
  11: ( 7)  3+ ( x,-x,-x) -->     (-z,-x, y) + {  0.5000  0.0000  0.5000}
  12: ( 6)  3+ (-x, x,-x) -->     ( z,-x,-y) + {  0.5000  0.5000  0.0000}


        Information on Space Group: 
        --------------------------- 

 =>   Number of Space group: 199
 =>  Hermann-Mauguin Symbol: I 21 3
 =>             Hall Symbol: I 2b 2c 3
 =>            Setting Type: IT (Generated from Hermann-Mauguin symbol)
 =>          Crystal System: Cubic
 =>              Laue Class: m-3
 =>             Point Group: 23
 =>         Bravais Lattice: I
 =>          Lattice Symbol: cI
 =>  Reduced Number of S.O.:  12
 =>    General multiplicity:  24
 =>          Centrosymmetry: Acentric
 =>  Generators (exc. -1&L):   3
 =>         Asymmetric unit:  0.000 <= x <=  0.500
                              0.000 <= y <=  0.500
                              0.000 <= z <=  0.500
 => Centring vectors:  1
 => Latt( 1): (1/2,1/2,1/2)                                                                         

 => List of all Symmetry Operators and Symmetry Symbols

 => SYMM(  1): x,y,z                             Symbol: 1
 => SYMM(  2): x+1/2,-y+1/2,-z                   Symbol: 2 (1/2,0,0) x,1/4,0
 => SYMM(  3): -x,y+1/2,-z+1/2                   Symbol: 2 (0,1/2,0) 0,y,1/4
 => SYMM(  4): -x+1/2,-y,z+1/2                   Symbol: 2 (0,0,1/2) 1/4,0,z
 => SYMM(  5): y,z,x                             Symbol: 3- x,x,x
 => SYMM(  6): -y+1/2,-z,x+1/2                   Symbol: 3+ (1/3,-1/3,1/3) x,-x+1/6,x+1/6
 => SYMM(  7): y+1/2,-z+1/2,-x                   Symbol: 3+ (1/3,1/3,-1/3) x,x-1/6,-x+1/3
 => SYMM(  8): -y,z+1/2,-x+1/2                   Symbol: 3- (-1/3,1/3,1/3) x,-x+1/3,-x+1/6
 => SYMM(  9): z,x,y                             Symbol: 3+ x,x,x
 => SYMM( 10): -z,x+1/2,-y+1/2                   Symbol: 3- x,x+1/2,-x
 => SYMM( 11): -z+1/2,-x,y+1/2                   Symbol: 3+ x,-x,-x+1/2
 => SYMM( 12): z+1/2,-x+1/2,-y                   Symbol: 3- x,-x+1/2,x-1/2
 => SYMM( 13): x+1/2,y+1/2,z+1/2                 Symbol: t (1/2,1/2,1/2)
 => SYMM( 14): x,-y,-z+1/2                       Symbol: 2 x,0,1/4
 => SYMM( 15): -x+1/2,y,-z                       Symbol: 2 1/4,y,0
 => SYMM( 16): -x,-y+1/2,z                       Symbol: 2 0,1/4,z
 => SYMM( 17): y+1/2,z+1/2,x+1/2                 Symbol: 3- (1/2,1/2,1/2) x,x,x
 => SYMM( 18): -y,-z+1/2,x                       Symbol: 3+ (-1/6,1/6,-1/6) x,-x+1/6,x+1/6
 => SYMM( 19): y,-z,-x+1/2                       Symbol: 3+ (-1/6,-1/6,1/6) x,x-1/6,-x+1/3
 => SYMM( 20): -y+1/2,z,-x                       Symbol: 3- (1/6,-1/6,-1/6) x,-x+1/3,-x+1/6
 => SYMM( 21): z+1/2,x+1/2,y+1/2                 Symbol: 3+ (1/2,1/2,1/2) x,x,x
 => SYMM( 22): -z+1/2,x,-y                       Symbol: 3- (1/6,1/6,-1/6) x,x-1/6,-x+1/3
 => SYMM( 23): -z,-x+1/2,y                       Symbol: 3+ (-1/6,1/6,1/6) x,-x+1/3,-x+1/6
 => SYMM( 24): z,-x,-y+1/2                       Symbol: 3- (1/6,-1/6,1/6) x,-x+1/6,x+1/6

 => Special Wyckoff Positions for I 21 3
 
    Multp     Site        Representative Coordinates (centring translations excluded)
     12       b              x,0,1/4             -x,1/2,1/4          0,1/4,x                                 
                             1/2,1/4,-x          1/4,x,0             1/4,-x,1/2                              
 
      8       a              x,x,x               x+1/2,-x+1/2,-x     -x,x+1/2,-x+1/2                         
                             -x+1/2,-x,x+1/2                                                                 
 

 => Initial parameters ==>
 Atom    Ntyp                  X         Y         Z         B         occ.         in  fin  Spc  Mult
                             B11       B22       B33       B12       B13       B23
 Ca1    CA                 0.46646   0.00000   0.25000   1.01502   0.50000           0    0    0   12
                 Codes:  101.00000   0.00000   0.00000 121.00000   0.00000
 Al1    AL                 0.25195   0.25195   0.25195   0.91273   0.33333           0    0    0    8
                 Codes:  111.00000 111.00000 111.00000 131.00000   0.00000
 Na1    NA                 0.08516   0.08516   0.08516   2.35000   0.33333           0    0    0    8
                 Codes:  141.00000 141.00000 141.00000 151.00000   0.00000
 F1     F                  0.13758   0.30553   0.11961   1.01431   1.00000           0    0    0   24
                 Codes:  171.00000 181.00000 191.00000 161.00000   0.00000
 F2     F                  0.36229   0.36316   0.18695   1.52544   1.00000           0    0    0   24
                 Codes:  201.00000 211.00000 221.00000 241.00000   0.00000
 F3     F                  0.46109   0.46109   0.46109   1.02467   0.33333           0    0    0    8
                 Codes:  231.00000 231.00000 231.00000 251.00000   0.00000

 => It is assumed that THE FIRST GIVEN SITE plus all the other atoms 
    occupying THE SAME POSITION have a total full occupation (no vacancies!)
  (if this is not the case, change the order of atoms to obtain correct values for the content of the unit cell)
    The phase contains sites partially occupied
      -> Atom: CA  ,  Chemical element: CA  Atomic Mass:    40.0800
      -> Atom: AL  ,  Chemical element: AL  Atomic Mass:    26.9815
      -> Atom: NA  ,  Chemical element: NA  Atomic Mass:    22.9898
      -> Atom: F   ,  Chemical element: F   Atomic Mass:    18.9984
      -> Atom: F   ,  Chemical element: F   Atomic Mass:    18.9984
      -> Atom: F   ,  Chemical element: F   Atomic Mass:    18.9984
 => The given value of ATZ is       1944.64 the program has calculated:        1944.64
    The value of ATZ given in the input PCR file will be used for quantitative analysis
 => The chemical content of the unit cell is: 
      12.0000 CA   +   7.9999 AL   +   7.9999 NA   +  24.0000 F    +  24.0000 F    +   7.9999 F      
 => The normalized site occupation numbers in % are: 
     100.0000 Ca1    :       99.9990 Al1    :       99.9990 Na1    :      100.0000 F1     :      100.0000 F2     :       99.9990 F3       
 => The density (volumic mass) of the compound is:    2.998 g/cm3

 =>-------> PROFILE PARAMETERS FOR PATTERN:  1

 => Overall scale factor:    39.7103    
 => T.O.F. Extinction parameter:   0.0000
 => Overall temperature factor:      0.00000
 => T.O.F. Gaussian variances Sig-2, Sig-1, Sig-0, Sig-Q:     15.70100     0.00000     0.00000     0.00000
 => T.O.F. Isotropic Gaussian strain parameter (G-strain):       0.0000
 => T.O.F. Iso-Gaussian and Aniso-Lor (platelets/needles) Size parameters (G-Size,Ani-LorSiz)  :      0.00000     0.00000
 => T.O.F. Lorentzian FWHM Gam-2, Gam-1, Gam-0:      0.00000     0.00190     0.00000
 => T.O.F. Isotropic Lorentzian strain and size parameters (LStr,LSiz):      0.00000     0.00000
 => Direct cell parameters:   10.2503  10.2503  10.2503  90.0000  90.0000  90.0000
 => Preferred orientation parameters:   1.0000  0.0000
 => T.O.F. Peak shape parameter alpha0,beta0,alpha1,beta1/kappa,alpha-q,beta-Q:     -0.00950     0.00667     0.11023     0.01007     0.00000     0.00000
 => Model-dependent Strain parameters s2,s1,s0:      0.00000     0.00000     0.00000


 ==> CODEWORDS FOR PROFILE PARAMETERS of PATTERN#  1

 => Codeword -Overall scale factor:   21.0000    
 => Codeword  - T.O.F. Extinction parameter:   0.0000
 => Codeword  - Overall temperature factor:      0.00000
 => Codewords - T.O.F. Gaussian variances Sig-2, Sig-1, Sig-0, Sig-Q:   1621.00000     0.00000     0.00000     0.00000
 => Codewords - T.O.F. Isotropic Gaussian strain parameter (G-strain):       0.0000
 => Codewords - T.O.F. Iso-Gaussian and Aniso-Lor (platelets/needles) Size parameters (G-Size,Ani-LorSize)  :      0.00000     0.00000
 => Codewords - T.O.F. Lorentzian FWHM Gam-2, Gam-1, Gam-0:      0.00000     0.00000     0.00000
 => Codewords - T.O.F. Isotropic Lorentzian strain and size parameters (LStr,LSiz):      0.00000     0.00000
 => Codewords - Direct cell parameters:    0.0000   0.0000   0.0000   0.0000   0.0000   0.0000
 => Codewords - Preferred orientation parameters:   0.0000  0.0000
 => Codewords - T.O.F. Peak shape parameter alpha0,beta0,alpha1,beta1/kappa,alpha-q,beta-Q:   1631.00000  1641.00000  1651.00000  1661.00000     0.00000     0.00000
=> Codewords - Model-dependent Strain parameters s2,s1,s0:      0.00000     0.00000     0.00000


 => Cell constraints according to Laue symmetry: m-3  

        Metric information:
        -------------------

 => Direct cell parameters:

         a =      10.2503      b =      10.2503      c =      10.2503
     alpha =       90.000   beta =       90.000  gamma =       90.000
                        Direct Cell Volume =    1076.9712

 => Reciprocal cell parameters:

         a*=     0.097559      b*=     0.097559      c*=     0.097559
     alpha*=       90.000   beta*=       90.000  gamma*=       90.000
                    Reciprocal Cell Volume =   0.00092853

 => Direct and Reciprocal Metric Tensors:

                   GD                                       GR
    105.0677      0.0000      0.0000          0.009518    0.000000    0.000000
      0.0000    105.0677      0.0000          0.000000    0.009518    0.000000
      0.0000      0.0000    105.0677          0.000000    0.000000    0.009518

 =>  Cartesian frame: x // a; z is along c*; y is within the ab-plane   

     Crystal_to_Orthonormal_Matrix              Orthonormal_to_Crystal Matrix
              Cr_Orth_cel                               Orth_Cr_cel  
     10.2503      0.0000      0.0000          0.097559   -0.000000   -0.000000
      0.0000     10.2503      0.0000          0.000000    0.097559   -0.000000
      0.0000      0.0000     10.2503          0.000000    0.000000    0.097559

     Busing-Levy B-matrix: Hc=B.H            Inverse of the Busing-Levy B-matrix
                BL_M                                      BL_Minv  
    0.097559    0.000000    0.000000           10.2503     -0.0000     -0.0000
    0.000000    0.097559   -0.000000            0.0000     10.2503      0.0000
    0.000000    0.000000    0.097559            0.0000      0.0000     10.2503

 =>-------> PROFILE PARAMETERS FOR PATTERN:  2

 => Overall scale factor:    37.9120    
 => T.O.F. Extinction parameter:   0.0000
 => Overall temperature factor:      0.00000
 => T.O.F. Gaussian variances Sig-2, Sig-1, Sig-0, Sig-Q:     18.19610    29.35760     0.00000     0.00000
 => T.O.F. Isotropic Gaussian strain parameter (G-strain):       0.0000
 => T.O.F. Iso-Gaussian and Aniso-Lor (platelets/needles) Size parameters (G-Size,Ani-LorSiz)  :      0.00000     0.00000
 => T.O.F. Lorentzian FWHM Gam-2, Gam-1, Gam-0:      0.00000     0.00000     0.00000
 => T.O.F. Isotropic Lorentzian strain and size parameters (LStr,LSiz):      0.00000     0.00000
 => Direct cell parameters:   10.2503  10.2503  10.2503  90.0000  90.0000  90.0000
 => Preferred orientation parameters:   1.0000  0.0000
 => T.O.F. Peak shape parameter alpha0,beta0,alpha1,beta1/kappa,alpha-q,beta-Q:     -0.01160     0.00643     0.12277     0.01468     0.00000     0.00000
 => Model-dependent Strain parameters s2,s1,s0:      0.00000     0.00000     0.00000


 ==> CODEWORDS FOR PROFILE PARAMETERS of PATTERN#  2

 => Codeword -Overall scale factor:   551.000    
 => Codeword  - T.O.F. Extinction parameter:   0.0000
 => Codeword  - Overall temperature factor:      0.00000
 => Codewords - T.O.F. Gaussian variances Sig-2, Sig-1, Sig-0, Sig-Q:   1691.00000  1701.00000     0.00000     0.00000
 => Codewords - T.O.F. Isotropic Gaussian strain parameter (G-strain):       0.0000
 => Codewords - T.O.F. Iso-Gaussian and Aniso-Lor (platelets/needles) Size parameters (G-Size,Ani-LorSize)  :      0.00000     0.00000
 => Codewords - T.O.F. Lorentzian FWHM Gam-2, Gam-1, Gam-0:      0.00000     0.00000     0.00000
 => Codewords - T.O.F. Isotropic Lorentzian strain and size parameters (LStr,LSiz):      0.00000     0.00000
 => Codewords - Direct cell parameters:    0.0000   0.0000   0.0000   0.0000   0.0000   0.0000
 => Codewords - Preferred orientation parameters:   0.0000  0.0000
 => Codewords - T.O.F. Peak shape parameter alpha0,beta0,alpha1,beta1/kappa,alpha-q,beta-Q:   1711.00000  1721.00000  1731.00000  1741.00000     0.00000     0.00000
=> Codewords - Model-dependent Strain parameters s2,s1,s0:      0.00000     0.00000     0.00000


 => Cell constraints according to Laue symmetry: m-3  

 =>-------> PROFILE PARAMETERS FOR PATTERN:  3

 => Overall scale factor:    37.3456    
 => T.O.F. Extinction parameter:   0.0000
 => Overall temperature factor:      0.00000
 => T.O.F. Gaussian variances Sig-2, Sig-1, Sig-0, Sig-Q:     16.86100    62.22580     0.00000     0.00000
 => T.O.F. Isotropic Gaussian strain parameter (G-strain):       0.0000
 => T.O.F. Iso-Gaussian and Aniso-Lor (platelets/needles) Size parameters (G-Size,Ani-LorSiz)  :      0.00000     0.00000
 => T.O.F. Lorentzian FWHM Gam-2, Gam-1, Gam-0:      0.00000     0.00020     0.00000
 => T.O.F. Isotropic Lorentzian strain and size parameters (LStr,LSiz):      0.00000     0.00000
 => Direct cell parameters:   10.2503  10.2503  10.2503  90.0000  90.0000  90.0000
 => Preferred orientation parameters:   1.0000  0.0000
 => T.O.F. Peak shape parameter alpha0,beta0,alpha1,beta1/kappa,alpha-q,beta-Q:     -0.01213     0.00599     0.12289     0.02766     0.00000     0.00000
 => Model-dependent Strain parameters s2,s1,s0:      0.00000     0.00000     0.00000


 ==> CODEWORDS FOR PROFILE PARAMETERS of PATTERN#  3

 => Codeword -Overall scale factor:   941.000    
 => Codeword  - T.O.F. Extinction parameter:   0.0000
 => Codeword  - Overall temperature factor:      0.00000
 => Codewords - T.O.F. Gaussian variances Sig-2, Sig-1, Sig-0, Sig-Q:   1771.00000  1781.00000     0.00000     0.00000
 => Codewords - T.O.F. Isotropic Gaussian strain parameter (G-strain):       0.0000
 => Codewords - T.O.F. Iso-Gaussian and Aniso-Lor (platelets/needles) Size parameters (G-Size,Ani-LorSize)  :      0.00000     0.00000
 => Codewords - T.O.F. Lorentzian FWHM Gam-2, Gam-1, Gam-0:      0.00000     0.00000     0.00000
 => Codewords - T.O.F. Isotropic Lorentzian strain and size parameters (LStr,LSiz):      0.00000     0.00000
 => Codewords - Direct cell parameters:    0.0000   0.0000   0.0000   0.0000   0.0000   0.0000
 => Codewords - Preferred orientation parameters:   0.0000  0.0000
 => Codewords - T.O.F. Peak shape parameter alpha0,beta0,alpha1,beta1/kappa,alpha-q,beta-Q:   1791.00000  1801.00000  1811.00000  1821.00000     0.00000     0.00000
=> Codewords - Model-dependent Strain parameters s2,s1,s0:      0.00000     0.00000     0.00000


 => Cell constraints according to Laue symmetry: m-3  

 =>-------> PROFILE PARAMETERS FOR PATTERN:  4

 => Overall scale factor:    36.1525    
 => T.O.F. Extinction parameter:   0.0000
 => Overall temperature factor:      0.00000
 => T.O.F. Gaussian variances Sig-2, Sig-1, Sig-0, Sig-Q:     23.06130    69.68420     0.00000     0.00000
 => T.O.F. Isotropic Gaussian strain parameter (G-strain):       0.0000
 => T.O.F. Iso-Gaussian and Aniso-Lor (platelets/needles) Size parameters (G-Size,Ani-LorSiz)  :      0.00000     0.00000
 => T.O.F. Lorentzian FWHM Gam-2, Gam-1, Gam-0:      0.00000     1.68580     0.00000
 => T.O.F. Isotropic Lorentzian strain and size parameters (LStr,LSiz):      0.00000     0.00000
 => Direct cell parameters:   10.2503  10.2503  10.2503  90.0000  90.0000  90.0000
 => Preferred orientation parameters:   1.0000  0.0000
 => T.O.F. Peak shape parameter alpha0,beta0,alpha1,beta1/kappa,alpha-q,beta-Q:      0.04055     0.00532     0.02387     0.08344     0.00000     0.00000
 => Model-dependent Strain parameters s2,s1,s0:      0.00000     0.00000     0.00000


 ==> CODEWORDS FOR PROFILE PARAMETERS of PATTERN#  4

 => Codeword -Overall scale factor:   1301.00    
 => Codeword  - T.O.F. Extinction parameter:   0.0000
 => Codeword  - Overall temperature factor:      0.00000
 => Codewords - T.O.F. Gaussian variances Sig-2, Sig-1, Sig-0, Sig-Q:   1851.00000  1861.00000     0.00000     0.00000
 => Codewords - T.O.F. Isotropic Gaussian strain parameter (G-strain):       0.0000
 => Codewords - T.O.F. Iso-Gaussian and Aniso-Lor (platelets/needles) Size parameters (G-Size,Ani-LorSize)  :      0.00000     0.00000
 => Codewords - T.O.F. Lorentzian FWHM Gam-2, Gam-1, Gam-0:      0.00000  1911.00000     0.00000
 => Codewords - T.O.F. Isotropic Lorentzian strain and size parameters (LStr,LSiz):      0.00000     0.00000
 => Codewords - Direct cell parameters:    0.0000   0.0000   0.0000   0.0000   0.0000   0.0000
 => Codewords - Preferred orientation parameters:   0.0000  0.0000
 => Codewords - T.O.F. Peak shape parameter alpha0,beta0,alpha1,beta1/kappa,alpha-q,beta-Q:   1871.00000  1881.00000  1891.00000  1901.00000     0.00000     0.00000
=> Codewords - Model-dependent Strain parameters s2,s1,s0:      0.00000     0.00000     0.00000


 => Cell constraints according to Laue symmetry: m-3  

 =>-------> PROFILE PARAMETERS FOR PATTERN:  5

 => Overall scale factor:    37.0408    
 => T.O.F. Extinction parameter:   0.0000
 => Overall temperature factor:      0.00000
 => T.O.F. Gaussian variances Sig-2, Sig-1, Sig-0, Sig-Q:     15.40630     0.00000     0.00000     0.00000
 => T.O.F. Isotropic Gaussian strain parameter (G-strain):       0.0000
 => T.O.F. Iso-Gaussian and Aniso-Lor (platelets/needles) Size parameters (G-Size,Ani-LorSiz)  :      0.00000     0.00000
 => T.O.F. Lorentzian FWHM Gam-2, Gam-1, Gam-0:      0.00000     8.29040     0.00000
 => T.O.F. Isotropic Lorentzian strain and size parameters (LStr,LSiz):      0.00000     0.00000
 => Direct cell parameters:   10.2503  10.2503  10.2503  90.0000  90.0000  90.0000
 => Preferred orientation parameters:   1.0000  0.0000
 => T.O.F. Peak shape parameter alpha0,beta0,alpha1,beta1/kappa,alpha-q,beta-Q:      0.01444     0.00471     0.05507     0.13737     0.00000     0.00000
 => Model-dependent Strain parameters s2,s1,s0:      0.00000     0.00000     0.00000


 ==> CODEWORDS FOR PROFILE PARAMETERS of PATTERN#  5

 => Codeword -Overall scale factor:   1371.00    
 => Codeword  - T.O.F. Extinction parameter:   0.0000
 => Codeword  - Overall temperature factor:      0.00000
 => Codewords - T.O.F. Gaussian variances Sig-2, Sig-1, Sig-0, Sig-Q:      0.00000     0.00000     0.00000     0.00000
 => Codewords - T.O.F. Isotropic Gaussian strain parameter (G-strain):       0.0000
 => Codewords - T.O.F. Iso-Gaussian and Aniso-Lor (platelets/needles) Size parameters (G-Size,Ani-LorSize)  :      0.00000     0.00000
 => Codewords - T.O.F. Lorentzian FWHM Gam-2, Gam-1, Gam-0:      0.00000     0.00000     0.00000
 => Codewords - T.O.F. Isotropic Lorentzian strain and size parameters (LStr,LSiz):      0.00000     0.00000
 => Codewords - Direct cell parameters:    0.0000   0.0000   0.0000   0.0000   0.0000   0.0000
 => Codewords - Preferred orientation parameters:   0.0000  0.0000
 => Codewords - T.O.F. Peak shape parameter alpha0,beta0,alpha1,beta1/kappa,alpha-q,beta-Q:      0.00000     0.00000     0.00000     0.00000     0.00000     0.00000
=> Codewords - Model-dependent Strain parameters s2,s1,s0:      0.00000     0.00000     0.00000


 => Cell constraints according to Laue symmetry: m-3  

 => Laue symmetry m-3   will be used to generate HKL for pattern#   1
 => Reflections generated between S(1/d)min:  0.2009 A-1 and S(1/d)max:  2.6092 A-1
 =>                                    dmax:  4.9785 A   and      dmin:  0.3833 A
 => The number of reflections generated is:   1820
 => The max. scatt. variable (gen.ref.) is:    103417.6719
 => Scattering coefficients from internal table

 => Scattering lengths:

 CA     0.4700
 AL     0.3449
 NA     0.3630
 F      0.5654

 => Laue symmetry m-3   will be used to generate HKL for pattern#   2
 => Reflections generated between S(1/d)min:  0.1711 A-1 and S(1/d)max:  2.3131 A-1
 =>                                    dmax:  5.8458 A   and      dmin:  0.4323 A
 => The number of reflections generated is:   1283
 => The max. scatt. variable (gen.ref.) is:    109083.4844
 => Scattering coefficients from internal table

 => Scattering lengths:

 CA     0.4700
 AL     0.3449
 NA     0.3630
 F      0.5654

 => Laue symmetry m-3   will be used to generate HKL for pattern#   3
 => Reflections generated between S(1/d)min:  0.1290 A-1 and S(1/d)max:  1.9387 A-1
 =>                                    dmax:  7.7513 A   and      dmin:  0.5158 A
 => The number of reflections generated is:    767
 => The max. scatt. variable (gen.ref.) is:    117086.1953
 => Scattering coefficients from internal table

 => Scattering lengths:

 CA     0.4700
 AL     0.3449
 NA     0.3630
 F      0.5654

 => Laue symmetry m-3   will be used to generate HKL for pattern#   4
 => Reflections generated between S(1/d)min:  0.0764 A-1 and S(1/d)max:  1.7430 A-1
 =>                                    dmax: 13.0914 A   and      dmin:  0.5737 A
 => The number of reflections generated is:    567
 => The max. scatt. variable (gen.ref.) is:    136018.0156
 => Scattering coefficients from internal table

 => Scattering lengths:

 CA     0.4700
 AL     0.3449
 NA     0.3630
 F      0.5654

 => Laue symmetry m-3   will be used to generate HKL for pattern#   5
 => Reflections generated between S(1/d)min:  0.0188 A-1 and S(1/d)max:  0.7975 A-1
 =>                                    dmax: 53.3033 A   and      dmin:  1.2539 A
 => The number of reflections generated is:     63
 => The max. scatt. variable (gen.ref.) is:    265781.8438
 => Scattering coefficients from internal table

 => Scattering lengths:

 CA     0.4700
 AL     0.3449
 NA     0.3630
 F      0.5654

     --------------------------------------------------------------
      SYMBOLIC NAMES AND INITIAL VALUES OF PARAMETERS TO BE VARIED:
     --------------------------------------------------------------

      ->  Parameter number    1   -> Symbolic Name:                                        Bck_33_pat5     254.28760    
      ->  Parameter number    2   -> Symbolic Name:                                     Scale_ph1_pat1     39.710285    
      ->  Parameter number    3   -> Symbolic Name:                                        Bck_32_pat5     222.32671    
      ->  Parameter number    4   -> Symbolic Name:                                        Bck_31_pat5     210.31000    
      ->  Parameter number    5   -> Symbolic Name:                                        Bck_30_pat5     222.94560    
      ->  Parameter number    6   -> Symbolic Name:                                        Bck_29_pat5     210.98140    
      ->  Parameter number    7   -> Symbolic Name:                                        Bck_28_pat5     211.30930    
      ->  Parameter number    8   -> Symbolic Name:                                        Bck_27_pat5     212.59489    
      ->  Parameter number    9   -> Symbolic Name:                                  TOF_Abs1_ph1_pat1    0.95600002E-02
      ->  Parameter number   10   -> Symbolic Name:                                          X_Ca1_ph1    0.46645999    
      ->  Parameter number   11   -> Symbolic Name:                                          X_Al1_ph1    0.25195000    
      ->  Parameter number   12   -> Symbolic Name:                                       Biso_Ca1_ph1     1.0150200    
      ->  Parameter number   13   -> Symbolic Name:                                       Biso_Al1_ph1    0.91272998    
      ->  Parameter number   14   -> Symbolic Name:                                          X_Na1_ph1    0.85160002E-01
      ->  Parameter number   15   -> Symbolic Name:                                       Biso_Na1_ph1     2.3499999    
      ->  Parameter number   16   -> Symbolic Name:                                        Biso_F1_ph1     1.0143100    
      ->  Parameter number   17   -> Symbolic Name:                                           X_F1_ph1    0.13758001    
      ->  Parameter number   18   -> Symbolic Name:                                           Y_F1_ph1    0.30553001    
      ->  Parameter number   19   -> Symbolic Name:                                           Z_F1_ph1    0.11961000    
      ->  Parameter number   20   -> Symbolic Name:                                           X_F2_ph1    0.36228999    
      ->  Parameter number   21   -> Symbolic Name:                                           Y_F2_ph1    0.36316001    
      ->  Parameter number   22   -> Symbolic Name:                                           Z_F2_ph1    0.18695000    
      ->  Parameter number   23   -> Symbolic Name:                                           X_F3_ph1    0.46109000    
      ->  Parameter number   24   -> Symbolic Name:                                        Biso_F2_ph1     1.5254400    
      ->  Parameter number   25   -> Symbolic Name:                                        Biso_F3_ph1     1.0246700    
      ->  Parameter number   26   -> Symbolic Name:                                        Bck_26_pat5     212.38780    
      ->  Parameter number   27   -> Symbolic Name:                                         Bck_0_pat1     538.77362    
      ->  Parameter number   28   -> Symbolic Name:                                         Bck_1_pat1     580.25079    
      ->  Parameter number   29   -> Symbolic Name:                                         Bck_2_pat1     302.36270    
      ->  Parameter number   30   -> Symbolic Name:                                         Bck_3_pat1     564.88062    
      ->  Parameter number   31   -> Symbolic Name:                                         Bck_4_pat1     550.01288    
      ->  Parameter number   32   -> Symbolic Name:                                         Bck_5_pat1     508.79691    
      ->  Parameter number   33   -> Symbolic Name:                                         Bck_6_pat1     434.56430    
      ->  Parameter number   34   -> Symbolic Name:                                         Bck_7_pat1     465.21909    
      ->  Parameter number   35   -> Symbolic Name:                                         Bck_8_pat1     400.46970    
      ->  Parameter number   36   -> Symbolic Name:                                        Bck_10_pat1     484.20432    
      ->  Parameter number   37   -> Symbolic Name:                                        Bck_11_pat1     381.59891    
      ->  Parameter number   38   -> Symbolic Name:                                        Bck_12_pat1     386.13879    
      ->  Parameter number   39   -> Symbolic Name:                                        Bck_13_pat1     378.15701    
      ->  Parameter number   40   -> Symbolic Name:                                        Bck_14_pat1     344.06210    
      ->  Parameter number   41   -> Symbolic Name:                                        Bck_15_pat1     327.21451    
      ->  Parameter number   42   -> Symbolic Name:                                        Bck_16_pat1     309.73691    
      ->  Parameter number   43   -> Symbolic Name:                                        Bck_17_pat1     322.68491    
      ->  Parameter number   44   -> Symbolic Name:                                        Bck_18_pat1     283.68060    
      ->  Parameter number   45   -> Symbolic Name:                                        Bck_19_pat1     271.73401    
      ->  Parameter number   46   -> Symbolic Name:                                        Bck_20_pat1     257.18091    
      ->  Parameter number   47   -> Symbolic Name:                                        Bck_21_pat1     259.38599    
      ->  Parameter number   48   -> Symbolic Name:                                        Bck_22_pat1     261.19321    
      ->  Parameter number   49   -> Symbolic Name:                                        Bck_23_pat1     262.23819    
      ->  Parameter number   50   -> Symbolic Name:                                        Bck_24_pat1     263.03549    
      ->  Parameter number   51   -> Symbolic Name:                                        Bck_25_pat1     268.49390    
      ->  Parameter number   52   -> Symbolic Name:                                        Bck_26_pat1     269.11969    
      ->  Parameter number   53   -> Symbolic Name:                                        Bck_27_pat1     261.63739    
      ->  Parameter number   54   -> Symbolic Name:                                         Bck_9_pat1     477.79730    
      ->  Parameter number   55   -> Symbolic Name:                                     Scale_ph1_pat2     37.911980    
      ->  Parameter number   56   -> Symbolic Name:                                        Bck_25_pat5     212.98911    
      ->  Parameter number   57   -> Symbolic Name:                                        Bck_24_pat5     216.21980    
      ->  Parameter number   58   -> Symbolic Name:                                        Bck_23_pat5     213.46310    
      ->  Parameter number   59   -> Symbolic Name:                                        Bck_22_pat5     216.90221    
      ->  Parameter number   60   -> Symbolic Name:                                        Bck_21_pat5     216.24980    
      ->  Parameter number   61   -> Symbolic Name:                                        Bck_20_pat5     224.66341    
      ->  Parameter number   62   -> Symbolic Name:                                        Bck_19_pat5     227.97060    
      ->  Parameter number   63   -> Symbolic Name:                                        Bck_18_pat5     221.60561    
      ->  Parameter number   64   -> Symbolic Name:                                        Bck_17_pat5     226.46790    
      ->  Parameter number   65   -> Symbolic Name:                                  TOF_Abs1_ph1_pat2    0.43000001E-02
      ->  Parameter number   66   -> Symbolic Name:                                         Bck_0_pat2     487.86191    
      ->  Parameter number   67   -> Symbolic Name:                                         Bck_1_pat2     565.75513    
      ->  Parameter number   68   -> Symbolic Name:                                         Bck_2_pat2     493.61539    
      ->  Parameter number   69   -> Symbolic Name:                                         Bck_3_pat2     558.63062    
      ->  Parameter number   70   -> Symbolic Name:                                         Bck_4_pat2     529.21729    
      ->  Parameter number   71   -> Symbolic Name:                                         Bck_5_pat2     445.46451    
      ->  Parameter number   72   -> Symbolic Name:                                         Bck_6_pat2     459.55930    
      ->  Parameter number   73   -> Symbolic Name:                                         Bck_7_pat2     412.52780    
      ->  Parameter number   74   -> Symbolic Name:                                         Bck_8_pat2     510.90671    
      ->  Parameter number   75   -> Symbolic Name:                                         Bck_9_pat2     395.96771    
      ->  Parameter number   76   -> Symbolic Name:                                        Bck_10_pat2     391.35999    
      ->  Parameter number   77   -> Symbolic Name:                                        Bck_11_pat2     384.83209    
      ->  Parameter number   78   -> Symbolic Name:                                        Bck_12_pat2     349.07260    
      ->  Parameter number   79   -> Symbolic Name:                                        Bck_13_pat2     331.61130    
      ->  Parameter number   80   -> Symbolic Name:                                        Bck_14_pat2     308.57501    
      ->  Parameter number   81   -> Symbolic Name:                                        Bck_15_pat2     355.22171    
      ->  Parameter number   82   -> Symbolic Name:                                        Bck_16_pat2     317.53922    
      ->  Parameter number   83   -> Symbolic Name:                                        Bck_17_pat2     289.84659    
      ->  Parameter number   84   -> Symbolic Name:                                        Bck_18_pat2     259.83960    
      ->  Parameter number   85   -> Symbolic Name:                                        Bck_19_pat2     255.65900    
      ->  Parameter number   86   -> Symbolic Name:                                        Bck_20_pat2     245.59520    
      ->  Parameter number   87   -> Symbolic Name:                                        Bck_21_pat2     263.80859    
      ->  Parameter number   88   -> Symbolic Name:                                        Bck_22_pat2     250.25050    
      ->  Parameter number   89   -> Symbolic Name:                                        Bck_23_pat2     257.56470    
      ->  Parameter number   90   -> Symbolic Name:                                        Bck_24_pat2     257.40750    
      ->  Parameter number   91   -> Symbolic Name:                                        Bck_25_pat2     254.52490    
      ->  Parameter number   92   -> Symbolic Name:                                        Bck_26_pat2     259.73340    
      ->  Parameter number   93   -> Symbolic Name:                                        Bck_27_pat2     239.14290    
      ->  Parameter number   94   -> Symbolic Name:                                     Scale_ph1_pat3     37.345646    
      ->  Parameter number   95   -> Symbolic Name:                                        Bck_16_pat5     238.59300    
      ->  Parameter number   96   -> Symbolic Name:                                        Bck_15_pat5     234.84610    
      ->  Parameter number   97   -> Symbolic Name:                                  TOF_Abs1_ph1_pat3    0.10900000E-02
      ->  Parameter number   98   -> Symbolic Name:                                        Bck_14_pat5     236.85471    
      ->  Parameter number   99   -> Symbolic Name:                                        Bck_13_pat5     232.60040    
      ->  Parameter number  100   -> Symbolic Name:                                        Bck_12_pat5     220.53191    
      ->  Parameter number  101   -> Symbolic Name:                                        Bck_11_pat5     230.96210    
      ->  Parameter number  102   -> Symbolic Name:                                        Bck_10_pat5     255.06470    
      ->  Parameter number  103   -> Symbolic Name:                                         Bck_9_pat5     211.15311    
      ->  Parameter number  104   -> Symbolic Name:                                         Bck_8_pat5     215.98950    
      ->  Parameter number  105   -> Symbolic Name:                                         Bck_0_pat3     440.91440    
      ->  Parameter number  106   -> Symbolic Name:                                         Bck_1_pat3     512.31091    
      ->  Parameter number  107   -> Symbolic Name:                                         Bck_2_pat3     416.86819    
      ->  Parameter number  108   -> Symbolic Name:                                         Bck_3_pat3     474.38110    
      ->  Parameter number  109   -> Symbolic Name:                                         Bck_4_pat3     407.45090    
      ->  Parameter number  110   -> Symbolic Name:                                         Bck_5_pat3     377.53589    
      ->  Parameter number  111   -> Symbolic Name:                                         Bck_6_pat3     346.08850    
      ->  Parameter number  112   -> Symbolic Name:                                         Bck_7_pat3     331.75970    
      ->  Parameter number  113   -> Symbolic Name:                                         Bck_8_pat3     335.98969    
      ->  Parameter number  114   -> Symbolic Name:                                         Bck_9_pat3     353.38071    
      ->  Parameter number  115   -> Symbolic Name:                                        Bck_10_pat3     298.44769    
      ->  Parameter number  116   -> Symbolic Name:                                        Bck_11_pat3     283.43600    
      ->  Parameter number  117   -> Symbolic Name:                                        Bck_12_pat3     253.70340    
      ->  Parameter number  118   -> Symbolic Name:                                        Bck_13_pat3     254.31720    
      ->  Parameter number  119   -> Symbolic Name:                                        Bck_14_pat3     235.31419    
      ->  Parameter number  120   -> Symbolic Name:                                        Bck_15_pat3     240.58920    
      ->  Parameter number  121   -> Symbolic Name:                                        Bck_16_pat3     239.33949    
      ->  Parameter number  122   -> Symbolic Name:                                        Bck_17_pat3     242.93159    
      ->  Parameter number  123   -> Symbolic Name:                                        Bck_18_pat3     241.08440    
      ->  Parameter number  124   -> Symbolic Name:                                        Bck_19_pat3     235.33990    
      ->  Parameter number  125   -> Symbolic Name:                                        Bck_20_pat3     239.06790    
      ->  Parameter number  126   -> Symbolic Name:                                        Bck_21_pat3     246.86121    
      ->  Parameter number  127   -> Symbolic Name:                                         Bck_7_pat5     234.89450    
      ->  Parameter number  128   -> Symbolic Name:                                         Bck_6_pat5     170.24181    
      ->  Parameter number  129   -> Symbolic Name:                                         Bck_5_pat5     202.50230    
      ->  Parameter number  130   -> Symbolic Name:                                     Scale_ph1_pat4     36.152496    
      ->  Parameter number  131   -> Symbolic Name:                                         Bck_4_pat5     291.25589    
      ->  Parameter number  132   -> Symbolic Name:                                         Bck_3_pat5     123.38090    
      ->  Parameter number  133   -> Symbolic Name:                                  TOF_Abs1_ph1_pat4   -0.40099998E-02
      ->  Parameter number  134   -> Symbolic Name:                                         Bck_2_pat5     144.65640    
      ->  Parameter number  135   -> Symbolic Name:                                         Bck_1_pat5     116.82210    
      ->  Parameter number  136   -> Symbolic Name:                                        Bck_34_pat5     123.62640    
      ->  Parameter number  137   -> Symbolic Name:                                     Scale_ph1_pat5     37.040833    
      ->  Parameter number  138   -> Symbolic Name:                                        Bck_21_pat4     173.02940    
      ->  Parameter number  139   -> Symbolic Name:                                         Bck_0_pat4     249.78400    
      ->  Parameter number  140   -> Symbolic Name:                                         Bck_1_pat4     270.68301    
      ->  Parameter number  141   -> Symbolic Name:                                         Bck_2_pat4     377.98959    
      ->  Parameter number  142   -> Symbolic Name:                                         Bck_3_pat4     385.30109    
      ->  Parameter number  143   -> Symbolic Name:                                         Bck_4_pat4     338.18741    
      ->  Parameter number  144   -> Symbolic Name:                                         Bck_5_pat4     332.48999    
      ->  Parameter number  145   -> Symbolic Name:                                         Bck_6_pat4     367.34961    
      ->  Parameter number  146   -> Symbolic Name:                                         Bck_7_pat4     392.37030    
      ->  Parameter number  147   -> Symbolic Name:                                         Bck_8_pat4     342.78210    
      ->  Parameter number  148   -> Symbolic Name:                                         Bck_9_pat4     281.67691    
      ->  Parameter number  149   -> Symbolic Name:                                        Bck_10_pat4     265.48749    
      ->  Parameter number  150   -> Symbolic Name:                                        Bck_11_pat4     259.41089    
      ->  Parameter number  151   -> Symbolic Name:                                        Bck_12_pat4     253.64461    
      ->  Parameter number  152   -> Symbolic Name:                                        Bck_13_pat4     237.30000    
      ->  Parameter number  153   -> Symbolic Name:                                        Bck_14_pat4     227.83521    
      ->  Parameter number  154   -> Symbolic Name:                                        Bck_15_pat4     221.04469    
      ->  Parameter number  155   -> Symbolic Name:                                        Bck_16_pat4     220.32210    
      ->  Parameter number  156   -> Symbolic Name:                                        Bck_17_pat4     226.16620    
      ->  Parameter number  157   -> Symbolic Name:                                        Bck_18_pat4     218.73660    
      ->  Parameter number  158   -> Symbolic Name:                                        Bck_19_pat4     220.24100    
      ->  Parameter number  159   -> Symbolic Name:                                        Bck_20_pat4     217.63710    
      ->  Parameter number  160   -> Symbolic Name:                                          Zero_pat1    -13.710850    
      ->  Parameter number  161   -> Symbolic Name:                                          Dtt1_pat1     20773.014    
      ->  Parameter number  162   -> Symbolic Name:                                     Sig-2_ph1_pat1     15.701000    
      ->  Parameter number  163   -> Symbolic Name:                                    Alpha0_ph1_pat1   -0.95020002E-02
      ->  Parameter number  164   -> Symbolic Name:                                     Beta0_ph1_pat1    0.66720000E-02
      ->  Parameter number  165   -> Symbolic Name:                                    Alpha1_ph1_pat1    0.11022900    
      ->  Parameter number  166   -> Symbolic Name:                                     Beta1_ph1_pat1    0.10073000E-01
      ->  Parameter number  167   -> Symbolic Name:                                          Zero_pat2    -15.052550    
      ->  Parameter number  168   -> Symbolic Name:                                          Dtt1_pat2     18660.068    
      ->  Parameter number  169   -> Symbolic Name:                                     Sig-2_ph1_pat2     18.196100    
      ->  Parameter number  170   -> Symbolic Name:                                     Sig-1_ph1_pat2     29.357599    
      ->  Parameter number  171   -> Symbolic Name:                                    Alpha0_ph1_pat2   -0.11599000E-01
      ->  Parameter number  172   -> Symbolic Name:                                     Beta0_ph1_pat2    0.64280001E-02
      ->  Parameter number  173   -> Symbolic Name:                                    Alpha1_ph1_pat2    0.12276600    
      ->  Parameter number  174   -> Symbolic Name:                                     Beta1_ph1_pat2    0.14681000E-01
      ->  Parameter number  175   -> Symbolic Name:                                          Zero_pat3    -12.728270    
      ->  Parameter number  176   -> Symbolic Name:                                          Dtt1_pat3     15105.381    
      ->  Parameter number  177   -> Symbolic Name:                                     Sig-2_ph1_pat3     16.861000    
      ->  Parameter number  178   -> Symbolic Name:                                     Sig-1_ph1_pat3     62.225800    
      ->  Parameter number  179   -> Symbolic Name:                                    Alpha0_ph1_pat3   -0.12127000E-01
      ->  Parameter number  180   -> Symbolic Name:                                     Beta0_ph1_pat3    0.59910002E-02
      ->  Parameter number  181   -> Symbolic Name:                                    Alpha1_ph1_pat3    0.12289100    
      ->  Parameter number  182   -> Symbolic Name:                                     Beta1_ph1_pat3    0.27662000E-01
      ->  Parameter number  183   -> Symbolic Name:                                          Zero_pat4     14.014330    
      ->  Parameter number  184   -> Symbolic Name:                                          Dtt1_pat4     10389.902    
      ->  Parameter number  185   -> Symbolic Name:                                     Sig-2_ph1_pat4     23.061300    
      ->  Parameter number  186   -> Symbolic Name:                                     Sig-1_ph1_pat4     69.684196    
      ->  Parameter number  187   -> Symbolic Name:                                    Alpha0_ph1_pat4    0.40545002E-01
      ->  Parameter number  188   -> Symbolic Name:                                     Beta0_ph1_pat4    0.53220000E-02
      ->  Parameter number  189   -> Symbolic Name:                                    Alpha1_ph1_pat4    0.23866000E-01
      ->  Parameter number  190   -> Symbolic Name:                                     Beta1_ph1_pat4    0.83444998E-01
      ->  Parameter number  191   -> Symbolic Name:                                     Gam-1_ph1_pat4     1.6858000    
      ->  Parameter number  192   -> Symbolic Name:                                          Zero_pat5     13.459810    
      ->  Parameter number  193   -> Symbolic Name:                                          Dtt1_pat5     4986.2129    
  
 
 => No optimization for routine tasks
 ++++++++++++++++++++++++++++++++++++++++++++++++++++++++++++++++++++++++++++++++++++++++++++++++++++++++++++++++++++++++++++++++++++

 => CYCLE No.:    1
 ------------------------------------------------------------------------------------------------------------------------------------
 => Phase  1 Name: Y5Al3O12 Nuclear
 ------------------------------------------------------------------------------------------------------------------------------------
 => New parameters, shifts, and standard deviations

 Atom        x       dx      sx       y       dy      sy       z       dz      sz       B       dB      sB      occ.    docc.   socc.

 Ca1      0.46646-0.00000 0.00038  0.00000 0.00000 0.00000  0.25000 0.00000 0.00000  1.01506 0.00004 0.10349  0.50000 0.00000 0.00000
 Al1      0.25195 0.00000 0.00064  0.25195 0.00000 0.00064  0.25195 0.00000 0.00064  0.91257-0.00016 0.10620  0.33333 0.00000 0.00000
 Na1      0.08516 0.00000 0.00035  0.08516 0.00000 0.00035  0.08516 0.00000 0.00035  2.35014 0.00014 0.21693  0.33333 0.00000 0.00000
 F1       0.13758-0.00000 0.00026  0.30553-0.00000 0.00025  0.11961-0.00000 0.00030  1.01421-0.00010 0.07509  1.00000 0.00000 0.00000
 F2       0.36229-0.00000 0.00035  0.36316 0.00000 0.00028  0.18695 0.00000 0.00028  1.52541-0.00003 0.08929  1.00000 0.00000 0.00000
 F3       0.46109-0.00000 0.00016  0.46109-0.00000 0.00016  0.46109-0.00000 0.00016  1.02457-0.00010 0.10663  0.33333 0.00000 0.00000

 ==> PROFILE PARAMETERS FOR PATTERN#  1

 => Overall scale factor       :     39.710052490    -0.000231696     0.988755822
 => T.O.F. Extinction parameter:     0.000000    0.000000    0.000000
 => Overall temperature  factor:     0.000000    0.000000    0.000000
 => T.O.F. Gaussian variances Sig-2, Sig-1, Sig-0: 
        15.701022    0.000022    1.374261
         0.000000    0.000000    0.000000
         0.000000    0.000000    0.000000

 => T.O.F. Gaussian variance Sig-Q:     0.000000    0.000000    0.000000
 => T.O.F. Isotropic Gaussian strain parameter (G-strain)::      0.00000     0.00000     0.00000
 => T.O.F. Isotropic Gaussian  Size  parameter (G-size)  ::      0.00000     0.00000     0.00000
 => T.O.F. Anisotropic Lorentzian  Size  parameter (Ani-LorSize)  ::      0.00000     0.00000     0.00000
 => T.O.F. Lorentzian FWHM Gam-2, Gam-1, Gam-0: 
         0.000000    0.000000    0.000000
         0.001900    0.000000    0.000000
         0.000000    0.000000    0.000000

 => T.O.F. Isotropic Lorentzian strain and size parameters (LStr,LSiz): 
         0.000000    0.000000    0.000000
         0.000000    0.000000    0.000000

 => Model-dependent Strain parameters s2,s1,s0: 
         0.000000    0.000000    0.000000
         0.000000    0.000000    0.000000
         0.000000    0.000000    0.000000

 => Direct cell parameters: 
       10.250256    0.000000    0.000000
       10.250256    0.000000    0.000000
       10.250256    0.000000    0.000000
       90.000000    0.000000    0.000000
       90.000000    0.000000    0.000000
       90.000000    0.000000    0.000000

 => Preferred orientation parameters: 
         1.000000    0.000000    0.000000
         0.000000    0.000000    0.000000

 => T.O.F. Peak shape parameter a0,b0,a1,b1/kappa: 
       -0.009502   -0.000000    0.001758
        0.006672    0.000000    0.000061
        0.110229   -0.000000    0.004172
        0.010073   -0.000000    0.000434

 => Absorption parameters: 
       0.009559 -0.000001  0.002889
       0.000000  0.000000  0.000000

 ==> PROFILE PARAMETERS FOR PATTERN#  2

 => Overall scale factor       :     37.911975861    -0.000004695     0.847831845
 => T.O.F. Extinction parameter:     0.000000    0.000000    0.000000
 => Overall temperature  factor:     0.000000    0.000000    0.000000
 => T.O.F. Gaussian variances Sig-2, Sig-1, Sig-0: 
        18.196608    0.000507    2.208454
        29.356300   -0.001299   10.415397
         0.000000    0.000000    0.000000

 => T.O.F. Gaussian variance Sig-Q:     0.000000    0.000000    0.000000
 => T.O.F. Isotropic Gaussian strain parameter (G-strain)::      0.00000     0.00000     0.00000
 => T.O.F. Isotropic Gaussian  Size  parameter (G-size)  ::      0.00000     0.00000     0.00000
 => T.O.F. Anisotropic Lorentzian  Size  parameter (Ani-LorSize)  ::      0.00000     0.00000     0.00000
 => T.O.F. Lorentzian FWHM Gam-2, Gam-1, Gam-0: 
         0.000000    0.000000    0.000000
         0.000000    0.000000    0.000000
         0.000000    0.000000    0.000000

 => T.O.F. Isotropic Lorentzian strain and size parameters (LStr,LSiz): 
         0.000000    0.000000    0.000000
         0.000000    0.000000    0.000000

 => Model-dependent Strain parameters s2,s1,s0: 
         0.000000    0.000000    0.000000
         0.000000    0.000000    0.000000
         0.000000    0.000000    0.000000

 => Direct cell parameters: 
       10.250256    0.000000    0.000000
       10.250256    0.000000    0.000000
       10.250256    0.000000    0.000000
       90.000000    0.000000    0.000000
       90.000000    0.000000    0.000000
       90.000000    0.000000    0.000000

 => Preferred orientation parameters: 
         1.000000    0.000000    0.000000
         0.000000    0.000000    0.000000

 => T.O.F. Peak shape parameter a0,b0,a1,b1/kappa: 
       -0.011598    0.000001    0.002024
        0.006428   -0.000000    0.000067
        0.122764   -0.000002    0.006473
        0.014680   -0.000001    0.000640

 => Absorption parameters: 
       0.004301  0.000001  0.002734
       0.000000  0.000000  0.000000

 ==> PROFILE PARAMETERS FOR PATTERN#  3

 => Overall scale factor       :     37.345592499    -0.000053377     0.769147873
 => T.O.F. Extinction parameter:     0.000000    0.000000    0.000000
 => Overall temperature  factor:     0.000000    0.000000    0.000000
 => T.O.F. Gaussian variances Sig-2, Sig-1, Sig-0: 
        16.860033   -0.000967    2.045277
        62.243042    0.017241   12.899829
         0.000000    0.000000    0.000000

 => T.O.F. Gaussian variance Sig-Q:     0.000000    0.000000    0.000000
 => T.O.F. Isotropic Gaussian strain parameter (G-strain)::      0.00000     0.00000     0.00000
 => T.O.F. Isotropic Gaussian  Size  parameter (G-size)  ::      0.00000     0.00000     0.00000
 => T.O.F. Anisotropic Lorentzian  Size  parameter (Ani-LorSize)  ::      0.00000     0.00000     0.00000
 => T.O.F. Lorentzian FWHM Gam-2, Gam-1, Gam-0: 
         0.000000    0.000000    0.000000
         0.000200    0.000000    0.000000
         0.000000    0.000000    0.000000

 => T.O.F. Isotropic Lorentzian strain and size parameters (LStr,LSiz): 
         0.000000    0.000000    0.000000
         0.000000    0.000000    0.000000

 => Model-dependent Strain parameters s2,s1,s0: 
         0.000000    0.000000    0.000000
         0.000000    0.000000    0.000000
         0.000000    0.000000    0.000000

 => Direct cell parameters: 
       10.250256    0.000000    0.000000
       10.250256    0.000000    0.000000
       10.250256    0.000000    0.000000
       90.000000    0.000000    0.000000
       90.000000    0.000000    0.000000
       90.000000    0.000000    0.000000

 => Preferred orientation parameters: 
         1.000000    0.000000    0.000000
         0.000000    0.000000    0.000000

 => T.O.F. Peak shape parameter a0,b0,a1,b1/kappa: 
       -0.012131   -0.000004    0.001679
        0.005991   -0.000000    0.000080
        0.122897    0.000006    0.007068
        0.027663    0.000001    0.001205

 => Absorption parameters: 
       0.001090 -0.000000  0.002905
       0.000000  0.000000  0.000000

 ==> PROFILE PARAMETERS FOR PATTERN#  4

 => Overall scale factor       :     36.154525757     0.002030213     0.897275567
 => T.O.F. Extinction parameter:     0.000000    0.000000    0.000000
 => Overall temperature  factor:     0.000000    0.000000    0.000000
 => T.O.F. Gaussian variances Sig-2, Sig-1, Sig-0: 
        23.051310   -0.009990    2.029759
        69.820053    0.135858   25.930275
         0.000000    0.000000    0.000000

 => T.O.F. Gaussian variance Sig-Q:     0.000000    0.000000    0.000000
 => T.O.F. Isotropic Gaussian strain parameter (G-strain)::      0.00000     0.00000     0.00000
 => T.O.F. Isotropic Gaussian  Size  parameter (G-size)  ::      0.00000     0.00000     0.00000
 => T.O.F. Anisotropic Lorentzian  Size  parameter (Ani-LorSize)  ::      0.00000     0.00000     0.00000
 => T.O.F. Lorentzian FWHM Gam-2, Gam-1, Gam-0: 
         0.000000    0.000000    0.000000
         1.684601   -0.001199    1.254242
         0.000000    0.000000    0.000000

 => T.O.F. Isotropic Lorentzian strain and size parameters (LStr,LSiz): 
         0.000000    0.000000    0.000000
         0.000000    0.000000    0.000000

 => Model-dependent Strain parameters s2,s1,s0: 
         0.000000    0.000000    0.000000
         0.000000    0.000000    0.000000
         0.000000    0.000000    0.000000

 => Direct cell parameters: 
       10.250256    0.000000    0.000000
       10.250256    0.000000    0.000000
       10.250256    0.000000    0.000000
       90.000000    0.000000    0.000000
       90.000000    0.000000    0.000000
       90.000000    0.000000    0.000000

 => Preferred orientation parameters: 
         1.000000    0.000000    0.000000
         0.000000    0.000000    0.000000

 => T.O.F. Peak shape parameter a0,b0,a1,b1/kappa: 
        0.040554    0.000009    0.015106
        0.005322    0.000000    0.000110
        0.023869    0.000003    0.023528
        0.083299   -0.000146    0.003995

 => Absorption parameters: 
      -0.004002  0.000008  0.004259
       0.000000  0.000000  0.000000

 ==> PROFILE PARAMETERS FOR PATTERN#  5

 => Overall scale factor       :     37.047977448     0.007145848     0.776341796
 => T.O.F. Extinction parameter:     0.000000    0.000000    0.000000
 => Overall temperature  factor:     0.000000    0.000000    0.000000
 => T.O.F. Gaussian variances Sig-2, Sig-1, Sig-0: 
        15.406300    0.000000    0.000000
         0.000000    0.000000    0.000000
         0.000000    0.000000    0.000000

 => T.O.F. Gaussian variance Sig-Q:     0.000000    0.000000    0.000000
 => T.O.F. Isotropic Gaussian strain parameter (G-strain)::      0.00000     0.00000     0.00000
 => T.O.F. Isotropic Gaussian  Size  parameter (G-size)  ::      0.00000     0.00000     0.00000
 => T.O.F. Anisotropic Lorentzian  Size  parameter (Ani-LorSize)  ::      0.00000     0.00000     0.00000
 => T.O.F. Lorentzian FWHM Gam-2, Gam-1, Gam-0: 
         0.000000    0.000000    0.000000
         8.290400    0.000000    0.000000
         0.000000    0.000000    0.000000

 => T.O.F. Isotropic Lorentzian strain and size parameters (LStr,LSiz): 
         0.000000    0.000000    0.000000
         0.000000    0.000000    0.000000

 => Model-dependent Strain parameters s2,s1,s0: 
         0.000000    0.000000    0.000000
         0.000000    0.000000    0.000000
         0.000000    0.000000    0.000000

 => Direct cell parameters: 
       10.250256    0.000000    0.000000
       10.250256    0.000000    0.000000
       10.250256    0.000000    0.000000
       90.000000    0.000000    0.000000
       90.000000    0.000000    0.000000
       90.000000    0.000000    0.000000

 => Preferred orientation parameters: 
         1.000000    0.000000    0.000000
         0.000000    0.000000    0.000000

 => T.O.F. Peak shape parameter a0,b0,a1,b1/kappa: 
        0.014439    0.000000    0.000000
        0.004707    0.000000    0.000000
        0.055070    0.000000    0.000000
        0.137368    0.000000    0.000000

 => Absorption parameters: 
       0.000000  0.000000  0.000000
       0.000000  0.000000  0.000000

 ==> GLOBAL PARAMETERS FOR PATTERN#  1


 => Zero-point:   -13.7110   -0.0001    0.9381
 => Background Parameters (linear interpolation)  ==>
         538.771      -0.271685E-02    26.8764    
         580.240      -0.106123E-01    45.3197    
         302.352      -0.104258E-01    242.405    
         564.874      -0.643364E-02    33.4730    
         550.003      -0.944937E-02    29.4026    
         508.797      -0.149518E-03    24.0897    
         434.553      -0.107885E-01    17.9681    
         465.216      -0.287651E-02    17.7890    
         400.467      -0.246046E-02    16.2331    
         477.786      -0.110152E-01    21.0247    
         484.204      -0.597360E-03    15.8785    
         381.598      -0.140754E-02    10.1661    
         386.137      -0.227558E-02    9.20639    
         378.150      -0.677171E-02    7.74601    
         344.060      -0.223683E-02    6.80348    
         327.215       0.427961E-03    6.21170    
         309.736      -0.117809E-02    6.08120    
         322.685      -0.941991E-04    5.98423    
         283.681      -0.559983E-04    5.86925    
         271.734      -0.668356E-04    6.16235    
         257.180      -0.461914E-03    6.23672    
         259.386      -0.466000E-03    6.46639    
         261.193       0.180040E-03    6.90184    
         262.238      -0.269618E-03    8.31003    
         263.036       0.590335E-03    10.1879    
         268.493      -0.398125E-03    9.79542    
         269.119      -0.513024E-03    12.4311    
         261.637       0.996052E-04    26.6673    

 => T.O.F.- dtt1       (    TOFo=dtt1*dsp     ):  20773.01      0.00      0.63
 => T.O.F.- dtt2       (TOF=TOFo+dtt2*dsp*dsp ):     -1.08      0.00      0.00
 => T.O.F.- dtt_1OverD (TOF=TOF+dtt_1overD/dsp):      0.00      0.00      0.00

 ==> RELIABILITY FACTORS WITH ALL NON-EXCLUDED POINTS FOR PATTERN:  1

 => R-Factors:   7.42      8.28     Chi2:  15.5     DW-Stat.:  0.3457   Patt#:  1
 => Expected :            2.11                                1.9193
 => Deviance : 0.337E+05     Dev*:   8.984    
 => GoF-index:  3.9         Sqrt(Residual/N)
 => N-P+C:  3751

 =>    SumYdif       SumYobs      SumYcal      SumwYobsSQ     Residual    Condition
     0.1849E+06    0.2492E+07    0.2461E+07    0.8453E+07    0.5798E+05    0.5410E+14


 => Conventional Rietveld Rp,Rwp,Re and Chi2:   17.9      12.6      3.19      15.46    
 => (Values obtained using Ynet, but true sigma(y))
 =>  SumYnet, Sum(w Ynet**2):     0.1032E+07    0.3678E+07


 ==> RELIABILITY FACTORS FOR POINTS WITH BRAGG CONTRIBUTIONS FOR PATTERN:  1

 => R-Factors:   7.44      8.29     Chi2:  16.1     DW-Stat.:  0.3463   Patt#:
 => Expected :            2.07                                1.9181
 => Deviance : 0.334E+05     Dev*:   9.292    
 => GoF-index:  4.0         Sqrt(Residual/N)
 => N-P+C:  3598

 =>    SumYdif       SumYobs      SumYcal      SumwYobsSQ     Residual    Condition
     0.1825E+06    0.2452E+07    0.2420E+07    0.8430E+07    0.5790E+05    0.5410E+14


 => Conventional Rietveld Rp,Rwp,Re and Chi2:   17.7      12.5      3.13      16.09    
 => (Values obtained using Ynet, but true sigma(y))
 =>  SumYnet, Sum(w Ynet**2):     0.1032E+07    0.3678E+07


 ==> GLOBAL PARAMETERS FOR PATTERN#  2


 => Zero-point:   -15.0524    0.0001    1.1050
 => Background Parameters (linear interpolation)  ==>
         487.856      -0.628940E-02    85.4352    
         565.746      -0.875070E-02    63.5315    
         493.610      -0.560035E-02    47.9328    
         558.619      -0.115273E-01    39.9159    
         529.216      -0.126026E-02    30.2230    
         445.454      -0.110003E-01    23.3821    
         459.556      -0.358078E-02    21.3360    
         412.521      -0.678673E-02    18.4337    
         510.901      -0.571487E-02    18.6306    
         395.966      -0.166500E-02    12.0608    
         391.357      -0.335333E-02    10.5697    
         384.824      -0.767482E-02    8.97074    
         349.069      -0.360462E-02    8.00513    
         331.612       0.557162E-03    7.04942    
         308.573      -0.202680E-02    6.86629    
         355.221      -0.782080E-03    8.16305    
         317.539      -0.572276E-04    6.50298    
         289.847       0.171519E-04    5.43137    
         259.839      -0.127228E-03    5.13846    
         255.659      -0.448722E-03    6.11513    
         245.595       0.280792E-03    6.48478    
         263.808      -0.170615E-03    6.11771    
         250.251       0.534281E-03    6.62117    
         257.564      -0.341991E-03    7.96847    
         257.407      -0.480588E-04    10.0092    
         254.524      -0.487971E-03    13.1635    
         259.732      -0.994736E-03    23.5582    
         239.143       0.282754E-04    60.1588    

 => T.O.F.- dtt1       (    TOFo=dtt1*dsp     ):  18660.07     -0.00      0.72
 => T.O.F.- dtt2       (TOF=TOFo+dtt2*dsp*dsp ):     -0.47      0.00      0.00
 => T.O.F.- dtt_1OverD (TOF=TOF+dtt_1overD/dsp):      0.00      0.00      0.00

 ==> RELIABILITY FACTORS WITH ALL NON-EXCLUDED POINTS FOR PATTERN:  2

 => R-Factors:   7.20      8.10     Chi2:  14.2     DW-Stat.:  0.2492   Patt#:  2
 => Expected :            2.15                                1.9190
 => Deviance : 0.304E+05     Dev*:   8.198    
 => GoF-index:  3.7         Sqrt(Residual/N)
 => N-P+C:  3706

 =>    SumYdif       SumYobs      SumYcal      SumwYobsSQ     Residual    Condition
     0.1721E+06    0.2390E+07    0.2364E+07    0.7999E+07    0.5248E+05    0.5410E+14


 => Conventional Rietveld Rp,Rwp,Re and Chi2:   17.0      12.2      3.23      14.16    
 => (Values obtained using Ynet, but true sigma(y))
 =>  SumYnet, Sum(w Ynet**2):     0.1013E+07    0.3541E+07


 ==> RELIABILITY FACTORS FOR POINTS WITH BRAGG CONTRIBUTIONS FOR PATTERN:  2

 => R-Factors:   7.19      8.10     Chi2:  14.2     DW-Stat.:  0.2492   Patt#:
 => Expected :            2.15                                1.9189
 => Deviance : 0.303E+05     Dev*:   8.200    
 => GoF-index:  3.8         Sqrt(Residual/N)
 => N-P+C:  3689

 =>    SumYdif       SumYobs      SumYcal      SumwYobsSQ     Residual    Condition
     0.1715E+06    0.2385E+07    0.2360E+07    0.7998E+07    0.5247E+05    0.5410E+14


 => Conventional Rietveld Rp,Rwp,Re and Chi2:   16.9      12.2      3.23      14.22    
 => (Values obtained using Ynet, but true sigma(y))
 =>  SumYnet, Sum(w Ynet**2):     0.1013E+07    0.3541E+07


 ==> GLOBAL PARAMETERS FOR PATTERN#  3


 => Zero-point:   -12.7259    0.0024    1.4023
 => Background Parameters (linear interpolation)  ==>
         440.905      -0.905572E-02    76.0114    
         512.302      -0.855107E-02    49.3981    
         416.860      -0.847720E-02    32.8585    
         474.370      -0.108699E-01    23.2591    
         407.447      -0.411364E-02    15.2840    
         377.526      -0.101981E-01    11.5607    
         346.083      -0.574943E-02    10.2501    
         331.758      -0.167484E-02    8.52634    
         335.981      -0.908179E-02    7.62620    
         353.378      -0.281521E-02    6.49250    
         298.435      -0.126928E-01    5.95535    
         283.435      -0.149667E-02    5.12174    
         253.701      -0.267601E-02    4.48533    
         254.317       0.878600E-05    4.43836    
         235.314      -0.637381E-03    4.70662    
         240.586      -0.271058E-02    5.35285    
         239.339      -0.353892E-03    6.49515    
         242.930      -0.154244E-02    9.35029    
         241.084      -0.449503E-05    12.7189    
         235.340      -0.906245E-05    17.9276    
         239.064      -0.398710E-02    30.8580    
         246.856      -0.567069E-02    73.1253    

 => T.O.F.- dtt1       (    TOFo=dtt1*dsp     ):  15105.38     -0.00      0.84
 => T.O.F.- dtt2       (TOF=TOFo+dtt2*dsp*dsp ):      1.01      0.00      0.00
 => T.O.F.- dtt_1OverD (TOF=TOF+dtt_1overD/dsp):      0.00      0.00      0.00

 ==> RELIABILITY FACTORS WITH ALL NON-EXCLUDED POINTS FOR PATTERN:  3

 => R-Factors:   8.11      7.89     Chi2:  12.1     DW-Stat.:  0.2041   Patt#:  3
 => Expected :            2.27                                1.9186
 => Deviance : 0.367E+05     Dev*:   10.02    
 => GoF-index:  3.5         Sqrt(Residual/N)
 => N-P+C:  3664

 =>    SumYdif       SumYobs      SumYcal      SumwYobsSQ     Residual    Condition
     0.1775E+06    0.2188E+07    0.2164E+07    0.7117E+07    0.4431E+05    0.5410E+14


 => Conventional Rietveld Rp,Rwp,Re and Chi2:   18.4      11.8      3.39      12.09    
 => (Values obtained using Ynet, but true sigma(y))
 =>  SumYnet, Sum(w Ynet**2):     0.9663E+06    0.3188E+07


 ==> RELIABILITY FACTORS FOR POINTS WITH BRAGG CONTRIBUTIONS FOR PATTERN:  3

 => R-Factors:   8.11      7.89     Chi2:  12.1     DW-Stat.:  0.2041   Patt#:
 => Expected :            2.27                                1.9186
 => Deviance : 0.367E+05     Dev*:   10.02    
 => GoF-index:  3.5         Sqrt(Residual/N)
 => N-P+C:  3664

 =>    SumYdif       SumYobs      SumYcal      SumwYobsSQ     Residual    Condition
     0.1775E+06    0.2188E+07    0.2164E+07    0.7117E+07    0.4431E+05    0.5410E+14


 => Conventional Rietveld Rp,Rwp,Re and Chi2:   18.4      11.8      3.39      12.09    
 => (Values obtained using Ynet, but true sigma(y))
 =>  SumYnet, Sum(w Ynet**2):     0.9663E+06    0.3188E+07


 ==> GLOBAL PARAMETERS FOR PATTERN#  4


 => Zero-point:    13.9941   -0.0202    3.4767
 => Background Parameters (linear interpolation)  ==>
         249.737      -0.468151E-01    101.431    
         270.613      -0.702826E-01    77.8361    
         377.896      -0.937973E-01    55.3007    
         385.225      -0.762437E-01    33.0583    
         338.075      -0.112512        24.5756    
         332.415      -0.745409E-01    20.6161    
         367.192      -0.157751        17.7107    
         392.278      -0.924119E-01    13.8753    
         342.668      -0.114569        11.1071    
         281.642      -0.354095E-01    7.03065    
         265.470      -0.174534E-01    6.84058    
         259.401      -0.993650E-02    4.98801    
         253.640      -0.480944E-02    4.17031    
         237.298      -0.212488E-02    3.92330    
         227.836       0.770264E-03    3.61712    
         221.046       0.974368E-03    4.38596    
         220.322      -0.570176E-03    5.79397    
         226.167       0.432596E-03    8.04935    
         218.735      -0.156933E-02    10.8799    
         220.241       0.529190E-04    16.5539    
         217.637      -0.325617E-03    28.7997    
         173.029       0.130155E-04    72.6341    

 => T.O.F.- dtt1       (    TOFo=dtt1*dsp     ):  10389.88     -0.02      1.86
 => T.O.F.- dtt2       (TOF=TOFo+dtt2*dsp*dsp ):      1.85      0.00      0.00
 => T.O.F.- dtt_1OverD (TOF=TOF+dtt_1overD/dsp):      0.00      0.00      0.00

 ==> RELIABILITY FACTORS WITH ALL NON-EXCLUDED POINTS FOR PATTERN:  4

 => R-Factors:   10.5      6.45     Chi2:  5.02     DW-Stat.:  0.2749   Patt#:  4
 => Expected :            2.88                                1.9208
 => Deviance : 0.754E+05     Dev*:   19.15    
 => GoF-index:  2.2         Sqrt(Residual/N)
 => N-P+C:  3938

 =>    SumYdif       SumYobs      SumYcal      SumwYobsSQ     Residual    Condition
     0.2100E+06    0.1997E+07    0.1942E+07    0.4756E+07    0.1978E+05    0.5410E+14


 => Conventional Rietveld Rp,Rwp,Re and Chi2:   23.3      10.9      4.85      5.023    
 => (Values obtained using Ynet, but true sigma(y))
 =>  SumYnet, Sum(w Ynet**2):     0.9026E+06    0.1673E+07


 ==> RELIABILITY FACTORS FOR POINTS WITH BRAGG CONTRIBUTIONS FOR PATTERN:  4

 => R-Factors:   10.4      6.41     Chi2:  5.48     DW-Stat.:  0.2796   Patt#:
 => Expected :            2.74                                1.9177
 => Deviance : 0.721E+05     Dev*:   20.29    
 => GoF-index:  2.3         Sqrt(Residual/N)
 => N-P+C:  3550

 =>    SumYdif       SumYobs      SumYcal      SumwYobsSQ     Residual    Condition
     0.1995E+06    0.1912E+07    0.1860E+07    0.4734E+07    0.1945E+05    0.5410E+14


 => Conventional Rietveld Rp,Rwp,Re and Chi2:   22.2      10.8      4.61      5.478    
 => (Values obtained using Ynet, but true sigma(y))
 =>  SumYnet, Sum(w Ynet**2):     0.8992E+06    0.1673E+07


 ==> GLOBAL PARAMETERS FOR PATTERN#  5


 => Zero-point:    13.5143    0.0545    7.2672
 => Background Parameters (linear interpolation)  ==>
         284.507        0.00000        0.00000    
         116.831       0.875977E-02    151.080    
         144.645      -0.110666E-01    101.093    
         123.346      -0.352446E-01    98.4670    
         291.134      -0.121698        118.846    
         202.436      -0.666828E-01    79.4806    
         170.376       0.133836        81.9702    
         234.849      -0.450839E-01    67.7970    
         215.975      -0.143847E-01    49.8730    
         211.115      -0.378396E-01    41.0879    
         255.073       0.868223E-02    28.6587    
         230.897      -0.649938E-01    25.1952    
         220.614       0.817058E-01    20.1874    
         232.522      -0.779571E-01    16.7733    
         236.914       0.595738E-01    11.5599    
         234.777      -0.694704E-01    9.16266    
         238.622       0.293455E-01    7.29028    
         226.454      -0.135650E-01    6.45638    
         221.617       0.116620E-01    6.42076    
         227.917      -0.535178E-01    6.48245    
         224.679       0.152690E-01    4.74020    
         216.243      -0.643133E-02    4.61843    
         216.904       0.143522E-02    5.32252    
         213.463      -0.558865E-03    5.89741    
         216.220       0.125409E-03    6.63897    
         212.989      -0.526073E-04    7.44184    
         212.388       0.189569E-04    8.86172    
         212.595       0.624148E-06    10.1994    
         211.309      -0.442356E-06    12.3579    
         210.981       0.179647E-04    15.3500    
         222.946       0.315073E-05    19.5354    
         210.310      -0.128594E-05    26.2607    
         222.327      -0.152756E-05    38.8768    
         254.288      -0.188323E-05    59.8149    
         123.626      -0.138826E-04    78.5128    
         161.268        0.00000        0.00000    

 => T.O.F.- dtt1       (    TOFo=dtt1*dsp     ):   4986.07     -0.14      2.02
 => T.O.F.- dtt2       (TOF=TOFo+dtt2*dsp*dsp ):      1.86      0.00      0.00
 => T.O.F.- dtt_1OverD (TOF=TOF+dtt_1overD/dsp):      0.00      0.00      0.00

 ==> RELIABILITY FACTORS WITH ALL NON-EXCLUDED POINTS FOR PATTERN:  5

 => R-Factors:   12.1      4.68     Chi2:  1.06     DW-Stat.:  1.0341   Patt#:  5
 => Expected :            4.54                                1.9191
 => Deviance : 0.599E+05     Dev*:   16.09    
 => GoF-index:  1.0         Sqrt(Residual/N)
 => N-P+C:  3719

 =>    SumYdif       SumYobs      SumYcal      SumwYobsSQ     Residual    Condition
     0.1590E+06    0.1319E+07    0.1261E+07    0.1802E+07     3948.        0.5410E+14


 => Conventional Rietveld Rp,Rwp,Re and Chi2:   30.6      15.4      15.0      1.062    
 => (Values obtained using Ynet, but true sigma(y))
 =>  SumYnet, Sum(w Ynet**2):     0.5193E+06    0.1656E+06


 ==> RELIABILITY FACTORS FOR POINTS WITH BRAGG CONTRIBUTIONS FOR PATTERN:  5

 => R-Factors:   13.1      4.48     Chi2:  1.33     DW-Stat.:  1.3953   Patt#:
 => Expected :            3.88                                1.9030
 => Deviance : 0.491E+05     Dev*:   22.36    
 => GoF-index:  1.1         Sqrt(Residual/N)
 => N-P+C:  2195

 =>    SumYdif       SumYobs      SumYcal      SumwYobsSQ     Residual    Condition
     0.1289E+06    0.9843E+06    0.9378E+06    0.1459E+07     2926.        0.5410E+14


 => Conventional Rietveld Rp,Rwp,Re and Chi2:   25.4      13.3      11.5      1.333    
 => (Values obtained using Ynet, but true sigma(y))
 =>  SumYnet, Sum(w Ynet**2):     0.5079E+06    0.1646E+06


 => Global user-weigthed Chi2 (Bragg contrib.):   9.84    

 => ---------> Pattern#  1
 => Phase:  1
 =>    Bragg R-factor:  4.29    
 =>    RF-factor     :  21.4    

 => ---------> Pattern#  2
 => Phase:  1
 =>    Bragg R-factor:  3.76    
 =>    RF-factor     :  13.9    

 => ---------> Pattern#  3
 => Phase:  1
 =>    Bragg R-factor:  4.05    
 =>    RF-factor     :  11.3    

 => ---------> Pattern#  4
 => Phase:  1
 =>    Bragg R-factor:  5.45    
 =>    RF-factor     :  14.8    

 => ---------> Pattern#  5
 => Phase:  1
 =>    Bragg R-factor:  9.27    
 =>    RF-factor     :  9.58    


   Standard deviations have to be multiplied by: 3.2263
   (correlated residuals) See references:
  -J.F.Berar & P.Lelann, J. Appl. Cryst. 24, 1-5 (1991) 
  -J.F.Berar, Acc. in Pow. Diff. II,NIST Sp.Pub. 846, 63(1992) 



   Standard deviations have to be multiplied by: 3.2737
   (correlated residuals) See references:
  -J.F.Berar & P.Lelann, J. Appl. Cryst. 24, 1-5 (1991) 
  -J.F.Berar, Acc. in Pow. Diff. II,NIST Sp.Pub. 846, 63(1992) 



   Standard deviations have to be multiplied by: 3.4471
   (correlated residuals) See references:
  -J.F.Berar & P.Lelann, J. Appl. Cryst. 24, 1-5 (1991) 
  -J.F.Berar, Acc. in Pow. Diff. II,NIST Sp.Pub. 846, 63(1992) 



   Standard deviations have to be multiplied by: 3.3940
   (correlated residuals) See references:
  -J.F.Berar & P.Lelann, J. Appl. Cryst. 24, 1-5 (1991) 
  -J.F.Berar, Acc. in Pow. Diff. II,NIST Sp.Pub. 846, 63(1992) 



   Standard deviations have to be multiplied by: 2.3013
   (correlated residuals) See references:
  -J.F.Berar & P.Lelann, J. Appl. Cryst. 24, 1-5 (1991) 
  -J.F.Berar, Acc. in Pow. Diff. II,NIST Sp.Pub. 846, 63(1992) 

 ++++++++++++++++++++++++++++++++++++++++++++++++++++++++++++++++++++++++++++++++++++++++++++++++++++++++++++++++++++++++++++++++++++

 => CYCLE No.:    1
 =>  Convergence reached at this CYCLE !!!!
 =>  Parameter shifts set to zero
 ------------------------------------------------------------------------------------------------------------------------------------
 => Phase  1 Name: Y5Al3O12 Nuclear
 ------------------------------------------------------------------------------------------------------------------------------------
 => New parameters, shifts, and standard deviations

 Atom        x       dx      sx       y       dy      sy       z       dz      sz       B       dB      sB      occ.    docc.   socc.

 Ca1      0.46646 0.00000 0.00038  0.00000 0.00000 0.00000  0.25000 0.00000 0.00000  1.01506 0.00000 0.10349  0.50000 0.00000 0.00000
 Al1      0.25195 0.00000 0.00064  0.25195 0.00000 0.00064  0.25195 0.00000 0.00064  0.91257 0.00000 0.10620  0.33333 0.00000 0.00000
 Na1      0.08516 0.00000 0.00035  0.08516 0.00000 0.00035  0.08516 0.00000 0.00035  2.35014 0.00000 0.21693  0.33333 0.00000 0.00000
 F1       0.13758 0.00000 0.00026  0.30553 0.00000 0.00025  0.11961 0.00000 0.00030  1.01421 0.00000 0.07509  1.00000 0.00000 0.00000
 F2       0.36229 0.00000 0.00035  0.36316 0.00000 0.00028  0.18695 0.00000 0.00028  1.52541 0.00000 0.08929  1.00000 0.00000 0.00000
 F3       0.46109 0.00000 0.00016  0.46109 0.00000 0.00016  0.46109 0.00000 0.00016  1.02457 0.00000 0.10663  0.33333 0.00000 0.00000

 ==> PROFILE PARAMETERS FOR PATTERN#  1

 => Overall scale factor       :     39.710052490     0.000000000     0.988755822
 => T.O.F. Extinction parameter:     0.000000    0.000000    0.000000
 => Overall temperature  factor:     0.000000    0.000000    0.000000
 => T.O.F. Gaussian variances Sig-2, Sig-1, Sig-0: 
        15.701022    0.000000    1.374261
         0.000000    0.000000    0.000000
         0.000000    0.000000    0.000000

 => T.O.F. Gaussian variance Sig-Q:     0.000000    0.000000    0.000000
 => T.O.F. Isotropic Gaussian strain parameter (G-strain)::      0.00000     0.00000     0.00000
 => T.O.F. Isotropic Gaussian  Size  parameter (G-size)  ::      0.00000     0.00000     0.00000
 => T.O.F. Anisotropic Lorentzian  Size  parameter (Ani-LorSize)  ::      0.00000     0.00000     0.00000
 => T.O.F. Lorentzian FWHM Gam-2, Gam-1, Gam-0: 
         0.000000    0.000000    0.000000
         0.001900    0.000000    0.000000
         0.000000    0.000000    0.000000

 => T.O.F. Isotropic Lorentzian strain and size parameters (LStr,LSiz): 
         0.000000    0.000000    0.000000
         0.000000    0.000000    0.000000

 => Model-dependent Strain parameters s2,s1,s0: 
         0.000000    0.000000    0.000000
         0.000000    0.000000    0.000000
         0.000000    0.000000    0.000000

 => Direct cell parameters: 
       10.250256    0.000000    0.000000
       10.250256    0.000000    0.000000
       10.250256    0.000000    0.000000
       90.000000    0.000000    0.000000
       90.000000    0.000000    0.000000
       90.000000    0.000000    0.000000

 => Preferred orientation parameters: 
         1.000000    0.000000    0.000000
         0.000000    0.000000    0.000000

 => T.O.F. Peak shape parameter a0,b0,a1,b1/kappa: 
       -0.009502    0.000000    0.001758
        0.006672    0.000000    0.000061
        0.110229    0.000000    0.004172
        0.010073    0.000000    0.000434

 => Absorption parameters: 
       0.009559  0.000000  0.002889
       0.000000  0.000000  0.000000

 ==> PROFILE PARAMETERS FOR PATTERN#  2

 => Overall scale factor       :     37.911975861     0.000000000     0.847831845
 => T.O.F. Extinction parameter:     0.000000    0.000000    0.000000
 => Overall temperature  factor:     0.000000    0.000000    0.000000
 => T.O.F. Gaussian variances Sig-2, Sig-1, Sig-0: 
        18.196608    0.000000    2.208454
        29.356300    0.000000   10.415397
         0.000000    0.000000    0.000000

 => T.O.F. Gaussian variance Sig-Q:     0.000000    0.000000    0.000000
 => T.O.F. Isotropic Gaussian strain parameter (G-strain)::      0.00000     0.00000     0.00000
 => T.O.F. Isotropic Gaussian  Size  parameter (G-size)  ::      0.00000     0.00000     0.00000
 => T.O.F. Anisotropic Lorentzian  Size  parameter (Ani-LorSize)  ::      0.00000     0.00000     0.00000
 => T.O.F. Lorentzian FWHM Gam-2, Gam-1, Gam-0: 
         0.000000    0.000000    0.000000
         0.000000    0.000000    0.000000
         0.000000    0.000000    0.000000

 => T.O.F. Isotropic Lorentzian strain and size parameters (LStr,LSiz): 
         0.000000    0.000000    0.000000
         0.000000    0.000000    0.000000

 => Model-dependent Strain parameters s2,s1,s0: 
         0.000000    0.000000    0.000000
         0.000000    0.000000    0.000000
         0.000000    0.000000    0.000000

 => Direct cell parameters: 
       10.250256    0.000000    0.000000
       10.250256    0.000000    0.000000
       10.250256    0.000000    0.000000
       90.000000    0.000000    0.000000
       90.000000    0.000000    0.000000
       90.000000    0.000000    0.000000

 => Preferred orientation parameters: 
         1.000000    0.000000    0.000000
         0.000000    0.000000    0.000000

 => T.O.F. Peak shape parameter a0,b0,a1,b1/kappa: 
       -0.011598    0.000000    0.002024
        0.006428    0.000000    0.000067
        0.122764    0.000000    0.006473
        0.014680    0.000000    0.000640

 => Absorption parameters: 
       0.004301  0.000000  0.002734
       0.000000  0.000000  0.000000

 ==> PROFILE PARAMETERS FOR PATTERN#  3

 => Overall scale factor       :     37.345592499     0.000000000     0.769147873
 => T.O.F. Extinction parameter:     0.000000    0.000000    0.000000
 => Overall temperature  factor:     0.000000    0.000000    0.000000
 => T.O.F. Gaussian variances Sig-2, Sig-1, Sig-0: 
        16.860033    0.000000    2.045277
        62.243042    0.000000   12.899829
         0.000000    0.000000    0.000000

 => T.O.F. Gaussian variance Sig-Q:     0.000000    0.000000    0.000000
 => T.O.F. Isotropic Gaussian strain parameter (G-strain)::      0.00000     0.00000     0.00000
 => T.O.F. Isotropic Gaussian  Size  parameter (G-size)  ::      0.00000     0.00000     0.00000
 => T.O.F. Anisotropic Lorentzian  Size  parameter (Ani-LorSize)  ::      0.00000     0.00000     0.00000
 => T.O.F. Lorentzian FWHM Gam-2, Gam-1, Gam-0: 
         0.000000    0.000000    0.000000
         0.000200    0.000000    0.000000
         0.000000    0.000000    0.000000

 => T.O.F. Isotropic Lorentzian strain and size parameters (LStr,LSiz): 
         0.000000    0.000000    0.000000
         0.000000    0.000000    0.000000

 => Model-dependent Strain parameters s2,s1,s0: 
         0.000000    0.000000    0.000000
         0.000000    0.000000    0.000000
         0.000000    0.000000    0.000000

 => Direct cell parameters: 
       10.250256    0.000000    0.000000
       10.250256    0.000000    0.000000
       10.250256    0.000000    0.000000
       90.000000    0.000000    0.000000
       90.000000    0.000000    0.000000
       90.000000    0.000000    0.000000

 => Preferred orientation parameters: 
         1.000000    0.000000    0.000000
         0.000000    0.000000    0.000000

 => T.O.F. Peak shape parameter a0,b0,a1,b1/kappa: 
       -0.012131    0.000000    0.001679
        0.005991    0.000000    0.000080
        0.122897    0.000000    0.007068
        0.027663    0.000000    0.001205

 => Absorption parameters: 
       0.001090  0.000000  0.002905
       0.000000  0.000000  0.000000

 ==> PROFILE PARAMETERS FOR PATTERN#  4

 => Overall scale factor       :     36.154525757     0.000000000     0.897275567
 => T.O.F. Extinction parameter:     0.000000    0.000000    0.000000
 => Overall temperature  factor:     0.000000    0.000000    0.000000
 => T.O.F. Gaussian variances Sig-2, Sig-1, Sig-0: 
        23.051310    0.000000    2.029759
        69.820053    0.000000   25.930275
         0.000000    0.000000    0.000000

 => T.O.F. Gaussian variance Sig-Q:     0.000000    0.000000    0.000000
 => T.O.F. Isotropic Gaussian strain parameter (G-strain)::      0.00000     0.00000     0.00000
 => T.O.F. Isotropic Gaussian  Size  parameter (G-size)  ::      0.00000     0.00000     0.00000
 => T.O.F. Anisotropic Lorentzian  Size  parameter (Ani-LorSize)  ::      0.00000     0.00000     0.00000
 => T.O.F. Lorentzian FWHM Gam-2, Gam-1, Gam-0: 
         0.000000    0.000000    0.000000
         1.684601    0.000000    1.254242
         0.000000    0.000000    0.000000

 => T.O.F. Isotropic Lorentzian strain and size parameters (LStr,LSiz): 
         0.000000    0.000000    0.000000
         0.000000    0.000000    0.000000

 => Model-dependent Strain parameters s2,s1,s0: 
         0.000000    0.000000    0.000000
         0.000000    0.000000    0.000000
         0.000000    0.000000    0.000000

 => Direct cell parameters: 
       10.250256    0.000000    0.000000
       10.250256    0.000000    0.000000
       10.250256    0.000000    0.000000
       90.000000    0.000000    0.000000
       90.000000    0.000000    0.000000
       90.000000    0.000000    0.000000

 => Preferred orientation parameters: 
         1.000000    0.000000    0.000000
         0.000000    0.000000    0.000000

 => T.O.F. Peak shape parameter a0,b0,a1,b1/kappa: 
        0.040554    0.000000    0.015106
        0.005322    0.000000    0.000110
        0.023869    0.000000    0.023528
        0.083299    0.000000    0.003995

 => Absorption parameters: 
      -0.004002  0.000000  0.004259
       0.000000  0.000000  0.000000

 ==> PROFILE PARAMETERS FOR PATTERN#  5

 => Overall scale factor       :     37.047977448     0.000000000     0.776341796
 => T.O.F. Extinction parameter:     0.000000    0.000000    0.000000
 => Overall temperature  factor:     0.000000    0.000000    0.000000
 => T.O.F. Gaussian variances Sig-2, Sig-1, Sig-0: 
        15.406300    0.000000    0.000000
         0.000000    0.000000    0.000000
         0.000000    0.000000    0.000000

 => T.O.F. Gaussian variance Sig-Q:     0.000000    0.000000    0.000000
 => T.O.F. Isotropic Gaussian strain parameter (G-strain)::      0.00000     0.00000     0.00000
 => T.O.F. Isotropic Gaussian  Size  parameter (G-size)  ::      0.00000     0.00000     0.00000
 => T.O.F. Anisotropic Lorentzian  Size  parameter (Ani-LorSize)  ::      0.00000     0.00000     0.00000
 => T.O.F. Lorentzian FWHM Gam-2, Gam-1, Gam-0: 
         0.000000    0.000000    0.000000
         8.290400    0.000000    0.000000
         0.000000    0.000000    0.000000

 => T.O.F. Isotropic Lorentzian strain and size parameters (LStr,LSiz): 
         0.000000    0.000000    0.000000
         0.000000    0.000000    0.000000

 => Model-dependent Strain parameters s2,s1,s0: 
         0.000000    0.000000    0.000000
         0.000000    0.000000    0.000000
         0.000000    0.000000    0.000000

 => Direct cell parameters: 
       10.250256    0.000000    0.000000
       10.250256    0.000000    0.000000
       10.250256    0.000000    0.000000
       90.000000    0.000000    0.000000
       90.000000    0.000000    0.000000
       90.000000    0.000000    0.000000

 => Preferred orientation parameters: 
         1.000000    0.000000    0.000000
         0.000000    0.000000    0.000000

 => T.O.F. Peak shape parameter a0,b0,a1,b1/kappa: 
        0.014439    0.000000    0.000000
        0.004707    0.000000    0.000000
        0.055070    0.000000    0.000000
        0.137368    0.000000    0.000000

 => Absorption parameters: 
       0.000000  0.000000  0.000000
       0.000000  0.000000  0.000000

 ==> GLOBAL PARAMETERS FOR PATTERN#  1


 => Zero-point:   -13.7110    0.0000    0.9381
 => Background Parameters (linear interpolation)  ==>
         538.771        0.00000        26.8764    
         580.240        0.00000        45.3197    
         302.352        0.00000        242.405    
         564.874        0.00000        33.4730    
         550.003        0.00000        29.4026    
         508.797        0.00000        24.0897    
         434.553        0.00000        17.9681    
         465.216        0.00000        17.7890    
         400.467        0.00000        16.2331    
         477.786        0.00000        21.0247    
         484.204        0.00000        15.8785    
         381.598        0.00000        10.1661    
         386.137        0.00000        9.20639    
         378.150        0.00000        7.74601    
         344.060        0.00000        6.80348    
         327.215        0.00000        6.21170    
         309.736        0.00000        6.08120    
         322.685        0.00000        5.98423    
         283.681        0.00000        5.86925    
         271.734        0.00000        6.16235    
         257.180        0.00000        6.23672    
         259.386        0.00000        6.46639    
         261.193        0.00000        6.90184    
         262.238        0.00000        8.31003    
         263.036        0.00000        10.1879    
         268.493        0.00000        9.79542    
         269.119        0.00000        12.4311    
         261.637        0.00000        26.6673    

 => T.O.F.- dtt1       (    TOFo=dtt1*dsp     ):  20773.01      0.00      0.63
 => T.O.F.- dtt2       (TOF=TOFo+dtt2*dsp*dsp ):     -1.08      0.00      0.00
 => T.O.F.- dtt_1OverD (TOF=TOF+dtt_1overD/dsp):      0.00      0.00      0.00

 ==> RELIABILITY FACTORS WITH ALL NON-EXCLUDED POINTS FOR PATTERN:  1

 => R-Factors:   7.42      8.28     Chi2:  15.5     DW-Stat.:  0.3457   Patt#:  1
 => Expected :            2.11                                1.9193
 => Deviance : 0.337E+05     Dev*:   8.984    
 => GoF-index:  3.9         Sqrt(Residual/N)
 => N-P+C:  3751

 =>    SumYdif       SumYobs      SumYcal      SumwYobsSQ     Residual    Condition
     0.1849E+06    0.2492E+07    0.2461E+07    0.8453E+07    0.5798E+05    0.5410E+14


 => Conventional Rietveld Rp,Rwp,Re and Chi2:   17.9      12.6      3.19      15.46    
 => (Values obtained using Ynet, but true sigma(y))
 =>  SumYnet, Sum(w Ynet**2):     0.1032E+07    0.3678E+07

 => N-sigma of the GoF:      626.142

 ==> RELIABILITY FACTORS FOR POINTS WITH BRAGG CONTRIBUTIONS FOR PATTERN:  1

 => R-Factors:   7.44      8.29     Chi2:  16.1     DW-Stat.:  0.3463   Patt#:
 => Expected :            2.07                                1.9181
 => Deviance : 0.334E+05     Dev*:   9.292    
 => GoF-index:  4.0         Sqrt(Residual/N)
 => N-P+C:  3598

 =>    SumYdif       SumYobs      SumYcal      SumwYobsSQ     Residual    Condition
     0.1825E+06    0.2452E+07    0.2420E+07    0.8430E+07    0.5790E+05    0.5410E+14


 => Conventional Rietveld Rp,Rwp,Re and Chi2:   17.7      12.5      3.13      16.09    
 => (Values obtained using Ynet, but true sigma(y))
 =>  SumYnet, Sum(w Ynet**2):     0.1032E+07    0.3678E+07

 => N-sigma of the GoF:      640.085

 ==> GLOBAL PARAMETERS FOR PATTERN#  2


 => Zero-point:   -15.0524    0.0000    1.1050
 => Background Parameters (linear interpolation)  ==>
         487.856        0.00000        85.4352    
         565.746        0.00000        63.5315    
         493.610        0.00000        47.9328    
         558.619        0.00000        39.9159    
         529.216        0.00000        30.2230    
         445.454        0.00000        23.3821    
         459.556        0.00000        21.3360    
         412.521        0.00000        18.4337    
         510.901        0.00000        18.6306    
         395.966        0.00000        12.0608    
         391.357        0.00000        10.5697    
         384.824        0.00000        8.97074    
         349.069        0.00000        8.00513    
         331.612        0.00000        7.04942    
         308.573        0.00000        6.86629    
         355.221        0.00000        8.16305    
         317.539        0.00000        6.50298    
         289.847        0.00000        5.43137    
         259.839        0.00000        5.13846    
         255.659        0.00000        6.11513    
         245.595        0.00000        6.48478    
         263.808        0.00000        6.11771    
         250.251        0.00000        6.62117    
         257.564        0.00000        7.96847    
         257.407        0.00000        10.0092    
         254.524        0.00000        13.1635    
         259.732        0.00000        23.5582    
         239.143        0.00000        60.1588    

 => T.O.F.- dtt1       (    TOFo=dtt1*dsp     ):  18660.07      0.00      0.72
 => T.O.F.- dtt2       (TOF=TOFo+dtt2*dsp*dsp ):     -0.47      0.00      0.00
 => T.O.F.- dtt_1OverD (TOF=TOF+dtt_1overD/dsp):      0.00      0.00      0.00

 ==> RELIABILITY FACTORS WITH ALL NON-EXCLUDED POINTS FOR PATTERN:  2

 => R-Factors:   7.20      8.10     Chi2:  14.2     DW-Stat.:  0.2492   Patt#:  2
 => Expected :            2.15                                1.9190
 => Deviance : 0.304E+05     Dev*:   8.198    
 => GoF-index:  3.7         Sqrt(Residual/N)
 => N-P+C:  3706

 =>    SumYdif       SumYobs      SumYcal      SumwYobsSQ     Residual    Condition
     0.1721E+06    0.2390E+07    0.2364E+07    0.7999E+07    0.5248E+05    0.5410E+14


 => Conventional Rietveld Rp,Rwp,Re and Chi2:   17.0      12.2      3.23      14.16    
 => (Values obtained using Ynet, but true sigma(y))
 =>  SumYnet, Sum(w Ynet**2):     0.1013E+07    0.3541E+07

 => N-sigma of the GoF:      566.490

 ==> RELIABILITY FACTORS FOR POINTS WITH BRAGG CONTRIBUTIONS FOR PATTERN:  2

 => R-Factors:   7.19      8.10     Chi2:  14.2     DW-Stat.:  0.2492   Patt#:
 => Expected :            2.15                                1.9189
 => Deviance : 0.303E+05     Dev*:   8.200    
 => GoF-index:  3.8         Sqrt(Residual/N)
 => N-P+C:  3689

 =>    SumYdif       SumYobs      SumYcal      SumwYobsSQ     Residual    Condition
     0.1715E+06    0.2385E+07    0.2360E+07    0.7998E+07    0.5247E+05    0.5410E+14


 => Conventional Rietveld Rp,Rwp,Re and Chi2:   16.9      12.2      3.23      14.22    
 => (Values obtained using Ynet, but true sigma(y))
 =>  SumYnet, Sum(w Ynet**2):     0.1013E+07    0.3541E+07

 => N-sigma of the GoF:      567.894

 ==> GLOBAL PARAMETERS FOR PATTERN#  3


 => Zero-point:   -12.7259    0.0000    1.4023
 => Background Parameters (linear interpolation)  ==>
         440.905        0.00000        76.0114    
         512.302        0.00000        49.3981    
         416.860        0.00000        32.8585    
         474.370        0.00000        23.2591    
         407.447        0.00000        15.2840    
         377.526        0.00000        11.5607    
         346.083        0.00000        10.2501    
         331.758        0.00000        8.52634    
         335.981        0.00000        7.62620    
         353.378        0.00000        6.49250    
         298.435        0.00000        5.95535    
         283.435        0.00000        5.12174    
         253.701        0.00000        4.48533    
         254.317        0.00000        4.43836    
         235.314        0.00000        4.70662    
         240.586        0.00000        5.35285    
         239.339        0.00000        6.49515    
         242.930        0.00000        9.35029    
         241.084        0.00000        12.7189    
         235.340        0.00000        17.9276    
         239.064        0.00000        30.8580    
         246.856        0.00000        73.1253    

 => T.O.F.- dtt1       (    TOFo=dtt1*dsp     ):  15105.38      0.00      0.84
 => T.O.F.- dtt2       (TOF=TOFo+dtt2*dsp*dsp ):      1.01      0.00      0.00
 => T.O.F.- dtt_1OverD (TOF=TOF+dtt_1overD/dsp):      0.00      0.00      0.00

 ==> RELIABILITY FACTORS WITH ALL NON-EXCLUDED POINTS FOR PATTERN:  3

 => R-Factors:   8.11      7.89     Chi2:  12.1     DW-Stat.:  0.2041   Patt#:  3
 => Expected :            2.27                                1.9186
 => Deviance : 0.367E+05     Dev*:   10.02    
 => GoF-index:  3.5         Sqrt(Residual/N)
 => N-P+C:  3664

 =>    SumYdif       SumYobs      SumYcal      SumwYobsSQ     Residual    Condition
     0.1775E+06    0.2188E+07    0.2164E+07    0.7117E+07    0.4431E+05    0.5410E+14


 => Conventional Rietveld Rp,Rwp,Re and Chi2:   18.4      11.8      3.39      12.09    
 => (Values obtained using Ynet, but true sigma(y))
 =>  SumYnet, Sum(w Ynet**2):     0.9663E+06    0.3188E+07

 => N-sigma of the GoF:      474.853

 ==> RELIABILITY FACTORS FOR POINTS WITH BRAGG CONTRIBUTIONS FOR PATTERN:  3

 => R-Factors:   8.11      7.89     Chi2:  12.1     DW-Stat.:  0.2041   Patt#:
 => Expected :            2.27                                1.9186
 => Deviance : 0.367E+05     Dev*:   10.02    
 => GoF-index:  3.5         Sqrt(Residual/N)
 => N-P+C:  3664

 =>    SumYdif       SumYobs      SumYcal      SumwYobsSQ     Residual    Condition
     0.1775E+06    0.2188E+07    0.2164E+07    0.7117E+07    0.4431E+05    0.5410E+14


 => Conventional Rietveld Rp,Rwp,Re and Chi2:   18.4      11.8      3.39      12.09    
 => (Values obtained using Ynet, but true sigma(y))
 =>  SumYnet, Sum(w Ynet**2):     0.9663E+06    0.3188E+07

 => N-sigma of the GoF:      474.853

 ==> GLOBAL PARAMETERS FOR PATTERN#  4


 => Zero-point:    13.9941    0.0000    3.4767
 => Background Parameters (linear interpolation)  ==>
         249.737        0.00000        101.431    
         270.613        0.00000        77.8361    
         377.896        0.00000        55.3007    
         385.225        0.00000        33.0583    
         338.075        0.00000        24.5756    
         332.415        0.00000        20.6161    
         367.192        0.00000        17.7107    
         392.278        0.00000        13.8753    
         342.668        0.00000        11.1071    
         281.642        0.00000        7.03065    
         265.470        0.00000        6.84058    
         259.401        0.00000        4.98801    
         253.640        0.00000        4.17031    
         237.298        0.00000        3.92330    
         227.836        0.00000        3.61712    
         221.046        0.00000        4.38596    
         220.322        0.00000        5.79397    
         226.167        0.00000        8.04935    
         218.735        0.00000        10.8799    
         220.241        0.00000        16.5539    
         217.637        0.00000        28.7997    
         173.029        0.00000        72.6341    

 => T.O.F.- dtt1       (    TOFo=dtt1*dsp     ):  10389.88      0.00      1.86
 => T.O.F.- dtt2       (TOF=TOFo+dtt2*dsp*dsp ):      1.85      0.00      0.00
 => T.O.F.- dtt_1OverD (TOF=TOF+dtt_1overD/dsp):      0.00      0.00      0.00

 ==> RELIABILITY FACTORS WITH ALL NON-EXCLUDED POINTS FOR PATTERN:  4

 => R-Factors:   10.5      6.45     Chi2:  5.02     DW-Stat.:  0.2749   Patt#:  4
 => Expected :            2.88                                1.9208
 => Deviance : 0.754E+05     Dev*:   19.15    
 => GoF-index:  2.2         Sqrt(Residual/N)
 => N-P+C:  3938

 =>    SumYdif       SumYobs      SumYcal      SumwYobsSQ     Residual    Condition
     0.2100E+06    0.1997E+07    0.1942E+07    0.4756E+07    0.1978E+05    0.5410E+14


 => Conventional Rietveld Rp,Rwp,Re and Chi2:   23.3      10.9      4.85      5.023    
 => (Values obtained using Ynet, but true sigma(y))
 =>  SumYnet, Sum(w Ynet**2):     0.9026E+06    0.1673E+07

 => N-sigma of the GoF:      178.501

 ==> RELIABILITY FACTORS FOR POINTS WITH BRAGG CONTRIBUTIONS FOR PATTERN:  4

 => R-Factors:   10.4      6.41     Chi2:  5.48     DW-Stat.:  0.2796   Patt#:
 => Expected :            2.74                                1.9177
 => Deviance : 0.721E+05     Dev*:   20.29    
 => GoF-index:  2.3         Sqrt(Residual/N)
 => N-P+C:  3550

 =>    SumYdif       SumYobs      SumYcal      SumwYobsSQ     Residual    Condition
     0.1995E+06    0.1912E+07    0.1860E+07    0.4734E+07    0.1945E+05    0.5410E+14


 => Conventional Rietveld Rp,Rwp,Re and Chi2:   22.2      10.8      4.61      5.478    
 => (Values obtained using Ynet, but true sigma(y))
 =>  SumYnet, Sum(w Ynet**2):     0.8992E+06    0.1673E+07

 => N-sigma of the GoF:      188.682

 ==> GLOBAL PARAMETERS FOR PATTERN#  5


 => Zero-point:    13.5143    0.0000    7.2672
 => Background Parameters (linear interpolation)  ==>
         284.507        0.00000        0.00000    
         116.831        0.00000        151.080    
         144.645        0.00000        101.093    
         123.346        0.00000        98.4670    
         291.134        0.00000        118.846    
         202.436        0.00000        79.4806    
         170.376        0.00000        81.9702    
         234.849        0.00000        67.7970    
         215.975        0.00000        49.8730    
         211.115        0.00000        41.0879    
         255.073        0.00000        28.6587    
         230.897        0.00000        25.1952    
         220.614        0.00000        20.1874    
         232.522        0.00000        16.7733    
         236.914        0.00000        11.5599    
         234.777        0.00000        9.16266    
         238.622        0.00000        7.29028    
         226.454        0.00000        6.45638    
         221.617        0.00000        6.42076    
         227.917        0.00000        6.48245    
         224.679        0.00000        4.74020    
         216.243        0.00000        4.61843    
         216.904        0.00000        5.32252    
         213.463        0.00000        5.89741    
         216.220        0.00000        6.63897    
         212.989        0.00000        7.44184    
         212.388        0.00000        8.86172    
         212.595        0.00000        10.1994    
         211.309        0.00000        12.3579    
         210.981        0.00000        15.3500    
         222.946        0.00000        19.5354    
         210.310        0.00000        26.2607    
         222.327        0.00000        38.8768    
         254.288        0.00000        59.8149    
         123.626        0.00000        78.5128    
         161.268        0.00000        0.00000    

 => T.O.F.- dtt1       (    TOFo=dtt1*dsp     ):   4986.07      0.00      2.02
 => T.O.F.- dtt2       (TOF=TOFo+dtt2*dsp*dsp ):      1.86      0.00      0.00
 => T.O.F.- dtt_1OverD (TOF=TOF+dtt_1overD/dsp):      0.00      0.00      0.00

 ==> RELIABILITY FACTORS WITH ALL NON-EXCLUDED POINTS FOR PATTERN:  5

 => R-Factors:   12.1      4.68     Chi2:  1.06     DW-Stat.:  1.0341   Patt#:  5
 => Expected :            4.54                                1.9191
 => Deviance : 0.599E+05     Dev*:   16.09    
 => GoF-index:  1.0         Sqrt(Residual/N)
 => N-P+C:  3719

 =>    SumYdif       SumYobs      SumYcal      SumwYobsSQ     Residual    Condition
     0.1590E+06    0.1319E+07    0.1261E+07    0.1802E+07     3948.        0.5410E+14


 => Conventional Rietveld Rp,Rwp,Re and Chi2:   30.6      15.4      15.0      1.062    
 => (Values obtained using Ynet, but true sigma(y))
 =>  SumYnet, Sum(w Ynet**2):     0.5193E+06    0.1656E+06

 => N-sigma of the GoF:        2.655

 ==> RELIABILITY FACTORS FOR POINTS WITH BRAGG CONTRIBUTIONS FOR PATTERN:  5

 => R-Factors:   13.1      4.48     Chi2:  1.33     DW-Stat.:  1.3953   Patt#:
 => Expected :            3.88                                1.9030
 => Deviance : 0.491E+05     Dev*:   22.36    
 => GoF-index:  1.1         Sqrt(Residual/N)
 => N-P+C:  2195

 =>    SumYdif       SumYobs      SumYcal      SumwYobsSQ     Residual    Condition
     0.1289E+06    0.9843E+06    0.9378E+06    0.1459E+07     2926.        0.5410E+14


 => Conventional Rietveld Rp,Rwp,Re and Chi2:   25.4      13.3      11.5      1.333    
 => (Values obtained using Ynet, but true sigma(y))
 =>  SumYnet, Sum(w Ynet**2):     0.5079E+06    0.1646E+06

 => N-sigma of the GoF:       11.029

 => Global user-weigthed Chi2 (Bragg contrib.):   9.96    

 => ---------> Pattern#  1
 => Phase:  1
 =>    Bragg R-factor:  4.29    
 =>    RF-factor     :  21.4    

 => ---------> Pattern#  2
 => Phase:  1
 =>    Bragg R-factor:  3.76    
 =>    RF-factor     :  13.9    

 => ---------> Pattern#  3
 => Phase:  1
 =>    Bragg R-factor:  4.05    
 =>    RF-factor     :  11.3    

 => ---------> Pattern#  4
 => Phase:  1
 =>    Bragg R-factor:  5.45    
 =>    RF-factor     :  14.8    

 => ---------> Pattern#  5
 => Phase:  1
 =>    Bragg R-factor:  9.27    
 =>    RF-factor     :  9.58    

 --------------------------------------------------------------------------------------------------------------------------------------------------------
 Pattern#  1 Phase No.:   1 Phase name: Y5Al3O12 Nuclear
 --------------------------------------------------------------------------------------------------------------------------------------------------------

   No.  Code     H   K   L  Mult     Hw     2theta/TOF      Icalc       Iobs      Sigma    HwG     HwL     ETA     d-hkl  TOF_alpha  TOF_beta     CORR

      1   1     12  20   4    24     1.751    8997.880       17.7       41.6    152.059   1.751   0.001   0.000  0.433152  0.244979  0.292824  0.986341
      2   1     20  12   4    24     1.751    8997.880       67.1      157.5    575.998   1.751   0.001   0.000  0.433152  0.244979  0.292824  0.986341
      3   1      5  23   2    24     1.757    9013.990      109.6        0.0    472.904   1.757   0.001   0.000  0.433928  0.244524  0.290783  0.986317
      4   1      7  22   5    24     1.757    9013.990       36.9        0.0    159.401   1.757   0.001   0.000  0.433928  0.244524  0.290783  0.986317
      5   1      9  21   6    24     1.757    9013.990       50.3        0.0    217.187   1.757   0.001   0.000  0.433928  0.244524  0.290783  0.986317
      6   1     13  17  10    24     1.757    9013.990       27.0        0.0    116.326   1.757   0.001   0.000  0.433928  0.244524  0.290783  0.986317
      7   1     14  19   1    24     1.757    9013.990       62.9        0.0    271.501   1.757   0.001   0.000  0.433928  0.244524  0.290783  0.986317
      8   1     15  18   3    24     1.757    9013.990      121.0        0.0    522.293   1.757   0.001   0.000  0.433928  0.244524  0.290783  0.986317
      9   1     17  13  10    24     1.757    9013.990      282.9        0.0   1220.826   1.757   0.001   0.000  0.433928  0.244524  0.290783  0.986317
     10   1     18  15   3    24     1.757    9013.990        8.6        0.0     36.964   1.757   0.001   0.000  0.433928  0.244524  0.290783  0.986317
     11   1     19  14   1    24     1.757    9013.990       12.3        0.0     53.014   1.757   0.001   0.000  0.433928  0.244524  0.290783  0.986317
     12   1     21   9   6    24     1.757    9013.990      257.2        0.0   1110.008   1.757   0.001   0.000  0.433928  0.244524  0.290783  0.986317
     13   1     22   7   5    24     1.757    9013.990      133.1        0.0    574.411   1.757   0.001   0.000  0.433928  0.244524  0.290783  0.986317
     14   1     23   5   2    24     1.757    9013.990       14.1        0.0     60.925   1.757   0.001   0.000  0.433928  0.244524  0.290783  0.986317
     15   1     14  18   6    24     1.763    9030.188       21.2        0.0    102.104   1.763   0.001   0.000  0.434708  0.244068  0.288750  0.986293
     16   1     18  14   6    24     1.763    9030.188        1.8        0.0      8.710   1.763   0.001   0.000  0.434708  0.244068  0.288750  0.986293
     17   1     22   6   6    24     1.763    9030.188       23.1        0.0    111.170   1.763   0.001   0.000  0.434708  0.244068  0.288750  0.986293
     18   1      4  23   3    24     1.770    9046.473       31.7        0.0    147.545   1.770   0.001   0.000  0.435492  0.243612  0.286725  0.986268
     19   1      5  23   0    12     1.770    9046.473       18.7        0.0     87.056   1.770   0.001   0.000  0.435492  0.243612  0.286725  0.986268
     20   1      8  21   7    24     1.770    9046.473      114.9        0.0    535.384   1.770   0.001   0.000  0.435492  0.243612  0.286725  0.986268
     21   1     12  17  11    24     1.770    9046.473       81.6        0.0    380.187   1.770   0.001   0.000  0.435492  0.243612  0.286725  0.986268
     22   1     12  19   7    24     1.770    9046.473       12.3        0.0     57.250   1.770   0.001   0.000  0.435492  0.243612  0.286725  0.986268
     23   1     16  17   3    24     1.770    9046.473        3.7        0.0     17.476   1.770   0.001   0.000  0.435492  0.243612  0.286725  0.986268
     24   1     17  12  11    24     1.770    9046.473       66.6        0.0    310.469   1.770   0.001   0.000  0.435492  0.243612  0.286725  0.986268
     25   1     17  16   3    24     1.770    9046.473      109.7        0.0    511.264   1.770   0.001   0.000  0.435492  0.243612  0.286725  0.986268
     26   1     19  12   7    24     1.770    9046.473       15.5        0.0     72.226   1.770   0.001   0.000  0.435492  0.243612  0.286725  0.986268
     27   1     21   8   7    24     1.770    9046.473       40.1        0.0    186.670   1.770   0.001   0.000  0.435492  0.243612  0.286725  0.986268
     28   1     23   4   3    24     1.770    9046.473       47.1        0.0    219.282   1.770   0.001   0.000  0.435492  0.243612  0.286725  0.986268
     29   1     23   5   0    12     1.770    9046.473        1.0        0.0      4.488   1.770   0.001   0.000  0.435492  0.243612  0.286725  0.986268
     30   1      8  22   2    24     1.776    9062.847       53.5      436.8    331.736   1.776   0.001   0.000  0.436280  0.243155  0.284706  0.986243
     31   1     14  16  10    24     1.776    9062.847       53.1      433.5    329.195   1.776   0.001   0.000  0.436280  0.243155  0.284706  0.986243
     32   1     16  14  10    24     1.776    9062.847      134.9     1102.3    837.150   1.776   0.001   0.000  0.436280  0.243155  0.284706  0.986243
     33   1     22   8   2    24     1.776    9062.847      129.8     1060.2    805.161   1.776   0.001   0.000  0.436280  0.243155  0.284706  0.986243
     34   1     10  21   3    24     1.782    9079.311       39.4      149.1    118.783   1.782   0.001   0.000  0.437072  0.242696  0.282695  0.986219
     35   1     15  15  10    24     1.782    9079.311       93.2      352.4    280.782   1.782   0.001   0.000  0.437072  0.242696  0.282695  0.986219
     36   1     15  17   6    24     1.782    9079.311       66.8      252.6    201.265   1.782   0.001   0.000  0.437072  0.242696  0.282695  0.986219
     37   1     15  18   1    24     1.782    9079.311       16.7       63.1     50.240   1.782   0.001   0.000  0.437072  0.242696  0.282695  0.986219
     38   1     17  15   6    24     1.782    9079.311       10.1       38.3     30.543   1.782   0.001   0.000  0.437072  0.242696  0.282695  0.986219
     39   1     18  15   1    24     1.782    9079.311       59.6      225.5    179.636   1.782   0.001   0.000  0.437072  0.242696  0.282695  0.986219
     40   1     21  10   3    24     1.782    9079.311       63.2      239.0    190.428   1.782   0.001   0.000  0.437072  0.242696  0.282695  0.986219
     41   1      8  22   0    12     1.789    9095.863        1.4        0.0      8.472   1.789   0.001   0.000  0.437869  0.242238  0.280691  0.986194
     42   1     12  20   2    24     1.789    9095.863       20.9        0.0    126.356   1.789   0.001   0.000  0.437869  0.242238  0.280691  0.986194
     43   1     16  16   6    24     1.789    9095.863       17.1        0.0    103.567   1.789   0.001   0.000  0.437869  0.242238  0.280691  0.986194
     44   1     20  12   2    24     1.789    9095.863      164.3        0.0    993.254   1.789   0.001   0.000  0.437869  0.242238  0.280691  0.986194
     45   1     22   8   0    12     1.789    9095.863       83.7        0.0    506.133   1.789   0.001   0.000  0.437869  0.242238  0.280691  0.986194
     46   1      4  23   1    24     1.796    9112.507       16.2      136.0     95.724   1.796   0.001   0.000  0.438670  0.241778  0.278695  0.986169
     47   1     11  19   8    24     1.796    9112.507       63.6      534.5    376.207   1.796   0.001   0.000  0.438670  0.241778  0.278695  0.986169
     48   1     11  20   5    24     1.796    9112.507       40.2      338.4    238.207   1.796   0.001   0.000  0.438670  0.241778  0.278695  0.986169
     49   1     13  16  11    24     1.796    9112.507       10.0       84.1     59.223   1.796   0.001   0.000  0.438670  0.241778  0.278695  0.986169
     50   1     13  19   4    24     1.796    9112.507       96.1      808.0    568.713   1.796   0.001   0.000  0.438670  0.241778  0.278695  0.986169
     51   1     16  13  11    24     1.796    9112.507       67.0      563.2    396.411   1.796   0.001   0.000  0.438670  0.241778  0.278695  0.986169
     52   1     16  17   1    24     1.796    9112.507      106.2      893.1    628.597   1.796   0.001   0.000  0.438670  0.241778  0.278695  0.986169
     53   1     17  16   1    24     1.796    9112.507       31.6      265.5    186.892   1.796   0.001   0.000  0.438670  0.241778  0.278695  0.986169
     54   1     19  11   8    24     1.796    9112.507       94.0      790.1    556.155   1.796   0.001   0.000  0.438670  0.241778  0.278695  0.986169
     55   1     19  13   4    24     1.796    9112.507      124.1     1043.3    734.373   1.796   0.001   0.000  0.438670  0.241778  0.278695  0.986169
     56   1     20  11   5    24     1.796    9112.507       44.5      374.3    263.448   1.796   0.001   0.000  0.438670  0.241778  0.278695  0.986169
     57   1     23   4   1    24     1.796    9112.507       17.1      144.1    101.456   1.796   0.001   0.000  0.438670  0.241778  0.278695  0.986169
     58   1     12  20   0    12     1.802    9129.242        2.7       16.7     50.677   1.802   0.001   0.000  0.439476  0.241317  0.276706  0.986143
     59   1     16  12  12    24     1.802    9129.242       81.2      504.6   1528.430   1.802   0.001   0.000  0.439476  0.241317  0.276706  0.986143
     60   1     20  12   0    12     1.802    9129.242        0.2        1.5      4.454   1.802   0.001   0.000  0.439476  0.241317  0.276706  0.986143

   No.  Code     H   K   L  Mult     Hw     2theta/TOF      Icalc       Iobs      Sigma    HwG     HwL     ETA     d-hkl  TOF_alpha  TOF_beta     CORR

     61   1      3  23   2    24     1.809    9146.071       28.1        0.0    319.672   1.809   0.001   0.000  0.440286  0.240856  0.274724  0.986118
     62   1      7  22   3    24     1.809    9146.071       90.6        0.0   1030.258   1.809   0.001   0.000  0.440286  0.240856  0.274724  0.986118
     63   1     10  19   9    24     1.809    9146.071       95.1        0.0   1081.024   1.809   0.001   0.000  0.440286  0.240856  0.274724  0.986118
     64   1     10  21   1    24     1.809    9146.071       37.3        0.0    423.748   1.809   0.001   0.000  0.440286  0.240856  0.274724  0.986118
     65   1     13  18   7    24     1.809    9146.071       18.4        0.0    209.777   1.809   0.001   0.000  0.440286  0.240856  0.274724  0.986118
     66   1     14  15  11    24     1.809    9146.071        1.8        0.0     20.183   1.809   0.001   0.000  0.440286  0.240856  0.274724  0.986118
     67   1     15  14  11    24     1.809    9146.071      128.9        0.0   1465.421   1.809   0.001   0.000  0.440286  0.240856  0.274724  0.986118
     68   1     18  13   7    24     1.809    9146.071       37.9        0.0    430.493   1.809   0.001   0.000  0.440286  0.240856  0.274724  0.986118
     69   1     19  10   9    24     1.809    9146.071       10.4        0.0    118.513   1.809   0.001   0.000  0.440286  0.240856  0.274724  0.986118
     70   1     21  10   1    24     1.809    9146.071      101.5        0.0   1153.955   1.809   0.001   0.000  0.440286  0.240856  0.274724  0.986118
     71   1     22   7   3    24     1.809    9146.071       19.1        0.0    216.923   1.809   0.001   0.000  0.440286  0.240856  0.274724  0.986118
     72   1     23   3   2    24     1.809    9146.071       48.7        0.0    554.192   1.809   0.001   0.000  0.440286  0.240856  0.274724  0.986118
     73   1      3  23   0    12     1.822    9180.008        5.6       30.8     13.067   1.822   0.001   0.000  0.441920  0.239930  0.270782  0.986067
     74   1      9  21   4    24     1.822    9180.008       32.0      177.3     75.149   1.822   0.001   0.000  0.441920  0.239930  0.270782  0.986067
     75   1     13  15  12    24     1.822    9180.008       97.3      539.3    228.618   1.822   0.001   0.000  0.441920  0.239930  0.270782  0.986067
     76   1     15  13  12    24     1.822    9180.008        3.2       17.6      7.476   1.822   0.001   0.000  0.441920  0.239930  0.270782  0.986067
     77   1     21   9   4    24     1.822    9180.008       87.5      484.8    205.500   1.822   0.001   0.000  0.441920  0.239930  0.270782  0.986067
     78   1     23   3   0    12     1.822    9180.008      137.2      759.9    322.105   1.822   0.001   0.000  0.441920  0.239930  0.270782  0.986067
     79   1      6  22   4    24     1.829    9197.118       25.3        0.0     78.290   1.829   0.001   0.000  0.442744  0.239466  0.268822  0.986041
     80   1     10  20   6    24     1.829    9197.118       70.0        0.0    216.393   1.829   0.001   0.000  0.442744  0.239466  0.268822  0.986041
     81   1     14  14  12    24     1.829    9197.118       38.2        0.0    118.005   1.829   0.001   0.000  0.442744  0.239466  0.268822  0.986041
     82   1     14  18   4    24     1.829    9197.118      125.9        0.0    389.350   1.829   0.001   0.000  0.442744  0.239466  0.268822  0.986041
     83   1     18  14   4    24     1.829    9197.118       11.6        0.0     35.842   1.829   0.001   0.000  0.442744  0.239466  0.268822  0.986041
     84   1     20  10   6    24     1.829    9197.118       46.7        0.0    144.417   1.829   0.001   0.000  0.442744  0.239466  0.268822  0.986041
     85   1     22   6   4    24     1.829    9197.118      100.2        0.0    309.905   1.829   0.001   0.000  0.442744  0.239466  0.268822  0.986041
     86   1      2  23   1    24     1.836    9214.325      303.3      530.9    922.742   1.836   0.001   0.000  0.443572  0.239001  0.266869  0.986015
     87   1      7  22   1    24     1.836    9214.325      126.5      221.3    384.684   1.836   0.001   0.000  0.443572  0.239001  0.266869  0.986015
     88   1     13  19   2    24     1.836    9214.325       20.9       36.6     63.571   1.836   0.001   0.000  0.443572  0.239001  0.266869  0.986015
     89   1     14  13  13    24     1.836    9214.325      158.3      277.0    481.502   1.836   0.001   0.000  0.443572  0.239001  0.266869  0.986015
     90   1     14  17   7    24     1.836    9214.325       22.3       38.9     67.691   1.836   0.001   0.000  0.443572  0.239001  0.266869  0.986015
     91   1     17  14   7    24     1.836    9214.325       32.4       56.8     98.683   1.836   0.001   0.000  0.443572  0.239001  0.266869  0.986015
     92   1     19  13   2    24     1.836    9214.325      196.2      343.3    596.747   1.836   0.001   0.000  0.443572  0.239001  0.266869  0.986015
     93   1     22   5   5    24     1.836    9214.325      207.2      362.6    630.312   1.836   0.001   0.000  0.443572  0.239001  0.266869  0.986015
     94   1     22   7   1    24     1.836    9214.325       30.6       53.5     93.012   1.836   0.001   0.000  0.443572  0.239001  0.266869  0.986015
     95   1     23   2   1    24     1.836    9214.325       12.2       21.4     37.167   1.836   0.001   0.000  0.443572  0.239001  0.266869  0.986015
     96   1     12  18   8    24     1.843    9231.629      217.4        0.0    613.228   1.843   0.001   0.000  0.444405  0.238535  0.264924  0.985989
     97   1     18  12   8    24     1.843    9231.629       18.7        0.0     52.854   1.843   0.001   0.000  0.444405  0.238535  0.264924  0.985989
     98   1      1  23   0    12     1.850    9249.031        9.5        0.0     28.441   1.850   0.001   0.000  0.445243  0.238069  0.262986  0.985963
     99   1      8  21   5    24     1.850    9249.031       59.7        0.0    178.323   1.850   0.001   0.000  0.445243  0.238069  0.262986  0.985963
    100   1      9  20   7    24     1.850    9249.031       28.8        0.0     85.957   1.850   0.001   0.000  0.445243  0.238069  0.262986  0.985963
    101   1     11  20   3    24     1.850    9249.031      152.4        0.0    454.919   1.850   0.001   0.000  0.445243  0.238069  0.262986  0.985963
    102   1     12  19   5    24     1.850    9249.031       55.8        0.0    166.461   1.850   0.001   0.000  0.445243  0.238069  0.262986  0.985963
    103   1     13  19   0    12     1.850    9249.031       14.2        0.0     42.281   1.850   0.001   0.000  0.445243  0.238069  0.262986  0.985963
    104   1     15  16   7    24     1.850    9249.031      136.0        0.0    406.198   1.850   0.001   0.000  0.445243  0.238069  0.262986  0.985963
    105   1     15  17   4    24     1.850    9249.031       60.1        0.0    179.302   1.850   0.001   0.000  0.445243  0.238069  0.262986  0.985963
    106   1     16  15   7    24     1.850    9249.031      110.5        0.0    329.907   1.850   0.001   0.000  0.445243  0.238069  0.262986  0.985963
    107   1     17  15   4    24     1.850    9249.031       65.9        0.0    196.620   1.850   0.001   0.000  0.445243  0.238069  0.262986  0.985963
    108   1     19  12   5    24     1.850    9249.031       19.9        0.0     59.529   1.850   0.001   0.000  0.445243  0.238069  0.262986  0.985963
    109   1     19  13   0    12     1.850    9249.031       16.1        0.0     48.196   1.850   0.001   0.000  0.445243  0.238069  0.262986  0.985963
    110   1     20   9   7    24     1.850    9249.031        3.6        0.0     10.783   1.850   0.001   0.000  0.445243  0.238069  0.262986  0.985963
    111   1     20  11   3    24     1.850    9249.031       16.2        0.0     48.236   1.850   0.001   0.000  0.445243  0.238069  0.262986  0.985963
    112   1     21   8   5    24     1.850    9249.031       83.9        0.0    250.458   1.850   0.001   0.000  0.445243  0.238069  0.262986  0.985963
    113   1     23   1   0    12     1.850    9249.031       13.6        0.0     40.748   1.850   0.001   0.000  0.445243  0.238069  0.262986  0.985963
    114   1     16  16   4    24     1.857    9266.532      149.3      391.1    481.990   1.857   0.001   0.000  0.446085  0.237601  0.261055  0.985937
    115   1     20   8   8    24     1.857    9266.532      161.5      423.1    521.401   1.857   0.001   0.000  0.446085  0.237601  0.261055  0.985937
    116   1      7  21   6    24     1.864    9284.133      151.1        0.0   1017.278   1.864   0.001   0.000  0.446932  0.237133  0.259131  0.985910
    117   1      9  21   2    24     1.864    9284.133       39.8        0.0    268.113   1.864   0.001   0.000  0.446932  0.237133  0.259131  0.985910
    118   1     11  18   9    24     1.864    9284.133       56.2        0.0    378.582   1.864   0.001   0.000  0.446932  0.237133  0.259131  0.985910
    119   1     18  11   9    24     1.864    9284.133      345.4        0.0   2325.508   1.864   0.001   0.000  0.446932  0.237133  0.259131  0.985910
    120   1     21   7   6    24     1.864    9284.133       87.9        0.0    591.741   1.864   0.001   0.000  0.446932  0.237133  0.259131  0.985910

   No.  Code     H   K   L  Mult     Hw     2theta/TOF      Icalc       Iobs      Sigma    HwG     HwL     ETA     d-hkl  TOF_alpha  TOF_beta     CORR

    121   1     21   9   2    24     1.864    9284.133      157.1        0.0   1057.910   1.864   0.001   0.000  0.446932  0.237133  0.259131  0.985910
    122   1      6  22   2    24     1.871    9301.833      260.5     6115.0   4190.498   1.871   0.001   0.000  0.447784  0.236663  0.257215  0.985883
    123   1     14  18   2    24     1.871    9301.833       13.8      323.1    221.410   1.871   0.001   0.000  0.447784  0.236663  0.257215  0.985883
    124   1     18  10  10    24     1.871    9301.833       35.2      827.4    567.026   1.871   0.001   0.000  0.447784  0.236663  0.257215  0.985883
    125   1     18  14   2    24     1.871    9301.833        3.0       70.4     48.264   1.871   0.001   0.000  0.447784  0.236663  0.257215  0.985883
    126   1     22   6   2    24     1.871    9301.833       83.7     1964.6   1346.326   1.871   0.001   0.000  0.447784  0.236663  0.257215  0.985883
    127   1      9  21   0    12     1.878    9319.635       27.9        0.0    194.073   1.878   0.001   0.000  0.448641  0.236193  0.255306  0.985857
    128   1     11  20   1    24     1.878    9319.635       10.4        0.0     72.231   1.878   0.001   0.000  0.448641  0.236193  0.255306  0.985857
    129   1     13  17   8    24     1.878    9319.635        9.4        0.0     65.574   1.878   0.001   0.000  0.448641  0.236193  0.255306  0.985857
    130   1     17  13   8    24     1.878    9319.635       31.6        0.0    219.907   1.878   0.001   0.000  0.448641  0.236193  0.255306  0.985857
    131   1     20  11   1    24     1.878    9319.635      103.8        0.0    721.506   1.878   0.001   0.000  0.448641  0.236193  0.255306  0.985857
    132   1     21   9   0    12     1.878    9319.635        1.7        0.0     11.514   1.878   0.001   0.000  0.448641  0.236193  0.255306  0.985857
    133   1      6  22   0    12     1.885    9337.541       10.1        0.0     24.524   1.885   0.001   0.000  0.449503  0.235722  0.253405  0.985830
    134   1     14  18   0    12     1.885    9337.541        8.0        0.0     19.409   1.885   0.001   0.000  0.449503  0.235722  0.253405  0.985830
    135   1     18  14   0    12     1.885    9337.541       56.5        0.0    137.079   1.885   0.001   0.000  0.449503  0.235722  0.253405  0.985830
    136   1     22   6   0    12     1.885    9337.541       37.6        0.0     91.340   1.885   0.001   0.000  0.449503  0.235722  0.253405  0.985830
    137   1      5  22   3    24     1.893    9355.550      128.9      301.9    461.403   1.893   0.001   0.000  0.450370  0.235250  0.251510  0.985802
    138   1     11  19   6    24     1.893    9355.550       42.2       98.8    150.937   1.893   0.001   0.000  0.450370  0.235250  0.251510  0.985802
    139   1     13  18   5    24     1.893    9355.550      117.3      274.7    419.870   1.893   0.001   0.000  0.450370  0.235250  0.251510  0.985802
    140   1     15  17   2    24     1.893    9355.550      116.6      273.0    417.188   1.893   0.001   0.000  0.450370  0.235250  0.251510  0.985802
    141   1     17  15   2    24     1.893    9355.550        0.8        1.9      2.894   1.893   0.001   0.000  0.450370  0.235250  0.251510  0.985802
    142   1     18  13   5    24     1.893    9355.550       87.6      205.2    313.544   1.893   0.001   0.000  0.450370  0.235250  0.251510  0.985802
    143   1     19  11   6    24     1.893    9355.550       82.7      193.6    295.932   1.893   0.001   0.000  0.450370  0.235250  0.251510  0.985802
    144   1     22   5   3    24     1.893    9355.550       32.9       77.0    117.621   1.893   0.001   0.000  0.450370  0.235250  0.251510  0.985802
    145   1     10  20   4    24     1.900    9373.663       36.7        0.0    204.470   1.900   0.001   0.000  0.451242  0.234777  0.249623  0.985775
    146   1     14  16   8    24     1.900    9373.663       86.2        0.0    480.068   1.900   0.001   0.000  0.451242  0.234777  0.249623  0.985775
    147   1     16  14   8    24     1.900    9373.663      450.5        0.0   2509.911   1.900   0.001   0.000  0.451242  0.234777  0.249623  0.985775
    148   1     16  16   2    24     1.900    9373.663        4.0        0.0     22.201   1.900   0.001   0.000  0.451242  0.234777  0.249623  0.985775
    149   1     20  10   4    24     1.900    9373.663      257.0        0.0   1431.583   1.900   0.001   0.000  0.451242  0.234777  0.249623  0.985775
    150   1     22   4   4    24     1.900    9373.663       53.2        0.0    296.643   1.900   0.001   0.000  0.451242  0.234777  0.249623  0.985775
    151   1      8  21   3    24     1.907    9391.883      135.8        0.0    555.685   1.907   0.001   0.000  0.452119  0.234303  0.247744  0.985748
    152   1     12  17   9    24     1.907    9391.883       44.4        0.0    181.785   1.907   0.001   0.000  0.452119  0.234303  0.247744  0.985748
    153   1     12  19   3    24     1.907    9391.883        3.2        0.0     13.113   1.907   0.001   0.000  0.452119  0.234303  0.247744  0.985748
    154   1     15  15   8    24     1.907    9391.883      117.0        0.0    478.528   1.907   0.001   0.000  0.452119  0.234303  0.247744  0.985748
    155   1     15  17   0    12     1.907    9391.883       10.8        0.0     44.043   1.907   0.001   0.000  0.452119  0.234303  0.247744  0.985748
    156   1     17  12   9    24     1.907    9391.883      105.2        0.0    430.222   1.907   0.001   0.000  0.452119  0.234303  0.247744  0.985748
    157   1     17  15   0    12     1.907    9391.883       63.3        0.0    258.818   1.907   0.001   0.000  0.452119  0.234303  0.247744  0.985748
    158   1     19  12   3    24     1.907    9391.883       41.6        0.0    170.195   1.907   0.001   0.000  0.452119  0.234303  0.247744  0.985748
    159   1     21   8   3    24     1.907    9391.883       60.0        0.0    245.573   1.907   0.001   0.000  0.452119  0.234303  0.247744  0.985748
    160   1     16  16   0    12     1.915    9410.208      194.9      265.9   1017.293   1.915   0.001   0.000  0.453002  0.233828  0.245871  0.985720
    161   1      5  22   1    24     1.922    9428.642       30.1       65.7    160.528   1.922   0.001   0.000  0.453889  0.233353  0.244006  0.985692
    162   1     10  19   7    24     1.922    9428.642      238.8      521.6   1274.881   1.922   0.001   0.000  0.453889  0.233353  0.244006  0.985692
    163   1     11  17  10    24     1.922    9428.642      561.8     1227.3   2999.573   1.922   0.001   0.000  0.453889  0.233353  0.244006  0.985692
    164   1     14  17   5    24     1.922    9428.642       48.3      105.6    258.104   1.922   0.001   0.000  0.453889  0.233353  0.244006  0.985692
    165   1     17  11  10    24     1.922    9428.642       19.1       41.8    102.211   1.922   0.001   0.000  0.453889  0.233353  0.244006  0.985692
    166   1     17  14   5    24     1.922    9428.642       19.4       42.3    103.417   1.922   0.001   0.000  0.453889  0.233353  0.244006  0.985692
    167   1     19  10   7    24     1.922    9428.642       28.8       62.9    153.747   1.922   0.001   0.000  0.453889  0.233353  0.244006  0.985692
    168   1     22   5   1    24     1.922    9428.642      224.9      491.3   1200.606   1.922   0.001   0.000  0.453889  0.233353  0.244006  0.985692
    169   1      7  21   4    24     1.937    9465.835      119.2        0.0    196.694   1.937   0.001   0.000  0.455679  0.232398  0.240298  0.985636
    170   1      8  21   1    24     1.937    9465.835      130.4        0.0    215.203   1.937   0.001   0.000  0.455679  0.232398  0.240298  0.985636
    171   1      9  19   8    24     1.937    9465.835       42.1        0.0     69.526   1.937   0.001   0.000  0.455679  0.232398  0.240298  0.985636
    172   1      9  20   5    24     1.937    9465.835       19.7        0.0     32.459   1.937   0.001   0.000  0.455679  0.232398  0.240298  0.985636
    173   1     12  19   1    24     1.937    9465.835       76.9        0.0    126.948   1.937   0.001   0.000  0.455679  0.232398  0.240298  0.985636
    174   1     13  16   9    24     1.937    9465.835      108.7        0.0    179.374   1.937   0.001   0.000  0.455679  0.232398  0.240298  0.985636
    175   1     15  16   5    24     1.937    9465.835      144.5        0.0    238.422   1.937   0.001   0.000  0.455679  0.232398  0.240298  0.985636
    176   1     16  13   9    24     1.937    9465.835      303.0        0.0    499.818   1.937   0.001   0.000  0.455679  0.232398  0.240298  0.985636
    177   1     16  15   5    24     1.937    9465.835      127.4        0.0    210.120   1.937   0.001   0.000  0.455679  0.232398  0.240298  0.985636
    178   1     19   9   8    24     1.937    9465.835       47.5        0.0     78.371   1.937   0.001   0.000  0.455679  0.232398  0.240298  0.985636
    179   1     19  12   1    24     1.937    9465.835       51.5        0.0     84.917   1.937   0.001   0.000  0.455679  0.232398  0.240298  0.985636
    180   1     20   9   5    24     1.937    9465.835       55.1        0.0     90.842   1.937   0.001   0.000  0.455679  0.232398  0.240298  0.985636

   No.  Code     H   K   L  Mult     Hw     2theta/TOF      Icalc       Iobs      Sigma    HwG     HwL     ETA     d-hkl  TOF_alpha  TOF_beta     CORR

    181   1     21   7   4    24     1.937    9465.835       49.8        0.0     82.083   1.937   0.001   0.000  0.455679  0.232398  0.240298  0.985636
    182   1     21   8   1    24     1.937    9465.835      293.9        0.0    484.876   1.937   0.001   0.000  0.455679  0.232398  0.240298  0.985636
    183   1      4  22   2    24     1.945    9484.598      154.5      583.5    310.696   1.945   0.001   0.000  0.456583  0.231920  0.238455  0.985608
    184   1     10  20   2    24     1.945    9484.598      256.2      967.3    515.099   1.945   0.001   0.000  0.456583  0.231920  0.238455  0.985608
    185   1     12  18   6    24     1.945    9484.598      158.8      599.4    319.176   1.945   0.001   0.000  0.456583  0.231920  0.238455  0.985608
    186   1     18  12   6    24     1.945    9484.598      370.0     1397.0    743.891   1.945   0.001   0.000  0.456583  0.231920  0.238455  0.985608
    187   1     20  10   2    24     1.945    9484.598        7.2       27.3     14.516   1.945   0.001   0.000  0.456583  0.231920  0.238455  0.985608
    188   1     22   4   2    24     1.945    9484.598       65.5      247.1    131.586   1.945   0.001   0.000  0.456583  0.231920  0.238455  0.985608
    189   1      6  21   5    24     1.953    9503.472       99.6      153.8    235.223   1.953   0.001   0.000  0.457491  0.231440  0.236619  0.985580
    190   1     13  18   3    24     1.953    9503.472       91.1      140.6    215.139   1.953   0.001   0.000  0.457491  0.231440  0.236619  0.985580
    191   1     14  15   9    24     1.953    9503.472      281.3      434.1    664.130   1.953   0.001   0.000  0.457491  0.231440  0.236619  0.985580
    192   1     15  14   9    24     1.953    9503.472       13.1       20.2     30.976   1.953   0.001   0.000  0.457491  0.231440  0.236619  0.985580
    193   1     18  13   3    24     1.953    9503.472      227.5      351.2    537.215   1.953   0.001   0.000  0.457491  0.231440  0.236619  0.985580
    194   1     21   6   5    24     1.953    9503.472      161.1      248.6    380.382   1.953   0.001   0.000  0.457491  0.231440  0.236619  0.985580
    195   1     22   3   3    24     1.953    9503.472       21.5       33.2     50.721   1.953   0.001   0.000  0.457491  0.231440  0.236619  0.985580
    196   1      4  22   0    12     1.961    9522.461      197.6     2651.9   1865.707   1.961   0.001   0.000  0.458405  0.230960  0.234790  0.985551
    197   1      8  20   6    24     1.961    9522.461       22.1      296.8    208.783   1.961   0.001   0.000  0.458405  0.230960  0.234790  0.985551
    198   1     10  20   0    12     1.961    9522.461       91.6     1230.1    865.410   1.961   0.001   0.000  0.458405  0.230960  0.234790  0.985551
    199   1     12  16  10    24     1.961    9522.461      353.1     4739.2   3334.120   1.961   0.001   0.000  0.458405  0.230960  0.234790  0.985551
    200   1     16  12  10    24     1.961    9522.461      113.2     1519.4   1068.949   1.961   0.001   0.000  0.458405  0.230960  0.234790  0.985551
    201   1     20   8   6    24     1.961    9522.461      101.0     1355.1    953.357   1.961   0.001   0.000  0.458405  0.230960  0.234790  0.985551
    202   1     20  10   0    12     1.961    9522.461       24.5      328.5    231.090   1.961   0.001   0.000  0.458405  0.230960  0.234790  0.985551
    203   1     22   4   0    12     1.961    9522.461        1.2       15.6     10.990   1.961   0.001   0.000  0.458405  0.230960  0.234790  0.985551
    204   1     11  19   4    24     1.969    9541.562      218.5        0.0   1066.109   1.969   0.001   0.000  0.459325  0.230478  0.232969  0.985522
    205   1     16  11  11    24     1.969    9541.562       81.8        0.0    399.385   1.969   0.001   0.000  0.459325  0.230478  0.232969  0.985522
    206   1     19  11   4    24     1.969    9541.562      195.2        0.0    952.522   1.969   0.001   0.000  0.459325  0.230478  0.232969  0.985522
    207   1     20   7   7    24     1.969    9541.562        0.7        0.0      3.243   1.969   0.001   0.000  0.459325  0.230478  0.232969  0.985522
    208   1      3  22   1    24     1.985    9580.114      259.6      754.2   1760.787   1.985   0.001   0.000  0.461181  0.229513  0.229348  0.985464
    209   1      7  21   2    24     1.985    9580.114       39.2      113.8    265.586   1.985   0.001   0.000  0.461181  0.229513  0.229348  0.985464
    210   1     11  18   7    24     1.985    9580.114      222.3      645.8   1507.727   1.985   0.001   0.000  0.461181  0.229513  0.229348  0.985464
    211   1     13  15  10    24     1.985    9580.114       54.0      157.0    366.605   1.985   0.001   0.000  0.461181  0.229513  0.229348  0.985464
    212   1     13  17   6    24     1.985    9580.114        9.4       27.3     63.627   1.985   0.001   0.000  0.461181  0.229513  0.229348  0.985464
    213   1     13  18   1    24     1.985    9580.114      339.7      987.1   2304.509   1.985   0.001   0.000  0.461181  0.229513  0.229348  0.985464
    214   1     14  17   3    24     1.985    9580.114      313.2      909.9   2124.312   1.985   0.001   0.000  0.461181  0.229513  0.229348  0.985464
    215   1     15  13  10    24     1.985    9580.114       34.5      100.3    234.167   1.985   0.001   0.000  0.461181  0.229513  0.229348  0.985464
    216   1     17  13   6    24     1.985    9580.114       10.4       30.2     70.619   1.985   0.001   0.000  0.461181  0.229513  0.229348  0.985464
    217   1     17  14   3    24     1.985    9580.114      230.6      670.0   1564.251   1.985   0.001   0.000  0.461181  0.229513  0.229348  0.985464
    218   1     18  11   7    24     1.985    9580.114      172.3      500.7   1169.059   1.985   0.001   0.000  0.461181  0.229513  0.229348  0.985464
    219   1     18  13   1    24     1.985    9580.114       52.1      151.4    353.560   1.985   0.001   0.000  0.461181  0.229513  0.229348  0.985464
    220   1     21   7   2    24     1.985    9580.114      345.6     1004.0   2343.945   1.985   0.001   0.000  0.461181  0.229513  0.229348  0.985464
    221   1     22   3   1    24     1.985    9580.114      225.7      655.7   1530.784   1.985   0.001   0.000  0.461181  0.229513  0.229348  0.985464
    222   1     14  14  10    24     1.993    9599.566       66.0      138.4    181.539   1.993   0.001   0.000  0.462117  0.229028  0.227549  0.985435
    223   1     22   2   2    24     1.993    9599.566       68.1      142.9    187.404   1.993   0.001   0.000  0.462117  0.229028  0.227549  0.985435
    224   1      7  21   0    12     2.001    9619.138      105.9       72.8    164.287   2.001   0.001   0.000  0.463059  0.228543  0.225757  0.985406
    225   1      9  20   3    24     2.001    9619.138      297.4      204.6    461.504   2.001   0.001   0.000  0.463059  0.228543  0.225757  0.985406
    226   1     12  15  11    24     2.001    9619.138       73.1       50.3    113.386   2.001   0.001   0.000  0.463059  0.228543  0.225757  0.985406
    227   1     15  12  11    24     2.001    9619.138       97.1       66.8    150.652   2.001   0.001   0.000  0.463059  0.228543  0.225757  0.985406
    228   1     15  16   3    24     2.001    9619.138       45.9       31.6     71.243   2.001   0.001   0.000  0.463059  0.228543  0.225757  0.985406
    229   1     16  15   3    24     2.001    9619.138      106.0       72.9    164.447   2.001   0.001   0.000  0.463059  0.228543  0.225757  0.985406
    230   1     20   9   3    24     2.001    9619.138       86.2       59.3    133.753   2.001   0.001   0.000  0.463059  0.228543  0.225757  0.985406
    231   1     21   7   0    12     2.001    9619.138        0.4        0.3      0.566   2.001   0.001   0.000  0.463059  0.228543  0.225757  0.985406
    232   1      2  22   0    12     2.009    9638.829       68.7       92.8     95.215   2.009   0.001   0.000  0.464007  0.228057  0.223972  0.985376
    233   1     10  18   8    24     2.009    9638.829      292.1      394.6    404.834   2.009   0.001   0.000  0.464007  0.228057  0.223972  0.985376
    234   1     14  16   6    24     2.009    9638.829      292.1      394.7    404.881   2.009   0.001   0.000  0.464007  0.228057  0.223972  0.985376
    235   1     16  14   6    24     2.009    9638.829      327.5      442.4    453.874   2.009   0.001   0.000  0.464007  0.228057  0.223972  0.985376
    236   1     18  10   8    24     2.009    9638.829       92.2      124.6    127.783   2.009   0.001   0.000  0.464007  0.228057  0.223972  0.985376
    237   1     22   2   0    12     2.009    9638.829       23.5       31.7     32.555   2.009   0.001   0.000  0.464007  0.228057  0.223972  0.985376
    238   1      6  21   3    24     2.017    9658.641      407.8     1653.0    873.341   2.017   0.001   0.000  0.464961  0.227569  0.222195  0.985346
    239   1     10  19   5    24     2.017    9658.641       12.6       51.1     26.993   2.017   0.001   0.000  0.464961  0.227569  0.222195  0.985346
    240   1     11  19   2    24     2.017    9658.641       72.2      292.8    154.672   2.017   0.001   0.000  0.464961  0.227569  0.222195  0.985346

   No.  Code     H   K   L  Mult     Hw     2theta/TOF      Icalc       Iobs      Sigma    HwG     HwL     ETA     d-hkl  TOF_alpha  TOF_beta     CORR

    241   1     13  14  11    24     2.017    9658.641      292.8     1187.1    627.187   2.017   0.001   0.000  0.464961  0.227569  0.222195  0.985346
    242   1     14  13  11    24     2.017    9658.641        9.5       38.4     20.272   2.017   0.001   0.000  0.464961  0.227569  0.222195  0.985346
    243   1     14  17   1    24     2.017    9658.641       85.8      347.9    183.795   2.017   0.001   0.000  0.464961  0.227569  0.222195  0.985346
    244   1     15  15   6    24     2.017    9658.641       89.7      363.8    192.211   2.017   0.001   0.000  0.464961  0.227569  0.222195  0.985346
    245   1     17  14   1    24     2.017    9658.641      150.5      610.1    322.322   2.017   0.001   0.000  0.464961  0.227569  0.222195  0.985346
    246   1     18   9   9    24     2.017    9658.641       81.5      330.4    174.539   2.017   0.001   0.000  0.464961  0.227569  0.222195  0.985346
    247   1     19  10   5    24     2.017    9658.641       30.6      124.2     65.628   2.017   0.001   0.000  0.464961  0.227569  0.222195  0.985346
    248   1     19  11   2    24     2.017    9658.641       17.0       68.9     36.415   2.017   0.001   0.000  0.464961  0.227569  0.222195  0.985346
    249   1     21   6   3    24     2.017    9658.641       90.1      365.1    192.909   2.017   0.001   0.000  0.464961  0.227569  0.222195  0.985346
    250   1     22   1   1    24     2.017    9658.641       77.0      312.3    164.983   2.017   0.001   0.000  0.464961  0.227569  0.222195  0.985346
    251   1     12  18   4    24     2.026    9678.576      282.5        0.0    739.936   2.026   0.001   0.000  0.465921  0.227081  0.220424  0.985316
    252   1     14  12  12    24     2.026    9678.576      341.4        0.0    894.320   2.026   0.001   0.000  0.465921  0.227081  0.220424  0.985316
    253   1     18  12   4    24     2.026    9678.576      272.0        0.0    712.457   2.026   0.001   0.000  0.465921  0.227081  0.220424  0.985316
    254   1     22   0   0     6     2.026    9678.576       58.8        0.0    154.142   2.026   0.001   0.000  0.465921  0.227081  0.220424  0.985316
    255   1      5  21   4    24     2.034    9698.637       43.7        0.0    165.048   2.034   0.001   0.000  0.466886  0.226592  0.218661  0.985286
    256   1      9  20   1    24     2.034    9698.637       68.7        0.0    259.661   2.034   0.001   0.000  0.466886  0.226592  0.218661  0.985286
    257   1     11  19   0    12     2.034    9698.637       26.9        0.0    101.560   2.034   0.001   0.000  0.466886  0.226592  0.218661  0.985286
    258   1     12  17   7    24     2.034    9698.637       55.3        0.0    209.083   2.034   0.001   0.000  0.466886  0.226592  0.218661  0.985286
    259   1     13  13  12    24     2.034    9698.637      123.8        0.0    467.826   2.034   0.001   0.000  0.466886  0.226592  0.218661  0.985286
    260   1     15  16   1    24     2.034    9698.637        5.1        0.0     19.093   2.034   0.001   0.000  0.466886  0.226592  0.218661  0.985286
    261   1     16  15   1    24     2.034    9698.637       74.0        0.0    279.669   2.034   0.001   0.000  0.466886  0.226592  0.218661  0.985286
    262   1     17  12   7    24     2.034    9698.637      258.4        0.0    976.526   2.034   0.001   0.000  0.466886  0.226592  0.218661  0.985286
    263   1     19  11   0    12     2.034    9698.637      338.4        0.0   1278.839   2.034   0.001   0.000  0.466886  0.226592  0.218661  0.985286
    264   1     20   9   1    24     2.034    9698.637       64.6        0.0    244.291   2.034   0.001   0.000  0.466886  0.226592  0.218661  0.985286
    265   1     21   5   4    24     2.034    9698.637       16.4        0.0     62.142   2.034   0.001   0.000  0.466886  0.226592  0.218661  0.985286
    266   1      8  20   4    24     2.042    9718.821      245.9       40.7   1310.216   2.042   0.001   0.000  0.467858  0.226102  0.216906  0.985256
    267   1     20   8   4    24     2.042    9718.821      244.1       40.4   1300.640   2.042   0.001   0.000  0.467858  0.226102  0.216906  0.985256
    268   1      6  21   1    24     2.051    9739.132       19.0        0.0    218.063   2.051   0.001   0.000  0.468836  0.225610  0.215157  0.985225
    269   1      9  19   6    24     2.051    9739.132      284.5        0.0   3263.313   2.051   0.001   0.000  0.468836  0.225610  0.215157  0.985225
    270   1     19   9   6    24     2.051    9739.132      272.6        0.0   3127.596   2.051   0.001   0.000  0.468836  0.225610  0.215157  0.985225
    271   1     21   6   1    24     2.051    9739.132       84.1        0.0    964.471   2.051   0.001   0.000  0.468836  0.225610  0.215157  0.985225
    272   1      7  20   5    24     2.068    9780.139      239.5        0.0    567.422   2.068   0.001   0.000  0.470810  0.224624  0.211683  0.985163
    273   1      8  19   7    24     2.068    9780.139      453.5        0.0   1074.757   2.068   0.001   0.000  0.470810  0.224624  0.211683  0.985163
    274   1     11  17   8    24     2.068    9780.139      124.3        0.0    294.533   2.068   0.001   0.000  0.470810  0.224624  0.211683  0.985163
    275   1     13  16   7    24     2.068    9780.139      121.7        0.0    288.368   2.068   0.001   0.000  0.470810  0.224624  0.211683  0.985163
    276   1     13  17   4    24     2.068    9780.139      131.7        0.0    311.973   2.068   0.001   0.000  0.470810  0.224624  0.211683  0.985163
    277   1     16  13   7    24     2.068    9780.139       24.8        0.0     58.842   2.068   0.001   0.000  0.470810  0.224624  0.211683  0.985163
    278   1     17  11   8    24     2.068    9780.139       17.4        0.0     41.317   2.068   0.001   0.000  0.470810  0.224624  0.211683  0.985163
    279   1     17  13   4    24     2.068    9780.139      100.8        0.0    238.965   2.068   0.001   0.000  0.470810  0.224624  0.211683  0.985163
    280   1     19   8   7    24     2.068    9780.139       71.1        0.0    168.569   2.068   0.001   0.000  0.470810  0.224624  0.211683  0.985163
    281   1     20   7   5    24     2.068    9780.139       56.4        0.0    133.639   2.068   0.001   0.000  0.470810  0.224624  0.211683  0.985163
    282   1     12  18   2    24     2.077    9800.837      105.6      170.2    162.557   2.077   0.001   0.000  0.471806  0.224130  0.209956  0.985132
    283   1     18  12   2    24     2.077    9800.837      303.6      489.2    467.320   2.077   0.001   0.000  0.471806  0.224130  0.209956  0.985132
    284   1     20   6   6    24     2.077    9800.837      217.4      350.3    334.652   2.077   0.001   0.000  0.471806  0.224130  0.209956  0.985132
    285   1      5  21   2    24     2.086    9821.668       16.1      166.1     79.640   2.086   0.001   0.000  0.472809  0.223634  0.208237  0.985101
    286   1     10  17   9    24     2.086    9821.668        9.4       96.6     46.299   2.086   0.001   0.000  0.472809  0.223634  0.208237  0.985101
    287   1     10  19   3    24     2.086    9821.668      352.1     3624.2   1737.692   2.086   0.001   0.000  0.472809  0.223634  0.208237  0.985101
    288   1     11  18   5    24     2.086    9821.668       62.6      644.5    309.012   2.086   0.001   0.000  0.472809  0.223634  0.208237  0.985101
    289   1     14  15   7    24     2.086    9821.668      113.7     1170.7    561.335   2.086   0.001   0.000  0.472809  0.223634  0.208237  0.985101
    290   1     15  14   7    24     2.086    9821.668      431.1     4437.8   2127.779   2.086   0.001   0.000  0.472809  0.223634  0.208237  0.985101
    291   1     17  10   9    24     2.086    9821.668       60.7      624.7    299.520   2.086   0.001   0.000  0.472809  0.223634  0.208237  0.985101
    292   1     18  11   5    24     2.086    9821.668      148.3     1526.3    731.812   2.086   0.001   0.000  0.472809  0.223634  0.208237  0.985101
    293   1     19  10   3    24     2.086    9821.668      215.4     2217.5   1063.232   2.086   0.001   0.000  0.472809  0.223634  0.208237  0.985101
    294   1     21   5   2    24     2.086    9821.668       75.5      777.5    372.784   2.086   0.001   0.000  0.472809  0.223634  0.208237  0.985101
    295   1      8  20   2    24     2.095    9842.632       42.5        0.0    263.130   2.095   0.001   0.000  0.473818  0.223138  0.206526  0.985069
    296   1     12  18   0    12     2.095    9842.632        1.0        0.0      6.414   2.095   0.001   0.000  0.473818  0.223138  0.206526  0.985069
    297   1     14  16   4    24     2.095    9842.632       95.2        0.0    588.699   2.095   0.001   0.000  0.473818  0.223138  0.206526  0.985069
    298   1     16  14   4    24     2.095    9842.632      160.8        0.0    994.388   2.095   0.001   0.000  0.473818  0.223138  0.206526  0.985069
    299   1     18  12   0    12     2.095    9842.632      119.6        0.0    739.779   2.095   0.001   0.000  0.473818  0.223138  0.206526  0.985069
    300   1     20   8   2    24     2.095    9842.632       65.4        0.0    404.588   2.095   0.001   0.000  0.473818  0.223138  0.206526  0.985069

   No.  Code     H   K   L  Mult     Hw     2theta/TOF      Icalc       Iobs      Sigma    HwG     HwL     ETA     d-hkl  TOF_alpha  TOF_beta     CORR

    301   1      4  21   3    24     2.104    9863.731       49.9        0.0    145.856   2.104   0.001   0.000  0.474834  0.222640  0.204821  0.985038
    302   1      5  21   0    12     2.104    9863.731       15.7        0.0     46.016   2.104   0.001   0.000  0.474834  0.222640  0.204821  0.985038
    303   1     15  15   4    24     2.104    9863.731      163.9        0.0    479.169   2.104   0.001   0.000  0.474834  0.222640  0.204821  0.985038
    304   1     21   4   3    24     2.104    9863.731        6.0        0.0     17.472   2.104   0.001   0.000  0.474834  0.222640  0.204821  0.985038
    305   1     21   5   0    12     2.104    9863.731       17.0        0.0     49.623   2.104   0.001   0.000  0.474834  0.222640  0.204821  0.985038
    306   1      8  20   0    12     2.113    9884.967      203.9        0.0    779.904   2.113   0.001   0.000  0.475856  0.222142  0.203124  0.985006
    307   1     12  16   8    24     2.113    9884.967      146.8        0.0    561.220   2.113   0.001   0.000  0.475856  0.222142  0.203124  0.985006
    308   1     16  12   8    24     2.113    9884.967       96.2        0.0    367.843   2.113   0.001   0.000  0.475856  0.222142  0.203124  0.985006
    309   1     20   8   0    12     2.113    9884.967       40.0        0.0    152.935   2.113   0.001   0.000  0.475856  0.222142  0.203124  0.985006
    310   1     10  19   1    24     2.122    9906.340      303.0      560.4   3359.739   2.122   0.001   0.000  0.476885  0.221642  0.201434  0.984973
    311   1     13  17   2    24     2.122    9906.340      294.0      543.8   3259.855   2.122   0.001   0.000  0.476885  0.221642  0.201434  0.984973
    312   1     17  13   2    24     2.122    9906.340       14.2       26.2    157.280   2.122   0.001   0.000  0.476885  0.221642  0.201434  0.984973
    313   1     19  10   1    24     2.122    9906.340      178.8      330.8   1983.073   2.122   0.001   0.000  0.476885  0.221642  0.201434  0.984973
    314   1     10  18   6    24     2.131    9927.852        0.6        1.2      0.811   2.131   0.001   0.000  0.477921  0.221141  0.199751  0.984941
    315   1     18  10   6    24     2.131    9927.852        1.8        3.4      2.241   2.131   0.001   0.000  0.477921  0.221141  0.199751  0.984941
    316   1      4  21   1    24     2.141    9949.504       85.3      351.0    172.626   2.141   0.001   0.000  0.478963  0.220639  0.198076  0.984909
    317   1      7  20   3    24     2.141    9949.504       36.3      149.3     73.441   2.141   0.001   0.000  0.478963  0.220639  0.198076  0.984909
    318   1      9  19   4    24     2.141    9949.504      137.5      565.6    278.170   2.141   0.001   0.000  0.478963  0.220639  0.198076  0.984909
    319   1     11  16   9    24     2.141    9949.504        2.1        8.6      4.251   2.141   0.001   0.000  0.478963  0.220639  0.198076  0.984909
    320   1     12  17   5    24     2.141    9949.504        2.0        8.2      4.020   2.141   0.001   0.000  0.478963  0.220639  0.198076  0.984909
    321   1     13  15   8    24     2.141    9949.504       90.4      371.9    182.925   2.141   0.001   0.000  0.478963  0.220639  0.198076  0.984909
    322   1     13  17   0    12     2.141    9949.504        8.4       34.6     16.998   2.141   0.001   0.000  0.478963  0.220639  0.198076  0.984909
    323   1     15  13   8    24     2.141    9949.504       71.3      293.3    144.269   2.141   0.001   0.000  0.478963  0.220639  0.198076  0.984909
    324   1     16  11   9    24     2.141    9949.504       11.2       46.1     22.691   2.141   0.001   0.000  0.478963  0.220639  0.198076  0.984909
    325   1     17  12   5    24     2.141    9949.504      130.6      537.1    264.150   2.141   0.001   0.000  0.478963  0.220639  0.198076  0.984909
    326   1     17  13   0    12     2.141    9949.504       96.8      398.0    195.744   2.141   0.001   0.000  0.478963  0.220639  0.198076  0.984909
    327   1     19   9   4    24     2.141    9949.504      113.7      467.7    230.013   2.141   0.001   0.000  0.478963  0.220639  0.198076  0.984909
    328   1     20   7   3    24     2.141    9949.504      183.4      754.3    370.972   2.141   0.001   0.000  0.478963  0.220639  0.198076  0.984909
    329   1     21   4   1    24     2.141    9949.504      608.9     2504.5   1231.754   2.141   0.001   0.000  0.478963  0.220639  0.198076  0.984909
    330   1     14  14   8    24     2.150    9971.300       25.3       17.2     39.048   2.150   0.001   0.000  0.480012  0.220136  0.196408  0.984876
    331   1     14  16   2    24     2.150    9971.300      679.3      460.4   1046.400   2.150   0.001   0.000  0.480012  0.220136  0.196408  0.984876
    332   1     16  10  10    24     2.150    9971.300       25.9       17.5     39.843   2.150   0.001   0.000  0.480012  0.220136  0.196408  0.984876
    333   1     16  14   2    24     2.150    9971.300       81.9       55.5    126.159   2.150   0.001   0.000  0.480012  0.220136  0.196408  0.984876
    334   1      3  21   2    24     2.159    9993.238      443.4        0.0    766.593   2.159   0.001   0.000  0.481068  0.219632  0.194747  0.984843
    335   1      9  18   7    24     2.159    9993.238      303.3        0.0    524.289   2.159   0.001   0.000  0.481068  0.219632  0.194747  0.984843
    336   1     11  18   3    24     2.159    9993.238      157.7        0.0    272.699   2.159   0.001   0.000  0.481068  0.219632  0.194747  0.984843
    337   1     15  15   2    24     2.159    9993.238        0.9        0.0      1.510   2.159   0.001   0.000  0.481068  0.219632  0.194747  0.984843
    338   1     18   9   7    24     2.159    9993.238       14.0        0.0     24.183   2.159   0.001   0.000  0.481068  0.219632  0.194747  0.984843
    339   1     18  11   3    24     2.159    9993.238      235.2        0.0    406.644   2.159   0.001   0.000  0.481068  0.219632  0.194747  0.984843
    340   1     21   3   2    24     2.159    9993.238      167.9        0.0    290.286   2.159   0.001   0.000  0.481068  0.219632  0.194747  0.984843
    341   1      6  20   4    24     2.169   10015.322      195.8      336.2    386.311   2.169   0.001   0.000  0.482131  0.219127  0.193094  0.984809
    342   1     14  16   0    12     2.169   10015.322      106.3      182.6    209.799   2.169   0.001   0.000  0.482131  0.219127  0.193094  0.984809
    343   1     16  14   0    12     2.169   10015.322        7.8       13.3     15.322   2.169   0.001   0.000  0.482131  0.219127  0.193094  0.984809
    344   1     18   8   8    24     2.169   10015.322      189.3      325.0    373.473   2.169   0.001   0.000  0.482131  0.219127  0.193094  0.984809
    345   1     20   6   4    24     2.169   10015.322       90.3      155.0    178.053   2.169   0.001   0.000  0.482131  0.219127  0.193094  0.984809
    346   1      3  21   0    12     2.179   10037.555       52.3      217.9    393.800   2.179   0.001   0.000  0.483202  0.218620  0.191448  0.984776
    347   1      7  20   1    24     2.179   10037.555      400.0     1666.9   3013.094   2.179   0.001   0.000  0.483202  0.218620  0.191448  0.984776
    348   1      8  19   5    24     2.179   10037.555      229.1      954.9   1726.138   2.179   0.001   0.000  0.483202  0.218620  0.191448  0.984776
    349   1     12  15   9    24     2.179   10037.555       77.8      324.3    586.274   2.179   0.001   0.000  0.483202  0.218620  0.191448  0.984776
    350   1     13  16   5    24     2.179   10037.555       53.4      222.7    402.517   2.179   0.001   0.000  0.483202  0.218620  0.191448  0.984776
    351   1     15  12   9    24     2.179   10037.555       40.4      168.2    304.006   2.179   0.001   0.000  0.483202  0.218620  0.191448  0.984776
    352   1     15  15   0    12     2.179   10037.555      239.4      997.8   1803.752   2.179   0.001   0.000  0.483202  0.218620  0.191448  0.984776
    353   1     16  13   5    24     2.179   10037.555      118.8      495.1    894.992   2.179   0.001   0.000  0.483202  0.218620  0.191448  0.984776
    354   1     19   8   5    24     2.179   10037.555       79.0      329.3    595.318   2.179   0.001   0.000  0.483202  0.218620  0.191448  0.984776
    355   1     20   5   5    24     2.179   10037.555       36.7      152.8    276.275   2.179   0.001   0.000  0.483202  0.218620  0.191448  0.984776
    356   1     20   7   1    24     2.179   10037.555       50.2      209.3    378.428   2.179   0.001   0.000  0.483202  0.218620  0.191448  0.984776
    357   1     21   3   0    12     2.179   10037.555       57.6      240.2    434.234   2.179   0.001   0.000  0.483202  0.218620  0.191448  0.984776
    358   1      2  21   1    24     2.198   10082.466       44.5       88.8    702.796   2.198   0.001   0.000  0.485364  0.217604  0.188177  0.984708
    359   1      7  19   6    24     2.198   10082.466      353.8      705.6   5584.357   2.198   0.001   0.000  0.485364  0.217604  0.188177  0.984708
    360   1      9  19   2    24     2.198   10082.466       42.1       83.9    663.839   2.198   0.001   0.000  0.485364  0.217604  0.188177  0.984708

   No.  Code     H   K   L  Mult     Hw     2theta/TOF      Icalc       Iobs      Sigma    HwG     HwL     ETA     d-hkl  TOF_alpha  TOF_beta     CORR

    361   1     11  15  10    24     2.198   10082.466      272.4      543.3   4299.761   2.198   0.001   0.000  0.485364  0.217604  0.188177  0.984708
    362   1     11  17   6    24     2.198   10082.466     1125.4     2244.3  17761.846   2.198   0.001   0.000  0.485364  0.217604  0.188177  0.984708
    363   1     11  18   1    24     2.198   10082.466       36.5       72.9    576.814   2.198   0.001   0.000  0.485364  0.217604  0.188177  0.984708
    364   1     13  14   9    24     2.198   10082.466      132.7      264.6   2094.375   2.198   0.001   0.000  0.485364  0.217604  0.188177  0.984708
    365   1     14  13   9    24     2.198   10082.466      124.5      248.4   1965.491   2.198   0.001   0.000  0.485364  0.217604  0.188177  0.984708
    366   1     14  15   5    24     2.198   10082.466       52.0      103.7    820.393   2.198   0.001   0.000  0.485364  0.217604  0.188177  0.984708
    367   1     15  11  10    24     2.198   10082.466      234.1      466.8   3694.658   2.198   0.001   0.000  0.485364  0.217604  0.188177  0.984708
    368   1     15  14   5    24     2.198   10082.466      401.5      800.6   6336.239   2.198   0.001   0.000  0.485364  0.217604  0.188177  0.984708
    369   1     17  11   6    24     2.198   10082.466      117.0      233.3   1846.278   2.198   0.001   0.000  0.485364  0.217604  0.188177  0.984708
    370   1     18  11   1    24     2.198   10082.466       78.0      155.5   1230.550   2.198   0.001   0.000  0.485364  0.217604  0.188177  0.984708
    371   1     19   7   6    24     2.198   10082.466      443.5      884.5   7000.123   2.198   0.001   0.000  0.485364  0.217604  0.188177  0.984708
    372   1     19   9   2    24     2.198   10082.466      610.0     1216.5   9627.146   2.198   0.001   0.000  0.485364  0.217604  0.188177  0.984708
    373   1     21   2   1    24     2.198   10082.466        2.0        4.1     32.233   2.198   0.001   0.000  0.485364  0.217604  0.188177  0.984708
    374   1      1  21   0    12     2.218   10127.984      138.0      203.9    152.564   2.218   0.001   0.000  0.487555  0.216583  0.184936  0.984640
    375   1      9  19   0    12     2.218   10127.984       27.2       40.2     30.107   2.218   0.001   0.000  0.487555  0.216583  0.184936  0.984640
    376   1     12  17   3    24     2.218   10127.984      235.6      348.1    260.451   2.218   0.001   0.000  0.487555  0.216583  0.184936  0.984640
    377   1     17  12   3    24     2.218   10127.984        4.1        6.0      4.498   2.218   0.001   0.000  0.487555  0.216583  0.184936  0.984640
    378   1     19   9   0    12     2.218   10127.984      152.7      225.6    168.806   2.218   0.001   0.000  0.487555  0.216583  0.184936  0.984640
    379   1     21   1   0    12     2.218   10127.984       33.8       49.9     37.310   2.218   0.001   0.000  0.487555  0.216583  0.184936  0.984640
    380   1      6  20   2    24     2.228   10150.977      265.3      443.4    353.883   2.228   0.001   0.000  0.488662  0.216071  0.183327  0.984605
    381   1     10  18   4    24     2.228   10150.977       46.3       77.4     61.762   2.228   0.001   0.000  0.488662  0.216071  0.183327  0.984605
    382   1     12  14  10    24     2.228   10150.977      192.5      321.8    256.835   2.228   0.001   0.000  0.488662  0.216071  0.183327  0.984605
    383   1     14  12  10    24     2.228   10150.977       77.7      129.9    103.705   2.228   0.001   0.000  0.488662  0.216071  0.183327  0.984605
    384   1     18  10   4    24     2.228   10150.977      473.5      791.4    631.584   2.228   0.001   0.000  0.488662  0.216071  0.183327  0.984605
    385   1     20   6   2    24     2.228   10150.977      404.2      675.6    539.171   2.228   0.001   0.000  0.488662  0.216071  0.183327  0.984605
    386   1     10  17   7    24     2.238   10174.126      100.1      377.6    143.439   2.238   0.001   0.000  0.489776  0.215558  0.181724  0.984571
    387   1     13  13  10    24     2.238   10174.126      104.2      393.4    149.442   2.238   0.001   0.000  0.489776  0.215558  0.181724  0.984571
    388   1     14  11  11    24     2.238   10174.126      286.8     1082.1    411.064   2.238   0.001   0.000  0.489776  0.215558  0.181724  0.984571
    389   1     17  10   7    24     2.238   10174.126      734.2     2770.5   1052.415   2.238   0.001   0.000  0.489776  0.215558  0.181724  0.984571
    390   1      6  20   0    12     2.249   10197.436        0.4        0.9      0.311   2.249   0.001   0.000  0.490898  0.215044  0.180129  0.984536
    391   1     12  16   6    24     2.249   10197.436      595.2     1291.4    464.290   2.249   0.001   0.000  0.490898  0.215044  0.180129  0.984536
    392   1     16  12   6    24     2.249   10197.436      142.2      308.5    110.923   2.249   0.001   0.000  0.490898  0.215044  0.180129  0.984536
    393   1     20   6   0    12     2.249   10197.436      172.3      373.8    134.392   2.249   0.001   0.000  0.490898  0.215044  0.180129  0.984536
    394   1      5  20   3    24     2.259   10220.903      334.0      504.6    477.461   2.259   0.001   0.000  0.492028  0.214528  0.178542  0.984500
    395   1      8  19   3    24     2.259   10220.903      187.8      283.7    268.441   2.259   0.001   0.000  0.492028  0.214528  0.178542  0.984500
    396   1      9  17   8    24     2.259   10220.903       26.1       39.5     37.352   2.259   0.001   0.000  0.492028  0.214528  0.178542  0.984500
    397   1     12  13  11    24     2.259   10220.903       41.5       62.7     59.292   2.259   0.001   0.000  0.492028  0.214528  0.178542  0.984500
    398   1     12  17   1    24     2.259   10220.903      356.2      538.1    509.170   2.259   0.001   0.000  0.492028  0.214528  0.178542  0.984500
    399   1     13  12  11    24     2.259   10220.903      277.8      419.7    397.176   2.259   0.001   0.000  0.492028  0.214528  0.178542  0.984500
    400   1     13  16   3    24     2.259   10220.903      227.5      343.7    325.250   2.259   0.001   0.000  0.492028  0.214528  0.178542  0.984500
    401   1     16  13   3    24     2.259   10220.903      543.3      820.8    776.669   2.259   0.001   0.000  0.492028  0.214528  0.178542  0.984500
    402   1     17   9   8    24     2.259   10220.903      102.3      154.5    146.215   2.259   0.001   0.000  0.492028  0.214528  0.178542  0.984500
    403   1     17  12   1    24     2.259   10220.903      243.3      367.6    347.806   2.259   0.001   0.000  0.492028  0.214528  0.178542  0.984500
    404   1     19   8   3    24     2.259   10220.903        0.3        0.4      0.374   2.259   0.001   0.000  0.492028  0.214528  0.178542  0.984500
    405   1     20   5   3    24     2.259   10220.903      140.4      212.2    200.787   2.259   0.001   0.000  0.492028  0.214528  0.178542  0.984500
    406   1     12  12  12     8     2.269   10244.537      350.8      302.5    349.140   2.269   0.001   0.000  0.493166  0.214011  0.176961  0.984465
    407   1     20   4   4    24     2.269   10244.537      494.2      426.1    491.871   2.269   0.001   0.000  0.493166  0.214011  0.176961  0.984465
    408   1      9  18   5    24     2.280   10268.333       33.7       91.0    122.524   2.280   0.001   0.000  0.494311  0.213493  0.175388  0.984429
    409   1     13  15   6    24     2.280   10268.333      540.4     1459.2   1965.188   2.280   0.001   0.000  0.494311  0.213493  0.175388  0.984429
    410   1     14  15   3    24     2.280   10268.333      340.1      918.2   1236.614   2.280   0.001   0.000  0.494311  0.213493  0.175388  0.984429
    411   1     15  13   6    24     2.280   10268.333       71.8      193.9    261.126   2.280   0.001   0.000  0.494311  0.213493  0.175388  0.984429
    412   1     15  14   3    24     2.280   10268.333       89.7      242.2    326.133   2.280   0.001   0.000  0.494311  0.213493  0.175388  0.984429
    413   1     18   9   5    24     2.280   10268.333      783.9     2116.6   2850.525   2.280   0.001   0.000  0.494311  0.213493  0.175388  0.984429
    414   1     10  18   2    24     2.291   10292.297      126.3      295.7    109.672   2.291   0.001   0.000  0.495465  0.212974  0.173823  0.984393
    415   1     14  14   6    24     2.291   10292.297       43.0      100.8     37.375   2.291   0.001   0.000  0.495465  0.212974  0.173823  0.984393
    416   1     18  10   2    24     2.291   10292.297       21.2       49.7     18.449   2.291   0.001   0.000  0.495465  0.212974  0.173823  0.984393
    417   1      5  20   1    24     2.301   10316.428      413.8     1112.3   1248.058   2.301   0.001   0.000  0.496626  0.212453  0.172264  0.984357
    418   1      7  19   4    24     2.301   10316.428       31.8       85.5     95.888   2.301   0.001   0.000  0.496626  0.212453  0.172264  0.984357
    419   1      8  19   1    24     2.301   10316.428      289.4      777.9    872.875   2.301   0.001   0.000  0.496626  0.212453  0.172264  0.984357
    420   1     11  16   7    24     2.301   10316.428       22.2       59.8     67.088   2.301   0.001   0.000  0.496626  0.212453  0.172264  0.984357

   No.  Code     H   K   L  Mult     Hw     2theta/TOF      Icalc       Iobs      Sigma    HwG     HwL     ETA     d-hkl  TOF_alpha  TOF_beta     CORR

    421   1     11  17   4    24     2.301   10316.428       81.3      218.6    245.291   2.301   0.001   0.000  0.496626  0.212453  0.172264  0.984357
    422   1     13  16   1    24     2.301   10316.428      211.3      567.9    637.188   2.301   0.001   0.000  0.496626  0.212453  0.172264  0.984357
    423   1     16  11   7    24     2.301   10316.428      237.4      638.0    715.917   2.301   0.001   0.000  0.496626  0.212453  0.172264  0.984357
    424   1     16  13   1    24     2.301   10316.428      438.3     1177.9   1321.696   2.301   0.001   0.000  0.496626  0.212453  0.172264  0.984357
    425   1     17  11   4    24     2.301   10316.428       20.7       55.7     62.460   2.301   0.001   0.000  0.496626  0.212453  0.172264  0.984357
    426   1     19   7   4    24     2.301   10316.428       70.7      190.1    213.362   2.301   0.001   0.000  0.496626  0.212453  0.172264  0.984357
    427   1     19   8   1    24     2.301   10316.428      133.5      358.7    402.505   2.301   0.001   0.000  0.496626  0.212453  0.172264  0.984357
    428   1     20   5   1    24     2.301   10316.428      198.2      532.8    597.843   2.301   0.001   0.000  0.496626  0.212453  0.172264  0.984357
    429   1      8  18   6    24     2.312   10340.730       85.5      480.2    289.907   2.312   0.001   0.000  0.497796  0.211932  0.170713  0.984320
    430   1     10  18   0    12     2.312   10340.730      207.0     1162.8    702.029   2.312   0.001   0.000  0.497796  0.211932  0.170713  0.984320
    431   1     18   8   6    24     2.312   10340.730       38.5      216.0    130.403   2.312   0.001   0.000  0.497796  0.211932  0.170713  0.984320
    432   1     18  10   0    12     2.312   10340.730       91.4      513.3    309.918   2.312   0.001   0.000  0.497796  0.211932  0.170713  0.984320
    433   1      6  19   5    24     2.323   10365.207       45.4        0.0     79.612   2.323   0.001   0.000  0.498975  0.211409  0.169169  0.984283
    434   1     14  15   1    24     2.323   10365.207       26.2        0.0     45.951   2.323   0.001   0.000  0.498975  0.211409  0.169169  0.984283
    435   1     15  14   1    24     2.323   10365.207      209.3        0.0    367.263   2.323   0.001   0.000  0.498975  0.211409  0.169169  0.984283
    436   1     18   7   7    24     2.323   10365.207       68.0        0.0    119.240   2.323   0.001   0.000  0.498975  0.211409  0.169169  0.984283
    437   1     19   6   5    24     2.323   10365.207       24.4        0.0     42.750   2.323   0.001   0.000  0.498975  0.211409  0.169169  0.984283
    438   1      4  20   2    24     2.334   10389.856      486.9      654.6    666.748   2.334   0.001   0.000  0.500161  0.210885  0.167632  0.984246
    439   1     10  16   8    24     2.334   10389.856      130.2      175.0    178.240   2.334   0.001   0.000  0.500161  0.210885  0.167632  0.984246
    440   1     16  10   8    24     2.334   10389.856       47.3       63.6     64.747   2.334   0.001   0.000  0.500161  0.210885  0.167632  0.984246
    441   1     20   4   2    24     2.334   10389.856       25.8       34.7     35.378   2.334   0.001   0.000  0.500161  0.210885  0.167632  0.984246
    442   1     12  15   7    24     2.345   10414.683       45.1       29.4     39.550   2.345   0.001   0.000  0.501356  0.210360  0.166103  0.984209
    443   1     15  12   7    24     2.345   10414.683       82.4       53.8     72.249   2.345   0.001   0.000  0.501356  0.210360  0.166103  0.984209
    444   1     16   9   9    24     2.345   10414.683        9.0        5.9      7.906   2.345   0.001   0.000  0.501356  0.210360  0.166103  0.984209
    445   1     20   3   3    24     2.345   10414.683      767.6      501.0    672.888   2.345   0.001   0.000  0.501356  0.210360  0.166103  0.984209
    446   1      4  20   0    12     2.357   10439.688       19.4       11.9     13.000   2.357   0.001   0.000  0.502560  0.209833  0.164581  0.984171
    447   1     12  16   4    24     2.357   10439.688      620.2      380.3    415.053   2.357   0.001   0.000  0.502560  0.209833  0.164581  0.984171
    448   1     16  12   4    24     2.357   10439.688      576.9      353.8    386.087   2.357   0.001   0.000  0.502560  0.209833  0.164581  0.984171
    449   1     20   4   0    12     2.357   10439.688      136.2       83.5     91.165   2.357   0.001   0.000  0.502560  0.209833  0.164581  0.984171
    450   1      7  19   2    24     2.368   10464.874      147.2        0.0   1394.256   2.368   0.001   0.000  0.503773  0.209305  0.163066  0.984133
    451   1      9  18   3    24     2.368   10464.874      170.4        0.0   1613.681   2.368   0.001   0.000  0.503773  0.209305  0.163066  0.984133
    452   1     10  17   5    24     2.368   10464.874       64.6        0.0    611.673   2.368   0.001   0.000  0.503773  0.209305  0.163066  0.984133
    453   1     11  17   2    24     2.368   10464.874      275.8        0.0   2611.197   2.368   0.001   0.000  0.503773  0.209305  0.163066  0.984133
    454   1     13  14   7    24     2.368   10464.874     1052.9        0.0   9970.271   2.368   0.001   0.000  0.503773  0.209305  0.163066  0.984133
    455   1     14  13   7    24     2.368   10464.874      112.2        0.0   1062.763   2.368   0.001   0.000  0.503773  0.209305  0.163066  0.984133
    456   1     17  10   5    24     2.368   10464.874      573.6        0.0   5431.160   2.368   0.001   0.000  0.503773  0.209305  0.163066  0.984133
    457   1     17  11   2    24     2.368   10464.874       61.2        0.0    579.265   2.368   0.001   0.000  0.503773  0.209305  0.163066  0.984133
    458   1     18   9   3    24     2.368   10464.874       22.6        0.0    214.437   2.368   0.001   0.000  0.503773  0.209305  0.163066  0.984133
    459   1     19   7   2    24     2.368   10464.874      372.6        0.0   3528.615   2.368   0.001   0.000  0.503773  0.209305  0.163066  0.984133
    460   1      3  20   1    24     2.391   10515.799      298.8      997.8    426.479   2.391   0.001   0.000  0.506224  0.208245  0.160059  0.984057
    461   1      7  19   0    12     2.391   10515.799       90.1      301.0    128.628   2.391   0.001   0.000  0.506224  0.208245  0.160059  0.984057
    462   1     11  15   8    24     2.391   10515.799      406.0     1356.0    579.551   2.391   0.001   0.000  0.506224  0.208245  0.160059  0.984057
    463   1     11  17   0    12     2.391   10515.799       37.5      125.3     53.544   2.391   0.001   0.000  0.506224  0.208245  0.160059  0.984057
    464   1     13  15   4    24     2.391   10515.799      109.5      365.8    156.350   2.391   0.001   0.000  0.506224  0.208245  0.160059  0.984057
    465   1     15  11   8    24     2.391   10515.799      587.8     1963.2    839.060   2.391   0.001   0.000  0.506224  0.208245  0.160059  0.984057
    466   1     15  13   4    24     2.391   10515.799      654.6     2186.2    934.394   2.391   0.001   0.000  0.506224  0.208245  0.160059  0.984057
    467   1     17  11   0    12     2.391   10515.799        0.5        1.7      0.732   2.391   0.001   0.000  0.506224  0.208245  0.160059  0.984057
    468   1     19   7   0    12     2.391   10515.799       12.4       41.3     17.644   2.391   0.001   0.000  0.506224  0.208245  0.160059  0.984057
    469   1     20   3   1    24     2.391   10515.799      569.5     1901.8    812.845   2.391   0.001   0.000  0.506224  0.208245  0.160059  0.984057
    470   1     14  14   4    24     2.403   10541.540      506.0      625.3    213.420   2.403   0.001   0.000  0.507463  0.207714  0.158566  0.984018
    471   1     20   2   2    24     2.403   10541.540      176.5      218.1     74.458   2.403   0.001   0.000  0.507463  0.207714  0.158566  0.984018
    472   1      6  19   3    24     2.415   10567.474       89.0      161.5     74.137   2.415   0.001   0.000  0.508712  0.207181  0.157080  0.983979
    473   1      9  17   6    24     2.415   10567.474      182.4      330.9    151.924   2.415   0.001   0.000  0.508712  0.207181  0.157080  0.983979
    474   1      9  18   1    24     2.415   10567.474      418.8      759.8    348.818   2.415   0.001   0.000  0.508712  0.207181  0.157080  0.983979
    475   1     10  15   9    24     2.415   10567.474      759.5     1378.1    632.661   2.415   0.001   0.000  0.508712  0.207181  0.157080  0.983979
    476   1     15  10   9    24     2.415   10567.474      336.0      609.6    279.864   2.415   0.001   0.000  0.508712  0.207181  0.157080  0.983979
    477   1     17   9   6    24     2.415   10567.474      855.9     1553.0    712.989   2.415   0.001   0.000  0.508712  0.207181  0.157080  0.983979
    478   1     18   9   1    24     2.415   10567.474       89.7      162.7     74.692   2.415   0.001   0.000  0.508712  0.207181  0.157080  0.983979
    479   1     19   6   3    24     2.415   10567.474      995.5     1806.2    829.225   2.415   0.001   0.000  0.508712  0.207181  0.157080  0.983979
    480   1      2  20   0    12     2.427   10593.598       81.1      205.0     77.368   2.427   0.001   0.000  0.509969  0.206646  0.155602  0.983940

   No.  Code     H   K   L  Mult     Hw     2theta/TOF      Icalc       Iobs      Sigma    HwG     HwL     ETA     d-hkl  TOF_alpha  TOF_beta     CORR

    481   1      8  18   4    24     2.427   10593.598       65.8      166.4     62.779   2.427   0.001   0.000  0.509969  0.206646  0.155602  0.983940
    482   1     12  14   8    24     2.427   10593.598       87.6      221.5     83.580   2.427   0.001   0.000  0.509969  0.206646  0.155602  0.983940
    483   1     12  16   2    24     2.427   10593.598      278.5      704.2    265.727   2.427   0.001   0.000  0.509969  0.206646  0.155602  0.983940
    484   1     14  12   8    24     2.427   10593.598      256.9      649.7    245.167   2.427   0.001   0.000  0.509969  0.206646  0.155602  0.983940
    485   1     16  12   2    24     2.427   10593.598      345.6      873.9    329.781   2.427   0.001   0.000  0.509969  0.206646  0.155602  0.983940
    486   1     18   8   4    24     2.427   10593.598      337.9      854.4    322.406   2.427   0.001   0.000  0.509969  0.206646  0.155602  0.983940
    487   1     20   2   0    12     2.427   10593.598       27.3       69.0     26.025   2.427   0.001   0.000  0.509969  0.206646  0.155602  0.983940
    488   1      5  19   4    24     2.439   10619.918      318.4     2325.8   1203.290   2.439   0.001   0.000  0.511236  0.206111  0.154131  0.983900
    489   1      8  17   7    24     2.439   10619.918       79.0      577.2    298.623   2.439   0.001   0.000  0.511236  0.206111  0.154131  0.983900
    490   1     11  16   5    24     2.439   10619.918      163.2     1191.7    616.549   2.439   0.001   0.000  0.511236  0.206111  0.154131  0.983900
    491   1     13  13   8    24     2.439   10619.918       65.8      480.7    248.674   2.439   0.001   0.000  0.511236  0.206111  0.154131  0.983900
    492   1     16  11   5    24     2.439   10619.918      426.8     3117.7   1612.977   2.439   0.001   0.000  0.511236  0.206111  0.154131  0.983900
    493   1     17   8   7    24     2.439   10619.918       20.1      147.0     76.075   2.439   0.001   0.000  0.511236  0.206111  0.154131  0.983900
    494   1     19   5   4    24     2.439   10619.918      190.6     1392.5    720.429   2.439   0.001   0.000  0.511236  0.206111  0.154131  0.983900
    495   1     20   1   1    24     2.439   10619.918      238.6     1742.5    901.513   2.439   0.001   0.000  0.511236  0.206111  0.154131  0.983900
    496   1     12  16   0    12     2.451   10646.435       51.4       83.3     30.419   2.451   0.001   0.000  0.512513  0.205574  0.152668  0.983861
    497   1     16  12   0    12     2.451   10646.435       73.1      118.6     43.298   2.451   0.001   0.000  0.512513  0.205574  0.152668  0.983861
    498   1     20   0   0     6     2.451   10646.435       78.8      127.8     46.661   2.451   0.001   0.000  0.512513  0.205574  0.152668  0.983861
    499   1      6  19   1    24     2.463   10673.150      240.3      362.8    224.652   2.463   0.001   0.000  0.513799  0.205035  0.151211  0.983820
    500   1      7  18   5    24     2.463   10673.150      262.6      396.5    245.466   2.463   0.001   0.000  0.513799  0.205035  0.151211  0.983820
    501   1     10  17   3    24     2.463   10673.150       97.8      147.7     91.425   2.463   0.001   0.000  0.513799  0.205035  0.151211  0.983820
    502   1     11  14   9    24     2.463   10673.150       76.1      114.9     71.147   2.463   0.001   0.000  0.513799  0.205035  0.151211  0.983820
    503   1     13  15   2    24     2.463   10673.150        9.3       14.0      8.687   2.463   0.001   0.000  0.513799  0.205035  0.151211  0.983820
    504   1     14  11   9    24     2.463   10673.150      455.7      688.0    425.990   2.463   0.001   0.000  0.513799  0.205035  0.151211  0.983820
    505   1     15  13   2    24     2.463   10673.150      256.3      387.0    239.586   2.463   0.001   0.000  0.513799  0.205035  0.151211  0.983820
    506   1     17  10   3    24     2.463   10673.150      850.7     1284.4    795.223   2.463   0.001   0.000  0.513799  0.205035  0.151211  0.983820
    507   1     18   7   5    24     2.463   10673.150       54.0       81.5     50.473   2.463   0.001   0.000  0.513799  0.205035  0.151211  0.983820
    508   1     19   6   1    24     2.463   10673.150      148.9      224.8    139.186   2.463   0.001   0.000  0.513799  0.205035  0.151211  0.983820
    509   1     14  10  10    24     2.476   10700.069      114.1      437.6    159.791   2.476   0.001   0.000  0.515095  0.204496  0.149762  0.983780
    510   1     14  14   2    24     2.476   10700.069      271.9     1042.9    380.788   2.476   0.001   0.000  0.515095  0.204496  0.149762  0.983780
    511   1     18   6   6    24     2.476   10700.069      869.3     3334.4   1217.445   2.476   0.001   0.000  0.515095  0.204496  0.149762  0.983780
    512   1     12  13   9    24     2.488   10727.192       82.2      151.6     44.950   2.488   0.001   0.000  0.516400  0.203954  0.148321  0.983739
    513   1     12  15   5    24     2.488   10727.192        4.2        7.7      2.287   2.488   0.001   0.000  0.516400  0.203954  0.148321  0.983739
    514   1     13  12   9    24     2.488   10727.192      570.3     1052.1    311.924   2.488   0.001   0.000  0.516400  0.203954  0.148321  0.983739
    515   1     13  15   0    12     2.488   10727.192      157.6      290.8     86.211   2.488   0.001   0.000  0.516400  0.203954  0.148321  0.983739
    516   1     15  12   5    24     2.488   10727.192       31.5       58.0     17.204   2.488   0.001   0.000  0.516400  0.203954  0.148321  0.983739
    517   1     15  13   0    12     2.488   10727.192        1.0        1.9      0.552   2.488   0.001   0.000  0.516400  0.203954  0.148321  0.983739
    518   1      8  18   2    24     2.501   10754.522      530.6     1315.0    305.165   2.501   0.001   0.000  0.517716  0.203412  0.146886  0.983698
    519   1     10  16   6    24     2.501   10754.522      857.3     2124.7    493.082   2.501   0.001   0.000  0.517716  0.203412  0.146886  0.983698
    520   1     14  14   0    12     2.501   10754.522       13.6       33.7      7.812   2.501   0.001   0.000  0.517716  0.203412  0.146886  0.983698
    521   1     16  10   6    24     2.501   10754.522      621.9     1541.4    357.705   2.501   0.001   0.000  0.517716  0.203412  0.146886  0.983698
    522   1     18   8   2    24     2.501   10754.522      662.0     1640.7    380.760   2.501   0.001   0.000  0.517716  0.203412  0.146886  0.983698
    523   1      5  19   2    24     2.514   10782.063       70.2      179.9     51.670   2.514   0.001   0.000  0.519042  0.202868  0.145459  0.983657
    524   1     10  17   1    24     2.514   10782.063      608.0     1557.8    447.389   2.514   0.001   0.000  0.519042  0.202868  0.145459  0.983657
    525   1     11  13  10    24     2.514   10782.063      143.4      367.5    105.539   2.514   0.001   0.000  0.519042  0.202868  0.145459  0.983657
    526   1     13  11  10    24     2.514   10782.063      222.3      569.5    163.554   2.514   0.001   0.000  0.519042  0.202868  0.145459  0.983657
    527   1     13  14   5    24     2.514   10782.063       39.9      102.2     29.362   2.514   0.001   0.000  0.519042  0.202868  0.145459  0.983657
    528   1     14  13   5    24     2.514   10782.063      734.4     1881.6    540.390   2.514   0.001   0.000  0.519042  0.202868  0.145459  0.983657
    529   1     17  10   1    24     2.514   10782.063      157.5      403.6    115.905   2.514   0.001   0.000  0.519042  0.202868  0.145459  0.983657
    530   1     19   5   2    24     2.514   10782.063      555.4     1423.0    408.687   2.514   0.001   0.000  0.519042  0.202868  0.145459  0.983657
    531   1      8  18   0    12     2.527   10809.816     1544.6     4211.3   1544.786   2.527   0.001   0.000  0.520378  0.202323  0.144039  0.983615
    532   1     12  12  10    24     2.527   10809.816      347.0      946.0    346.993   2.527   0.001   0.000  0.520378  0.202323  0.144039  0.983615
    533   1     18   8   0    12     2.527   10809.816        2.0        5.5      2.026   2.527   0.001   0.000  0.520378  0.202323  0.144039  0.983615
    534   1      4  19   3    24     2.540   10837.784       29.8      211.4    214.323   2.540   0.001   0.000  0.521724  0.201776  0.142627  0.983573
    535   1      5  19   0    12     2.540   10837.784       74.9      531.0    538.411   2.540   0.001   0.000  0.521724  0.201776  0.142627  0.983573
    536   1      9  16   7    24     2.540   10837.784       51.9      368.0    373.153   2.540   0.001   0.000  0.521724  0.201776  0.142627  0.983573
    537   1      9  17   4    24     2.540   10837.784      551.3     3910.9   3965.255   2.540   0.001   0.000  0.521724  0.201776  0.142627  0.983573
    538   1     11  16   3    24     2.540   10837.784      354.9     2518.0   2553.008   2.540   0.001   0.000  0.521724  0.201776  0.142627  0.983573
    539   1     12  11  11    24     2.540   10837.784       35.7      253.1    256.568   2.540   0.001   0.000  0.521724  0.201776  0.142627  0.983573
    540   1     16   9   7    24     2.540   10837.784       97.6      692.1    701.706   2.540   0.001   0.000  0.521724  0.201776  0.142627  0.983573

   No.  Code     H   K   L  Mult     Hw     2theta/TOF      Icalc       Iobs      Sigma    HwG     HwL     ETA     d-hkl  TOF_alpha  TOF_beta     CORR

    541   1     16  11   3    24     2.540   10837.784       13.7       97.0     98.373   2.540   0.001   0.000  0.521724  0.201776  0.142627  0.983573
    542   1     17   9   4    24     2.540   10837.784      196.0     1390.7   1409.989   2.540   0.001   0.000  0.521724  0.201776  0.142627  0.983573
    543   1     19   4   3    24     2.540   10837.784       24.3      172.7    175.052   2.540   0.001   0.000  0.521724  0.201776  0.142627  0.983573
    544   1     19   5   0    12     2.540   10837.784       78.2      554.5    562.177   2.540   0.001   0.000  0.521724  0.201776  0.142627  0.983573
    545   1     16   8   8    24     2.553   10865.972      100.3      437.7    179.870   2.553   0.001   0.000  0.523081  0.201228  0.141222  0.983531
    546   1      7  18   3    24     2.566   10894.380      738.0    15002.2  13988.665   2.566   0.001   0.000  0.524449  0.200679  0.139824  0.983488
    547   1     11  15   6    24     2.566   10894.380       15.9      324.1    302.164   2.566   0.001   0.000  0.524449  0.200679  0.139824  0.983488
    548   1     15  11   6    24     2.566   10894.380       15.4      313.5    292.278   2.566   0.001   0.000  0.524449  0.200679  0.139824  0.983488
    549   1     18   7   3    24     2.566   10894.380      239.9     4877.7   4548.215   2.566   0.001   0.000  0.524449  0.200679  0.139824  0.983488
    550   1      4  19   1    24     2.594   10951.870      576.7     1091.9    355.466   2.594   0.001   0.001  0.527216  0.199575  0.137050  0.983402
    551   1      8  17   5    24     2.594   10951.870      752.3     1424.4    463.680   2.594   0.001   0.001  0.527216  0.199575  0.137050  0.983402
    552   1     11  16   1    24     2.594   10951.870      143.3      271.3     88.328   2.594   0.001   0.001  0.527216  0.199575  0.137050  0.983402
    553   1     12  15   3    24     2.594   10951.870       84.8      160.6     52.270   2.594   0.001   0.001  0.527216  0.199575  0.137050  0.983402
    554   1     15  12   3    24     2.594   10951.870      354.4      671.0    218.446   2.594   0.001   0.001  0.527216  0.199575  0.137050  0.983402
    555   1     16  11   1    24     2.594   10951.870      690.9     1308.2    425.880   2.594   0.001   0.001  0.527216  0.199575  0.137050  0.983402
    556   1     17   8   5    24     2.594   10951.870      408.5      773.4    251.778   2.594   0.001   0.001  0.527216  0.199575  0.137050  0.983402
    557   1     19   4   1    24     2.594   10951.870      398.7      754.9    245.744   2.594   0.001   0.001  0.527216  0.199575  0.137050  0.983402
    558   1      6  18   4    24     2.608   10980.959      816.1     1013.7    201.828   2.607   0.001   0.001  0.528617  0.199022  0.135674  0.983358
    559   1     12  14   6    24     2.608   10980.959       46.7       58.0     11.549   2.607   0.001   0.001  0.528617  0.199022  0.135674  0.983358
    560   1     14  12   6    24     2.608   10980.959      989.2     1228.7    244.640   2.607   0.001   0.001  0.528617  0.199022  0.135674  0.983358
    561   1     18   6   4    24     2.608   10980.959      139.3      173.1     34.458   2.607   0.001   0.001  0.528617  0.199022  0.135674  0.983358
    562   1      3  19   2    24     2.622   11010.281      137.1      519.9    153.756   2.621   0.001   0.001  0.530028  0.198466  0.134305  0.983314
    563   1      7  17   6    24     2.622   11010.281     1751.6     6639.6   1963.748   2.621   0.001   0.001  0.530028  0.198466  0.134305  0.983314
    564   1      7  18   1    24     2.622   11010.281       70.2      266.0     78.687   2.621   0.001   0.001  0.530028  0.198466  0.134305  0.983314
    565   1      9  17   2    24     2.622   11010.281      130.9      496.2    146.763   2.621   0.001   0.001  0.530028  0.198466  0.134305  0.983314
    566   1     10  15   7    24     2.622   11010.281      650.4     2465.6    729.224   2.621   0.001   0.001  0.530028  0.198466  0.134305  0.983314
    567   1     13  13   6    24     2.622   11010.281      150.6      571.0    168.885   2.621   0.001   0.001  0.530028  0.198466  0.134305  0.983314
    568   1     13  14   3    24     2.622   11010.281      794.5     3011.8    890.786   2.621   0.001   0.001  0.530028  0.198466  0.134305  0.983314
    569   1     14  13   3    24     2.622   11010.281      266.5     1010.3    298.806   2.621   0.001   0.001  0.530028  0.198466  0.134305  0.983314
    570   1     15  10   7    24     2.622   11010.281      704.2     2669.2    789.449   2.621   0.001   0.001  0.530028  0.198466  0.134305  0.983314
    571   1     17   7   6    24     2.622   11010.281      197.0      746.7    220.858   2.621   0.001   0.001  0.530028  0.198466  0.134305  0.983314
    572   1     17   9   2    24     2.622   11010.281        4.6       17.5      5.179   2.621   0.001   0.001  0.530028  0.198466  0.134305  0.983314
    573   1     18   5   5    24     2.622   11010.281       82.3      311.9     92.242   2.621   0.001   0.001  0.530028  0.198466  0.134305  0.983314
    574   1     18   7   1    24     2.622   11010.281      322.1     1220.9    361.111   2.621   0.001   0.001  0.530028  0.198466  0.134305  0.983314
    575   1     19   3   2    24     2.622   11010.281     1442.2     5467.0   1616.939   2.621   0.001   0.001  0.530028  0.198466  0.134305  0.983314
    576   1     10  16   4    24     2.636   11039.839      200.4      615.0    272.381   2.635   0.001   0.001  0.531451  0.197909  0.132944  0.983270
    577   1     16  10   4    24     2.636   11039.839      587.6     1803.0    798.560   2.635   0.001   0.001  0.531451  0.197909  0.132944  0.983270
    578   1      3  19   0    12     2.650   11069.635       93.6        0.0   1568.278   2.650   0.001   0.001  0.532885  0.197351  0.131590  0.983225
    579   1      9  15   8    24     2.650   11069.635      219.1        0.0   3671.571   2.650   0.001   0.001  0.532885  0.197351  0.131590  0.983225
    580   1      9  17   0    12     2.650   11069.635       49.5        0.0    830.416   2.650   0.001   0.001  0.532885  0.197351  0.131590  0.983225
    581   1     12  15   1    24     2.650   11069.635       93.3        0.0   1564.059   2.650   0.001   0.001  0.532885  0.197351  0.131590  0.983225
    582   1     15   9   8    24     2.650   11069.635      552.7        0.0   9264.207   2.650   0.001   0.001  0.532885  0.197351  0.131590  0.983225
    583   1     15  12   1    24     2.650   11069.635      165.9        0.0   2781.271   2.650   0.001   0.001  0.532885  0.197351  0.131590  0.983225
    584   1     17   9   0    12     2.650   11069.635        1.1        0.0     18.170   2.650   0.001   0.001  0.532885  0.197351  0.131590  0.983225
    585   1     19   3   0    12     2.650   11069.635        9.6        0.0    161.626   2.650   0.001   0.001  0.532885  0.197351  0.131590  0.983225
    586   1      2  19   1    24     2.679   11129.961      273.2     1363.0    580.387   2.679   0.001   0.001  0.535789  0.196230  0.128903  0.983134
    587   1     11  14   7    24     2.679   11129.961      790.8     3945.4   1679.984   2.679   0.001   0.001  0.535789  0.196230  0.128903  0.983134
    588   1     13  14   1    24     2.679   11129.961      825.3     4117.8   1753.395   2.679   0.001   0.001  0.535789  0.196230  0.128903  0.983134
    589   1     14  11   7    24     2.679   11129.961      309.7     1545.1    657.912   2.679   0.001   0.001  0.535789  0.196230  0.128903  0.983134
    590   1     14  13   1    24     2.679   11129.961      990.3     4940.8   2103.814   2.679   0.001   0.001  0.535789  0.196230  0.128903  0.983134
    591   1     19   2   1    24     2.679   11129.961      178.0      888.1    378.165   2.679   0.001   0.001  0.535789  0.196230  0.128903  0.983134
    592   1      6  18   2    24     2.694   11160.496      224.9      429.5    243.949   2.693   0.001   0.001  0.537259  0.195667  0.127571  0.983088
    593   1     18   6   2    24     2.694   11160.496      179.4      342.6    194.613   2.693   0.001   0.001  0.537259  0.195667  0.127571  0.983088
    594   1      1  19   0    12     2.709   11191.284       26.7       45.3     13.471   2.708   0.001   0.001  0.538741  0.195103  0.126246  0.983042
    595   1      8  17   3    24     2.709   11191.284      256.0      435.4    129.420   2.708   0.001   0.001  0.538741  0.195103  0.126246  0.983042
    596   1      9  16   5    24     2.709   11191.284       48.4       82.2     24.443   2.708   0.001   0.001  0.538741  0.195103  0.126246  0.983042
    597   1     11  15   4    24     2.709   11191.284       14.9       25.3      7.524   2.708   0.001   0.001  0.538741  0.195103  0.126246  0.983042
    598   1     12  13   7    24     2.709   11191.284      365.6      621.8    184.808   2.708   0.001   0.001  0.538741  0.195103  0.126246  0.983042
    599   1     13  12   7    24     2.709   11191.284      224.3      381.4    113.358   2.708   0.001   0.001  0.538741  0.195103  0.126246  0.983042
    600   1     15  11   4    24     2.709   11191.284       18.8       32.0      9.508   2.708   0.001   0.001  0.538741  0.195103  0.126246  0.983042

   No.  Code     H   K   L  Mult     Hw     2theta/TOF      Icalc       Iobs      Sigma    HwG     HwL     ETA     d-hkl  TOF_alpha  TOF_beta     CORR

    601   1     16   9   5    24     2.709   11191.284      162.7      276.8     82.262   2.708   0.001   0.001  0.538741  0.195103  0.126246  0.983042
    602   1     17   8   3    24     2.709   11191.284      200.7      341.4    101.469   2.708   0.001   0.001  0.538741  0.195103  0.126246  0.983042
    603   1     19   1   0    12     2.709   11191.284      269.0      457.5    135.984   2.708   0.001   0.001  0.538741  0.195103  0.126246  0.983042
    604   1      6  18   0    12     2.724   11222.327        0.4        0.5      0.267   2.723   0.001   0.001  0.540236  0.194537  0.124929  0.982996
    605   1     10  14   8    24     2.724   11222.327      355.4      476.2    254.068   2.723   0.001   0.001  0.540236  0.194537  0.124929  0.982996
    606   1     10  16   2    24     2.724   11222.327     1633.7     2189.3   1168.031   2.723   0.001   0.001  0.540236  0.194537  0.124929  0.982996
    607   1     14  10   8    24     2.724   11222.327      896.8     1201.8    641.188   2.723   0.001   0.001  0.540236  0.194537  0.124929  0.982996
    608   1     16  10   2    24     2.724   11222.327      629.4      843.5    450.000   2.723   0.001   0.001  0.540236  0.194537  0.124929  0.982996
    609   1     18   6   0    12     2.724   11222.327      146.5      196.3    104.744   2.723   0.001   0.001  0.540236  0.194537  0.124929  0.982996
    610   1      5  18   3    24     2.739   11253.631      277.4      246.1    103.545   2.738   0.001   0.001  0.541743  0.193969  0.123618  0.982949
    611   1     14   9   9    24     2.739   11253.631      927.8      823.0    346.289   2.738   0.001   0.001  0.541743  0.193969  0.123618  0.982949
    612   1     18   5   3    24     2.739   11253.631      704.3      624.7    262.855   2.738   0.001   0.001  0.541743  0.193969  0.123618  0.982949
    613   1      8  16   6    24     2.754   11285.197     1061.5     1567.8    537.431   2.754   0.001   0.001  0.543262  0.193400  0.122315  0.982901
    614   1     10  16   0    12     2.754   11285.197       13.7       20.2      6.915   2.754   0.001   0.001  0.543262  0.193400  0.122315  0.982901
    615   1     12  14   4    24     2.754   11285.197     1284.6     1897.2    650.349   2.754   0.001   0.001  0.543262  0.193400  0.122315  0.982901
    616   1     14  12   4    24     2.754   11285.197       73.3      108.3     37.119   2.754   0.001   0.001  0.543262  0.193400  0.122315  0.982901
    617   1     16   8   6    24     2.754   11285.197      310.3      458.2    157.076   2.754   0.001   0.001  0.543262  0.193400  0.122315  0.982901
    618   1     16  10   0    12     2.754   11285.197      430.3      635.6    217.869   2.754   0.001   0.001  0.543262  0.193400  0.122315  0.982901
    619   1     18   4   4    24     2.754   11285.197     1771.1     2615.9    896.677   2.754   0.001   0.001  0.543262  0.193400  0.122315  0.982901
    620   1      7  17   4    24     2.770   11317.031      151.4      689.1    320.638   2.769   0.001   0.001  0.544795  0.192829  0.121020  0.982853
    621   1      8  17   1    24     2.770   11317.031      105.4      480.1    223.383   2.769   0.001   0.001  0.544795  0.192829  0.121020  0.982853
    622   1     11  13   8    24     2.770   11317.031      319.3     1453.6    676.332   2.769   0.001   0.001  0.544795  0.192829  0.121020  0.982853
    623   1     13  11   8    24     2.770   11317.031      545.9     2485.3   1156.389   2.769   0.001   0.001  0.544795  0.192829  0.121020  0.982853
    624   1     13  13   4    24     2.770   11317.031      318.8     1451.6    675.416   2.769   0.001   0.001  0.544795  0.192829  0.121020  0.982853
    625   1     16   7   7    24     2.770   11317.031       87.1      396.8    184.614   2.769   0.001   0.001  0.544795  0.192829  0.121020  0.982853
    626   1     17   7   4    24     2.770   11317.031       53.5      243.7    113.389   2.769   0.001   0.001  0.544795  0.192829  0.121020  0.982853
    627   1     17   8   1    24     2.770   11317.031     1432.5     6521.9   3034.539   2.769   0.001   0.001  0.544795  0.192829  0.121020  0.982853
    628   1     12  12   8    24     2.786   11349.138      494.1      382.9    244.136   2.785   0.001   0.001  0.546340  0.192257  0.119731  0.982805
    629   1      5  18   1    24     2.802   11381.518       81.9      357.8    422.189   2.801   0.001   0.001  0.547899  0.191683  0.118450  0.982757
    630   1      6  17   5    24     2.802   11381.518      150.0      655.3    773.163   2.801   0.001   0.001  0.547899  0.191683  0.118450  0.982757
    631   1     10  13   9    24     2.802   11381.518       72.4      316.2    373.130   2.801   0.001   0.001  0.547899  0.191683  0.118450  0.982757
    632   1     10  15   5    24     2.802   11381.518      451.1     1970.6   2325.091   2.801   0.001   0.001  0.547899  0.191683  0.118450  0.982757
    633   1     11  15   2    24     2.802   11381.518     1943.5     8490.0  10017.410   2.801   0.001   0.001  0.547899  0.191683  0.118450  0.982757
    634   1     13  10   9    24     2.802   11381.518      355.4     1552.4   1831.630   2.801   0.001   0.001  0.547899  0.191683  0.118450  0.982757
    635   1     15  10   5    24     2.802   11381.518      453.2     1979.6   2335.746   2.801   0.001   0.001  0.547899  0.191683  0.118450  0.982757
    636   1     15  11   2    24     2.802   11381.518      638.7     2790.2   3292.114   2.801   0.001   0.001  0.547899  0.191683  0.118450  0.982757
    637   1     17   6   5    24     2.802   11381.518      521.0     2275.9   2685.325   2.801   0.001   0.001  0.547899  0.191683  0.118450  0.982757
    638   1     18   5   1    24     2.802   11381.518       13.4       58.5     68.994   2.801   0.001   0.001  0.547899  0.191683  0.118450  0.982757
    639   1      9  16   3    24     2.834   11447.116      395.4      483.0    167.829   2.833   0.001   0.001  0.551057  0.190530  0.115910  0.982658
    640   1     11  12   9    24     2.834   11447.116      108.8      132.9     46.186   2.833   0.001   0.001  0.551057  0.190530  0.115910  0.982658
    641   1     11  15   0    12     2.834   11447.116      210.3      257.0     89.279   2.833   0.001   0.001  0.551057  0.190530  0.115910  0.982658
    642   1     12  11   9    24     2.834   11447.116      555.5      678.7    235.827   2.833   0.001   0.001  0.551057  0.190530  0.115910  0.982658
    643   1     15  11   0    12     2.834   11447.116        2.5        3.1      1.078   2.833   0.001   0.001  0.551057  0.190530  0.115910  0.982658
    644   1     16   9   3    24     2.834   11447.116      579.8      708.3    246.102   2.833   0.001   0.001  0.551057  0.190530  0.115910  0.982658
    645   1      4  18   2    24     2.850   11480.346     1094.4     1917.2    473.971   2.850   0.001   0.001  0.552657  0.189951  0.114650  0.982608
    646   1     12  10  10    24     2.850   11480.346      661.9     1159.7    286.689   2.850   0.001   0.001  0.552657  0.189951  0.114650  0.982608
    647   1     12  14   2    24     2.850   11480.346     1130.8     1981.0    489.727   2.850   0.001   0.001  0.552657  0.189951  0.114650  0.982608
    648   1     14  12   2    24     2.850   11480.346     2255.1     3950.7    976.675   2.850   0.001   0.001  0.552657  0.189951  0.114650  0.982608
    649   1     18   4   2    24     2.850   11480.346      206.4      361.6     89.390   2.850   0.001   0.001  0.552657  0.189951  0.114650  0.982608
    650   1      7  17   2    24     2.867   11513.865      575.9      727.7    693.611   2.867   0.001   0.001  0.554270  0.189370  0.113398  0.982558
    651   1      9  15   6    24     2.867   11513.865       50.6       63.9     60.951   2.867   0.001   0.001  0.554270  0.189370  0.113398  0.982558
    652   1     11  11  10    24     2.867   11513.865     1318.8     1666.4   1588.283   2.867   0.001   0.001  0.554270  0.189370  0.113398  0.982558
    653   1     11  14   5    24     2.867   11513.865     1061.5     1341.3   1278.401   2.867   0.001   0.001  0.554270  0.189370  0.113398  0.982558
    654   1     13  13   2    24     2.867   11513.865      708.7      895.5    853.556   2.867   0.001   0.001  0.554270  0.189370  0.113398  0.982558
    655   1     14  11   5    24     2.867   11513.865       90.1      113.8    108.461   2.867   0.001   0.001  0.554270  0.189370  0.113398  0.982558
    656   1     15   9   6    24     2.867   11513.865      113.2      143.0    136.285   2.867   0.001   0.001  0.554270  0.189370  0.113398  0.982558
    657   1     17   7   2    24     2.867   11513.865      247.9      313.2    298.508   2.867   0.001   0.001  0.554270  0.189370  0.113398  0.982558
    658   1     18   3   3    24     2.867   11513.865      513.1      648.4    617.968   2.867   0.001   0.001  0.554270  0.189370  0.113398  0.982558
    659   1      4  18   0    12     2.884   11547.680      602.7      466.8    365.785   2.883   0.001   0.001  0.555898  0.188788  0.112154  0.982507
    660   1     12  14   0    12     2.884   11547.680      277.4      214.9    168.366   2.883   0.001   0.001  0.555898  0.188788  0.112154  0.982507

   No.  Code     H   K   L  Mult     Hw     2theta/TOF      Icalc       Iobs      Sigma    HwG     HwL     ETA     d-hkl  TOF_alpha  TOF_beta     CORR

    661   1     14  12   0    12     2.884   11547.680       63.8       49.4     38.725   2.883   0.001   0.001  0.555898  0.188788  0.112154  0.982507
    662   1     18   4   0    12     2.884   11547.680       31.4       24.4     19.082   2.883   0.001   0.001  0.555898  0.188788  0.112154  0.982507
    663   1      7  17   0    12     2.901   11581.794      821.0       53.2   2382.421   2.901   0.001   0.000  0.557540  0.188204  0.110917  0.982456
    664   1      8  15   7    24     2.901   11581.794     1051.5       68.1   3051.504   2.901   0.001   0.000  0.557540  0.188204  0.110917  0.982456
    665   1      9  16   1    24     2.901   11581.794      798.8       51.7   2318.162   2.901   0.001   0.000  0.557540  0.188204  0.110917  0.982456
    666   1     12  13   5    24     2.901   11581.794      351.8       22.8   1020.800   2.901   0.001   0.000  0.557540  0.188204  0.110917  0.982456
    667   1     13  12   5    24     2.901   11581.794     1212.9       78.5   3519.792   2.901   0.001   0.000  0.557540  0.188204  0.110917  0.982456
    668   1     13  13   0    12     2.901   11581.794       13.9        0.9     40.441   2.901   0.001   0.000  0.557540  0.188204  0.110917  0.982456
    669   1     15   8   7    24     2.901   11581.794        8.8        0.6     25.492   2.901   0.001   0.000  0.557540  0.188204  0.110917  0.982456
    670   1     16   9   1    24     2.901   11581.794       10.1        0.7     29.182   2.901   0.001   0.000  0.557540  0.188204  0.110917  0.982456
    671   1     17   7   0    12     2.901   11581.794       33.9        2.2     98.247   2.901   0.001   0.000  0.557540  0.188204  0.110917  0.982456
    672   1      8  16   4    24     2.918   11616.212       86.7      153.9    100.998   2.918   0.001   0.000  0.559197  0.187618  0.109687  0.982405
    673   1     16   8   4    24     2.918   11616.212       24.2       42.9     28.153   2.918   0.001   0.000  0.559197  0.187618  0.109687  0.982405
    674   1      3  18   1    24     2.936   11650.940     1010.2     2822.8   1711.142   2.935   0.001   0.000  0.560869  0.187031  0.108464  0.982352
    675   1      6  17   3    24     2.936   11650.940      226.2      632.2    383.211   2.935   0.001   0.000  0.560869  0.187031  0.108464  0.982352
    676   1     10  15   3    24     2.936   11650.940      978.8     2735.0   1657.963   2.935   0.001   0.000  0.560869  0.187031  0.108464  0.982352
    677   1     15  10   3    24     2.936   11650.940      292.9      818.3    496.066   2.935   0.001   0.000  0.560869  0.187031  0.108464  0.982352
    678   1     17   6   3    24     2.936   11650.940      323.2      903.0    547.408   2.935   0.001   0.000  0.560869  0.187031  0.108464  0.982352
    679   1     18   3   1    24     2.936   11650.940       24.7       69.1     41.867   2.935   0.001   0.000  0.560869  0.187031  0.108464  0.982352
    680   1     10  14   6    24     2.954   11685.980       12.4       26.3     11.155   2.953   0.001   0.000  0.562556  0.186441  0.107248  0.982300
    681   1     14  10   6    24     2.954   11685.980        5.5       11.6      4.920   2.953   0.001   0.000  0.562556  0.186441  0.107248  0.982300
    682   1     18   2   2    24     2.954   11685.980      753.1     1603.8    679.423   2.953   0.001   0.000  0.562556  0.186441  0.107248  0.982300
    683   1      5  17   4    24     2.971   11721.338     1882.2     8792.8   2643.389   2.971   0.001   0.000  0.564258  0.185850  0.106040  0.982247
    684   1      7  16   5    24     2.971   11721.338       95.2      444.6    133.671   2.971   0.001   0.000  0.564258  0.185850  0.106040  0.982247
    685   1     16   7   5    24     2.971   11721.338      455.3     2126.8    639.396   2.971   0.001   0.000  0.564258  0.185850  0.106040  0.982247
    686   1     17   5   4    24     2.971   11721.338      865.4     4042.7   1215.357   2.971   0.001   0.000  0.564258  0.185850  0.106040  0.982247
    687   1      2  18   0    12     2.990   11757.021      141.0      204.4     62.704   2.989   0.001   0.000  0.565976  0.185257  0.104840  0.982193
    688   1     16   6   6    24     2.990   11757.021      653.1      946.9    290.499   2.989   0.001   0.000  0.565976  0.185257  0.104840  0.982193
    689   1     18   2   0    12     2.990   11757.021       26.9       39.1     11.987   2.989   0.001   0.000  0.565976  0.185257  0.104840  0.982193
    690   1      6  17   1    24     3.008   11793.030       24.2       49.0      8.972   3.007   0.001   0.000  0.567709  0.184663  0.103646  0.982139
    691   1      9  14   7    24     3.008   11793.030     1674.0     3390.7    621.117   3.007   0.001   0.000  0.567709  0.184663  0.103646  0.982139
    692   1     10  15   1    24     3.008   11793.030      343.8      696.4    127.565   3.007   0.001   0.000  0.567709  0.184663  0.103646  0.982139
    693   1     11  13   6    24     3.008   11793.030     1720.0     3483.9    638.186   3.007   0.001   0.000  0.567709  0.184663  0.103646  0.982139
    694   1     11  14   3    24     3.008   11793.030      241.0      488.1     89.416   3.007   0.001   0.000  0.567709  0.184663  0.103646  0.982139
    695   1     13  11   6    24     3.008   11793.030      655.0     1326.8    243.042   3.007   0.001   0.000  0.567709  0.184663  0.103646  0.982139
    696   1     14   9   7    24     3.008   11793.030      143.7      291.1     53.327   3.007   0.001   0.000  0.567709  0.184663  0.103646  0.982139
    697   1     14  11   3    24     3.008   11793.030       54.6      110.6     20.267   3.007   0.001   0.000  0.567709  0.184663  0.103646  0.982139
    698   1     15  10   1    24     3.008   11793.030       60.4      122.3     22.403   3.007   0.001   0.000  0.567709  0.184663  0.103646  0.982139
    699   1     17   6   1    24     3.008   11793.030     3576.9     7245.0   1327.159   3.007   0.001   0.000  0.567709  0.184663  0.103646  0.982139
    700   1     18   1   1    24     3.008   11793.030      794.6     1609.4    294.822   3.007   0.001   0.000  0.567709  0.184663  0.103646  0.982139
    701   1      8  16   2    24     3.026   11829.370      154.4      166.3     91.714   3.026   0.001   0.000  0.569459  0.184066  0.102460  0.982085
    702   1     12  12   6    24     3.026   11829.370      511.8      551.2    303.981   3.026   0.001   0.000  0.569459  0.184066  0.102460  0.982085
    703   1     14   8   8    24     3.026   11829.370     3892.7     4192.3   2312.194   3.026   0.001   0.000  0.569459  0.184066  0.102460  0.982085
    704   1     16   8   2    24     3.026   11829.370      593.8      639.5    352.696   3.026   0.001   0.000  0.569459  0.184066  0.102460  0.982085
    705   1     18   0   0     6     3.026   11829.370     2271.8     2446.7   1349.453   3.026   0.001   0.000  0.569459  0.184066  0.102460  0.982085
    706   1      9  15   4    24     3.045   11866.052     1584.5     3320.6   1585.628   3.045   0.001   0.000  0.571224  0.183468  0.101281  0.982030
    707   1     12  13   3    24     3.045   11866.052       75.0      157.1     75.015   3.045   0.001   0.000  0.571224  0.183468  0.101281  0.982030
    708   1     13  12   3    24     3.045   11866.052      643.0     1347.6    643.480   3.045   0.001   0.000  0.571224  0.183468  0.101281  0.982030
    709   1     15   9   4    24     3.045   11866.052       51.2      107.3     51.235   3.045   0.001   0.000  0.571224  0.183468  0.101281  0.982030
    710   1      8  16   0    12     3.064   11903.077      537.8     1248.2    486.857   3.064   0.001   0.000  0.573007  0.182867  0.100109  0.981974
    711   1     16   8   0    12     3.064   11903.077     1340.3     3110.6   1213.305   3.064   0.001   0.000  0.573007  0.182867  0.100109  0.981974
    712   1      5  17   2    24     3.084   11940.448      647.0        0.0   2255.851   3.083   0.001   0.000  0.574806  0.182265  0.098945  0.981918
    713   1     10  13   7    24     3.084   11940.448      203.1        0.0    707.959   3.083   0.001   0.000  0.574806  0.182265  0.098945  0.981918
    714   1     11  14   1    24     3.084   11940.448      261.2        0.0    910.745   3.083   0.001   0.000  0.574806  0.182265  0.098945  0.981918
    715   1     13  10   7    24     3.084   11940.448     1557.4        0.0   5430.007   3.083   0.001   0.000  0.574806  0.182265  0.098945  0.981918
    716   1     14  11   1    24     3.084   11940.448      614.2        0.0   2141.630   3.083   0.001   0.000  0.574806  0.182265  0.098945  0.981918
    717   1     17   5   2    24     3.084   11940.448       11.6        0.0     40.609   3.083   0.001   0.000  0.574806  0.182265  0.098945  0.981918
    718   1      4  17   3    24     3.123   12016.261       49.4      151.7     41.095   3.122   0.001   0.000  0.578455  0.181055  0.096638  0.981805
    719   1      5  17   0    12     3.123   12016.261        2.3        7.1      1.930   3.122   0.001   0.000  0.578455  0.181055  0.096638  0.981805
    720   1      7  16   3    24     3.123   12016.261     1653.5     5080.9   1376.242   3.122   0.001   0.000  0.578455  0.181055  0.096638  0.981805

   No.  Code     H   K   L  Mult     Hw     2theta/TOF      Icalc       Iobs      Sigma    HwG     HwL     ETA     d-hkl  TOF_alpha  TOF_beta     CORR

    721   1      8  15   5    24     3.123   12016.261      414.1     1272.5    344.683   3.122   0.001   0.000  0.578455  0.181055  0.096638  0.981805
    722   1      9  13   8    24     3.123   12016.261     1861.2     5719.3   1549.146   3.122   0.001   0.000  0.578455  0.181055  0.096638  0.981805
    723   1     11  12   7    24     3.123   12016.261     1254.3     3854.1   1043.936   3.122   0.001   0.000  0.578455  0.181055  0.096638  0.981805
    724   1     12  11   7    24     3.123   12016.261      167.2      513.7    139.139   3.122   0.001   0.000  0.578455  0.181055  0.096638  0.981805
    725   1     12  13   1    24     3.123   12016.261      241.3      741.5    200.853   3.122   0.001   0.000  0.578455  0.181055  0.096638  0.981805
    726   1     13   9   8    24     3.123   12016.261      268.9      826.3    223.802   3.122   0.001   0.000  0.578455  0.181055  0.096638  0.981805
    727   1     13  12   1    24     3.123   12016.261      102.4      314.5     85.189   3.122   0.001   0.000  0.578455  0.181055  0.096638  0.981805
    728   1     15   8   5    24     3.123   12016.261     1112.9     3419.8    926.311   3.122   0.001   0.000  0.578455  0.181055  0.096638  0.981805
    729   1     16   7   3    24     3.123   12016.261     1243.6     3821.4   1035.081   3.122   0.001   0.000  0.578455  0.181055  0.096638  0.981805
    730   1     17   4   3    24     3.123   12016.261     2062.5     6337.6   1716.611   3.122   0.001   0.000  0.578455  0.181055  0.096638  0.981805
    731   1     17   5   0    12     3.123   12016.261      175.8      540.2    146.321   3.122   0.001   0.000  0.578455  0.181055  0.096638  0.981805
    732   1     10  14   4    24     3.143   12054.713      152.7      232.6     88.303   3.142   0.001   0.000  0.580306  0.180448  0.095496  0.981747
    733   1     14  10   4    24     3.143   12054.713      616.9      939.8    356.785   3.142   0.001   0.000  0.580306  0.180448  0.095496  0.981747
    734   1      7  15   6    24     3.163   12093.537     1994.4     3280.0    698.526   3.162   0.001   0.000  0.582175  0.179838  0.094361  0.981689
    735   1      9  15   2    24     3.163   12093.537      141.1      232.1     49.426   3.162   0.001   0.000  0.582175  0.179838  0.094361  0.981689
    736   1     15   7   6    24     3.163   12093.537     2442.1     4016.3    855.342   3.162   0.001   0.000  0.582175  0.179838  0.094361  0.981689
    737   1     15   9   2    24     3.163   12093.537     5108.9     8402.2   1789.395   3.162   0.001   0.000  0.582175  0.179838  0.094361  0.981689
    738   1      6  16   4    24     3.184   12132.738      659.0     1191.9    297.191   3.183   0.001   0.000  0.584063  0.179226  0.093233  0.981630
    739   1     10  12   8    24     3.184   12132.738     1402.7     2536.9    632.550   3.183   0.001   0.000  0.584063  0.179226  0.093233  0.981630
    740   1     12  10   8    24     3.184   12132.738     5423.2     9808.1   2445.579   3.183   0.001   0.000  0.584063  0.179226  0.093233  0.981630
    741   1     16   6   4    24     3.184   12132.738     2179.3     3941.3    982.736   3.183   0.001   0.000  0.584063  0.179226  0.093233  0.981630
    742   1      4  17   1    24     3.204   12172.323       62.8      267.7    133.879   3.204   0.001   0.000  0.585968  0.178612  0.092112  0.981571
    743   1      7  16   1    24     3.204   12172.323      130.7      557.5    278.767   3.204   0.001   0.000  0.585968  0.178612  0.092112  0.981571
    744   1      9  15   0    12     3.204   12172.323      312.4     1332.8    666.448   3.204   0.001   0.000  0.585968  0.178612  0.092112  0.981571
    745   1     11  11   8    24     3.204   12172.323      280.4     1196.1    598.127   3.204   0.001   0.000  0.585968  0.178612  0.092112  0.981571
    746   1     11  13   4    24     3.204   12172.323      975.8     4162.7   2081.603   3.204   0.001   0.000  0.585968  0.178612  0.092112  0.981571
    747   1     12   9   9    24     3.204   12172.323     1119.5     4775.7   2388.123   3.204   0.001   0.000  0.585968  0.178612  0.092112  0.981571
    748   1     13  11   4    24     3.204   12172.323       53.1      226.7    113.342   3.204   0.001   0.000  0.585968  0.178612  0.092112  0.981571
    749   1     15   9   0    12     3.204   12172.323      222.6      949.6    474.855   3.204   0.001   0.000  0.585968  0.178612  0.092112  0.981571
    750   1     16   5   5    24     3.204   12172.323      566.0     2414.7   1207.504   3.204   0.001   0.000  0.585968  0.178612  0.092112  0.981571
    751   1     16   7   1    24     3.204   12172.323     1048.8     4474.4   2237.458   3.204   0.001   0.000  0.585968  0.178612  0.092112  0.981571
    752   1     17   4   1    24     3.204   12172.323      851.7     3633.5   1816.955   3.204   0.001   0.000  0.585968  0.178612  0.092112  0.981571
    753   1     12  12   4    24     3.226   12212.299       33.3      115.2     70.379   3.225   0.001   0.000  0.587892  0.177997  0.090999  0.981511
    754   1      3  17   2    24     3.247   12252.669      105.5      308.3    170.737   3.246   0.001   0.000  0.589836  0.177379  0.089893  0.981450
    755   1      9  14   5    24     3.247   12252.669      567.8     1658.8    918.544   3.246   0.001   0.000  0.589836  0.177379  0.089893  0.981450
    756   1     10  11   9    24     3.247   12252.669      834.4     2437.7   1349.855   3.246   0.001   0.000  0.589836  0.177379  0.089893  0.981450
    757   1     11  10   9    24     3.247   12252.669     1016.4     2969.4   1644.245   3.246   0.001   0.000  0.589836  0.177379  0.089893  0.981450
    758   1     14   9   5    24     3.247   12252.669      857.6     2505.7   1387.490   3.246   0.001   0.000  0.589836  0.177379  0.089893  0.981450
    759   1     17   3   2    24     3.247   12252.669       57.1      166.8     92.338   3.246   0.001   0.000  0.589836  0.177379  0.089893  0.981450
    760   1     10  10  10     8     3.269   12293.443       67.5      197.4    180.941   3.268   0.001   0.000  0.591799  0.176759  0.088795  0.981389
    761   1     10  14   2    24     3.269   12293.443       91.6      267.9    245.596   3.268   0.001   0.000  0.591799  0.176759  0.088795  0.981389
    762   1     14  10   2    24     3.269   12293.443      423.2     1237.1   1134.261   3.268   0.001   0.000  0.591799  0.176759  0.088795  0.981389
    763   1      3  17   0    12     3.290   12334.628       45.8       42.5     33.037   3.290   0.001   0.000  0.593781  0.176137  0.087703  0.981327
    764   1      8  15   3    24     3.290   12334.628      588.1      545.6    424.136   3.290   0.001   0.000  0.593781  0.176137  0.087703  0.981327
    765   1     15   8   3    24     3.290   12334.628      622.2      577.3    448.721   3.290   0.001   0.000  0.593781  0.176137  0.087703  0.981327
    766   1     17   3   0    12     3.290   12334.628       83.3       77.3     60.055   3.290   0.001   0.000  0.593781  0.176137  0.087703  0.981327
    767   1      6  16   2    24     3.313   12376.229     3068.6     4289.4   1498.921   3.312   0.001   0.000  0.595784  0.175513  0.086619  0.981265
    768   1      8  14   6    24     3.313   12376.229      334.1      467.0    163.202   3.312   0.001   0.000  0.595784  0.175513  0.086619  0.981265
    769   1     10  14   0    12     3.313   12376.229      677.7      947.2    331.010   3.312   0.001   0.000  0.595784  0.175513  0.086619  0.981265
    770   1     14   8   6    24     3.313   12376.229     1616.1     2259.0    789.419   3.312   0.001   0.000  0.595784  0.175513  0.086619  0.981265
    771   1     14  10   0    12     3.313   12376.229     1481.0     2070.2    723.412   3.312   0.001   0.000  0.595784  0.175513  0.086619  0.981265
    772   1     16   6   2    24     3.313   12376.229      102.0      142.6     49.846   3.312   0.001   0.000  0.595784  0.175513  0.086619  0.981265
    773   1      2  17   1    24     3.335   12418.254     1347.7     4239.1   1352.584   3.335   0.001   0.000  0.597807  0.174887  0.085543  0.981202
    774   1     10  13   5    24     3.335   12418.254     1783.0     5608.5   1789.518   3.335   0.001   0.000  0.597807  0.174887  0.085543  0.981202
    775   1     11  13   2    24     3.335   12418.254      151.5      476.5    152.030   3.335   0.001   0.000  0.597807  0.174887  0.085543  0.981202
    776   1     13  10   5    24     3.335   12418.254     1722.6     5418.3   1728.840   3.335   0.001   0.000  0.597807  0.174887  0.085543  0.981202
    777   1     13  11   2    24     3.335   12418.254      569.4     1791.0    571.457   3.335   0.001   0.000  0.597807  0.174887  0.085543  0.981202
    778   1     14   7   7    24     3.335   12418.254      374.6     1178.2    375.942   3.335   0.001   0.000  0.597807  0.174887  0.085543  0.981202
    779   1     17   2   1    24     3.335   12418.254      202.2      635.9    202.899   3.335   0.001   0.000  0.597807  0.174887  0.085543  0.981202
    780   1      6  16   0    12     3.358   12460.708      813.0      393.7    546.958   3.357   0.001   0.000  0.599851  0.174259  0.084473  0.981138

   No.  Code     H   K   L  Mult     Hw     2theta/TOF      Icalc       Iobs      Sigma    HwG     HwL     ETA     d-hkl  TOF_alpha  TOF_beta     CORR

    781   1     12  12   2    24     3.358   12460.708       33.6       16.3     22.612   3.357   0.001   0.000  0.599851  0.174259  0.084473  0.981138
    782   1     16   6   0    12     3.358   12460.708       19.3        9.4     12.993   3.357   0.001   0.000  0.599851  0.174259  0.084473  0.981138
    783   1      1  17   0    12     3.381   12503.603     1176.6     2264.9    472.976   3.381   0.001   0.000  0.601916  0.173628  0.083411  0.981074
    784   1      5  16   3    24     3.381   12503.603     1704.8     3281.5    685.277   3.381   0.001   0.000  0.601916  0.173628  0.083411  0.981074
    785   1      7  15   4    24     3.381   12503.603      612.9     1179.8    246.375   3.381   0.001   0.000  0.601916  0.173628  0.083411  0.981074
    786   1      8  15   1    24     3.381   12503.603      909.9     1751.4    365.754   3.381   0.001   0.000  0.601916  0.173628  0.083411  0.981074
    787   1     11  12   5    24     3.381   12503.603      534.9     1029.7    215.022   3.381   0.001   0.000  0.601916  0.173628  0.083411  0.981074
    788   1     11  13   0    12     3.381   12503.603       16.1       31.0      6.470   3.381   0.001   0.000  0.601916  0.173628  0.083411  0.981074
    789   1     12  11   5    24     3.381   12503.603     3990.8     7681.7   1604.161   3.381   0.001   0.000  0.601916  0.173628  0.083411  0.981074
    790   1     13  11   0    12     3.381   12503.603      124.5      239.7     50.063   3.381   0.001   0.000  0.601916  0.173628  0.083411  0.981074
    791   1     15   7   4    24     3.381   12503.603      802.0     1543.8    322.381   3.381   0.001   0.000  0.601916  0.173628  0.083411  0.981074
    792   1     15   8   1    24     3.381   12503.603       75.8      145.9     30.477   3.381   0.001   0.000  0.601916  0.173628  0.083411  0.981074
    793   1     16   5   3    24     3.381   12503.603      868.7     1672.2    349.196   3.381   0.001   0.000  0.601916  0.173628  0.083411  0.981074
    794   1     17   1   0    12     3.381   12503.603       22.5       43.2      9.028   3.381   0.001   0.000  0.601916  0.173628  0.083411  0.981074
    795   1     12  12   0    12     3.405   12546.943     2996.2     4612.6   1407.243   3.404   0.001   0.000  0.604002  0.172996  0.082356  0.981009
    796   1     16   4   4    24     3.405   12546.943     2897.6     4460.9   1360.939   3.404   0.001   0.000  0.604002  0.172996  0.082356  0.981009
    797   1      6  15   5    24     3.428   12590.737      961.8     2876.3   1082.495   3.428   0.001   0.000  0.606110  0.172361  0.081309  0.980944
    798   1      9  13   6    24     3.428   12590.737      328.7      983.1    370.003   3.428   0.001   0.000  0.606110  0.172361  0.081309  0.980944
    799   1      9  14   3    24     3.428   12590.737     5798.2    17339.8   6525.839   3.428   0.001   0.000  0.606110  0.172361  0.081309  0.980944
    800   1     13   9   6    24     3.428   12590.737      786.5     2352.0    885.157   3.428   0.001   0.000  0.606110  0.172361  0.081309  0.980944
    801   1     14   9   3    24     3.428   12590.737     1532.4     4582.8   1724.746   3.428   0.001   0.000  0.606110  0.172361  0.081309  0.980944
    802   1     15   6   5    24     3.428   12590.737      129.8      388.1    146.071   3.428   0.001   0.000  0.606110  0.172361  0.081309  0.980944
    803   1      5  16   1    24     3.477   12679.719      310.3      616.0    418.314   3.476   0.001   0.000  0.610394  0.171085  0.079236  0.980810
    804   1      8  13   7    24     3.477   12679.719      933.4     1852.8   1258.306   3.476   0.001   0.000  0.610394  0.171085  0.079236  0.980810
    805   1     13   8   7    24     3.477   12679.719      592.6     1176.3    798.883   3.476   0.001   0.000  0.610394  0.171085  0.079236  0.980810
    806   1     16   5   1    24     3.477   12679.719      985.3     1955.8   1328.256   3.476   0.001   0.000  0.610394  0.171085  0.079236  0.980810
    807   1     10  12   6    24     3.502   12724.924      424.9       74.5    302.986   3.501   0.001   0.000  0.612570  0.170443  0.078210  0.980743
    808   1     12  10   6    24     3.502   12724.924      813.2      142.6    579.804   3.501   0.001   0.000  0.612570  0.170443  0.078210  0.980743
    809   1      7  15   2    24     3.527   12770.614     2743.5     1292.0    914.674   3.527   0.001   0.000  0.614769  0.169799  0.077192  0.980674
    810   1      9  14   1    24     3.527   12770.614     1705.1      803.0    568.453   3.527   0.001   0.000  0.614769  0.169799  0.077192  0.980674
    811   1     10  13   3    24     3.527   12770.614     1954.3      920.3    651.536   3.527   0.001   0.000  0.614769  0.169799  0.077192  0.980674
    812   1     11  11   6    24     3.527   12770.614     1929.9      908.9    643.413   3.527   0.001   0.000  0.614769  0.169799  0.077192  0.980674
    813   1     13  10   3    24     3.527   12770.614      743.9      350.3    247.999   3.527   0.001   0.000  0.614769  0.169799  0.077192  0.980674
    814   1     14   9   1    24     3.527   12770.614      201.3       94.8     67.106   3.527   0.001   0.000  0.614769  0.169799  0.077192  0.980674
    815   1     15   7   2    24     3.527   12770.614     3358.0     1581.4   1119.534   3.527   0.001   0.000  0.614769  0.169799  0.077192  0.980674
    816   1      4  16   2    24     3.553   12816.802      909.7     1230.9    624.488   3.552   0.001   0.000  0.616993  0.169153  0.076181  0.980605
    817   1      8  14   4    24     3.553   12816.802      317.3      429.3    217.805   3.552   0.001   0.000  0.616993  0.169153  0.076181  0.980605
    818   1     14   8   4    24     3.553   12816.802     1460.6     1976.3   1002.691   3.552   0.001   0.000  0.616993  0.169153  0.076181  0.980605
    819   1     16   4   2    24     3.553   12816.802      984.0     1331.5    675.518   3.552   0.001   0.000  0.616993  0.169153  0.076181  0.980605
    820   1      7  15   0    12     3.579   12863.493        7.5        3.2      3.804   3.578   0.001   0.000  0.619241  0.168505  0.075177  0.980535
    821   1      9  12   7    24     3.579   12863.493     2311.6      992.2   1178.509   3.578   0.001   0.000  0.619241  0.168505  0.075177  0.980535
    822   1     11  12   3    24     3.579   12863.493      150.4       64.6     76.695   3.578   0.001   0.000  0.619241  0.168505  0.075177  0.980535
    823   1     12   9   7    24     3.579   12863.493      132.2       56.7     67.379   3.578   0.001   0.000  0.619241  0.168505  0.075177  0.980535
    824   1     12  11   3    24     3.579   12863.493     3019.4     1296.0   1539.390   3.578   0.001   0.000  0.619241  0.168505  0.075177  0.980535
    825   1     15   7   0    12     3.579   12863.493      333.2      143.0    169.899   3.578   0.001   0.000  0.619241  0.168505  0.075177  0.980535
    826   1     16   3   3    24     3.579   12863.493     1111.8      477.2    566.815   3.578   0.001   0.000  0.619241  0.168505  0.075177  0.980535
    827   1      4  16   0    12     3.605   12910.698      524.1       40.6    300.765   3.604   0.001   0.000  0.621513  0.167854  0.074180  0.980464
    828   1     12   8   8    24     3.605   12910.698     2142.8      166.0   1229.801   3.604   0.001   0.000  0.621513  0.167854  0.074180  0.980464
    829   1     16   4   0    12     3.605   12910.698     1161.6       90.0    666.667   3.604   0.001   0.000  0.621513  0.167854  0.074180  0.980464
    830   1      6  15   3    24     3.632   12958.427      978.2        0.0    957.349   3.631   0.001   0.000  0.623811  0.167201  0.073191  0.980393
    831   1      7  14   5    24     3.632   12958.427      151.0        0.0    147.739   3.631   0.001   0.000  0.623811  0.167201  0.073191  0.980393
    832   1     10  11   7    24     3.632   12958.427      508.4        0.0    497.517   3.631   0.001   0.000  0.623811  0.167201  0.073191  0.980393
    833   1     10  13   1    24     3.632   12958.427      141.2        0.0    138.138   3.631   0.001   0.000  0.623811  0.167201  0.073191  0.980393
    834   1     11  10   7    24     3.632   12958.427     2159.0        0.0   2112.886   3.631   0.001   0.000  0.623811  0.167201  0.073191  0.980393
    835   1     13  10   1    24     3.632   12958.427     2717.9        0.0   2659.834   3.631   0.001   0.000  0.623811  0.167201  0.073191  0.980393
    836   1     14   7   5    24     3.632   12958.427      370.4        0.0    362.468   3.631   0.001   0.000  0.623811  0.167201  0.073191  0.980393
    837   1     15   6   3    24     3.632   12958.427       17.0        0.0     16.599   3.631   0.001   0.000  0.623811  0.167201  0.073191  0.980393
    838   1     14   6   6    24     3.659   13006.689       65.5       10.2     76.037   3.658   0.001   0.000  0.626134  0.166545  0.072209  0.980321
    839   1      3  16   1    24     3.686   13055.494      882.1      720.5    238.019   3.686   0.001   0.000  0.628483  0.165887  0.071235  0.980248
    840   1      5  15   4    24     3.686   13055.494      575.5      470.1    155.282   3.686   0.001   0.000  0.628483  0.165887  0.071235  0.980248

   No.  Code     H   K   L  Mult     Hw     2theta/TOF      Icalc       Iobs      Sigma    HwG     HwL     ETA     d-hkl  TOF_alpha  TOF_beta     CORR

    841   1      9  11   8    24     3.686   13055.494       18.8       15.4      5.072   3.686   0.001   0.000  0.628483  0.165887  0.071235  0.980248
    842   1      9  13   4    24     3.686   13055.494      989.6      808.2    267.005   3.686   0.001   0.000  0.628483  0.165887  0.071235  0.980248
    843   1     11   9   8    24     3.686   13055.494     1847.8     1509.2    498.571   3.686   0.001   0.000  0.628483  0.165887  0.071235  0.980248
    844   1     11  12   1    24     3.686   13055.494      749.8      612.4    202.313   3.686   0.001   0.000  0.628483  0.165887  0.071235  0.980248
    845   1     12  11   1    24     3.686   13055.494     1967.4     1606.9    530.846   3.686   0.001   0.000  0.628483  0.165887  0.071235  0.980248
    846   1     13   9   4    24     3.686   13055.494     3981.7     3252.1   1074.341   3.686   0.001   0.000  0.628483  0.165887  0.071235  0.980248
    847   1     15   5   4    24     3.686   13055.494     3455.0     2821.9    932.223   3.686   0.001   0.000  0.628483  0.165887  0.071235  0.980248
    848   1     16   3   1    24     3.686   13055.494     1808.8     1477.3    488.037   3.686   0.001   0.000  0.628483  0.165887  0.071235  0.980248
    849   1      8  14   2    24     3.714   13104.855      509.2      183.7    338.992   3.714   0.001   0.000  0.630860  0.165226  0.070268  0.980174
    850   1     10  10   8    24     3.714   13104.855      659.1      237.8    438.817   3.714   0.001   0.000  0.630860  0.165226  0.070268  0.980174
    851   1     14   8   2    24     3.714   13104.855     2905.6     1048.3   1934.517   3.714   0.001   0.000  0.630860  0.165226  0.070268  0.980174
    852   1     16   2   2    24     3.714   13104.855      366.0      132.0    243.678   3.714   0.001   0.000  0.630860  0.165226  0.070268  0.980174
    853   1      6  15   1    24     3.743   13154.778     2871.0        0.0   1942.018   3.742   0.001   0.000  0.633263  0.164563  0.069308  0.980099
    854   1     10   9   9    24     3.743   13154.778       71.3        0.0     48.232   3.742   0.001   0.000  0.633263  0.164563  0.069308  0.980099
    855   1     15   6   1    24     3.743   13154.778       60.8        0.0     41.122   3.742   0.001   0.000  0.633263  0.164563  0.069308  0.980099
    856   1      2  16   0    12     3.771   13205.275      624.5        0.0    288.763   3.771   0.001   0.000  0.635694  0.163897  0.068355  0.980024
    857   1      8  14   0    12     3.771   13205.275      172.5        0.0     79.768   3.771   0.001   0.000  0.635694  0.163897  0.068355  0.980024
    858   1     10  12   4    24     3.771   13205.275     1280.9        0.0    592.291   3.771   0.001   0.000  0.635694  0.163897  0.068355  0.980024
    859   1     12  10   4    24     3.771   13205.275      225.2        0.0    104.132   3.771   0.001   0.000  0.635694  0.163897  0.068355  0.980024
    860   1     14   8   0    12     3.771   13205.275     1984.3        0.0    917.520   3.771   0.001   0.000  0.635694  0.163897  0.068355  0.980024
    861   1     16   2   0    12     3.771   13205.275     2550.6        0.0   1179.360   3.771   0.001   0.000  0.635694  0.163897  0.068355  0.980024
    862   1      8  13   5    24     3.801   13256.360     3245.9        0.0   2337.757   3.800   0.001   0.000  0.638153  0.163229  0.067410  0.979947
    863   1     11  11   4    24     3.801   13256.360       12.1        0.0      8.691   3.800   0.001   0.000  0.638153  0.163229  0.067410  0.979947
    864   1     13   8   5    24     3.801   13256.360      178.6        0.0    128.632   3.800   0.001   0.000  0.638153  0.163229  0.067410  0.979947
    865   1     16   1   1    24     3.801   13256.360      472.7        0.0    340.441   3.800   0.001   0.000  0.638153  0.163229  0.067410  0.979947
    866   1     16   0   0     6     3.830   13308.044     2441.3     4669.2   1880.962   3.830   0.001   0.000  0.640641  0.162558  0.066472  0.979870
    867   1      5  15   2    24     3.860   13360.335     1862.2     6226.5   1599.318   3.860   0.001   0.000  0.643158  0.161885  0.065541  0.979792
    868   1      7  13   6    24     3.860   13360.335     1652.8     5526.4   1419.507   3.860   0.001   0.000  0.643158  0.161885  0.065541  0.979792
    869   1      7  14   3    24     3.860   13360.335     1944.9     6503.1   1670.381   3.860   0.001   0.000  0.643158  0.161885  0.065541  0.979792
    870   1      9  13   2    24     3.860   13360.335      477.1     1595.4    409.798   3.860   0.001   0.000  0.643158  0.161885  0.065541  0.979792
    871   1     13   7   6    24     3.860   13360.335       97.3      325.4     83.573   3.860   0.001   0.000  0.643158  0.161885  0.065541  0.979792
    872   1     13   9   2    24     3.860   13360.335      211.8      708.3    181.940   3.860   0.001   0.000  0.643158  0.161885  0.065541  0.979792
    873   1     14   7   3    24     3.860   13360.335     1245.8     4165.7   1069.993   3.860   0.001   0.000  0.643158  0.161885  0.065541  0.979792
    874   1     15   5   2    24     3.860   13360.335      147.4      492.8    126.587   3.860   0.001   0.000  0.643158  0.161885  0.065541  0.979792
    875   1      4  15   3    24     3.922   13466.793      932.5      666.2    231.592   3.921   0.001   0.000  0.648283  0.160530  0.063702  0.979632
    876   1      5  15   0    12     3.922   13466.793     3309.5     2364.5    821.935   3.921   0.001   0.000  0.648283  0.160530  0.063702  0.979632
    877   1      9  12   5    24     3.922   13466.793     2712.5     1937.9    673.650   3.921   0.001   0.000  0.648283  0.160530  0.063702  0.979632
    878   1      9  13   0    12     3.922   13466.793     3472.0     2480.6    862.284   3.921   0.001   0.000  0.648283  0.160530  0.063702  0.979632
    879   1     12   9   5    24     3.922   13466.793     1326.7      947.9    329.501   3.921   0.001   0.000  0.648283  0.160530  0.063702  0.979632
    880   1     13   9   0    12     3.922   13466.793       80.0       57.1     19.864   3.921   0.001   0.000  0.648283  0.160530  0.063702  0.979632
    881   1     15   4   3    24     3.922   13466.793      318.4      227.5     79.072   3.921   0.001   0.000  0.648283  0.160530  0.063702  0.979632
    882   1     15   5   0    12     3.922   13466.793      186.9      133.5     46.422   3.921   0.001   0.000  0.648283  0.160530  0.063702  0.979632
    883   1      6  14   4    24     3.954   13520.985      877.7     1020.9    271.236   3.953   0.001   0.000  0.650892  0.159849  0.062793  0.979551
    884   1     10  12   2    24     3.954   13520.985     6443.9     7495.3   1991.468   3.953   0.001   0.000  0.650892  0.159849  0.062793  0.979551
    885   1     12  10   2    24     3.954   13520.985      786.4      914.7    243.042   3.953   0.001   0.000  0.650892  0.159849  0.062793  0.979551
    886   1     14   6   4    24     3.954   13520.985     1836.6     2136.3    567.602   3.953   0.001   0.000  0.650892  0.159849  0.062793  0.979551
    887   1      7  14   1    24     3.986   13575.839     2210.3     3499.0    856.660   3.985   0.001   0.000  0.653532  0.159164  0.061891  0.979469
    888   1     10  11   5    24     3.986   13575.839      544.9      862.6    211.197   3.985   0.001   0.000  0.653532  0.159164  0.061891  0.979469
    889   1     11  10   5    24     3.986   13575.839      319.6      506.0    123.873   3.985   0.001   0.000  0.653532  0.159164  0.061891  0.979469
    890   1     11  11   2    24     3.986   13575.839     3209.3     5080.5   1243.861   3.985   0.001   0.000  0.653532  0.159164  0.061891  0.979469
    891   1     14   5   5    24     3.986   13575.839     1118.7     1770.9    433.576   3.985   0.001   0.000  0.653532  0.159164  0.061891  0.979469
    892   1     14   7   1    24     3.986   13575.839     1510.4     2391.1    585.401   3.985   0.001   0.000  0.653532  0.159164  0.061891  0.979469
    893   1      8  12   6    24     4.019   13631.363      646.4     1074.2    502.224   4.018   0.001   0.000  0.656205  0.158477  0.060997  0.979386
    894   1     10  12   0    12     4.019   13631.363       11.6       19.3      9.010   4.018   0.001   0.000  0.656205  0.158477  0.060997  0.979386
    895   1     12   8   6    24     4.019   13631.363     1582.5     2629.9   1229.619   4.018   0.001   0.000  0.656205  0.158477  0.060997  0.979386
    896   1     12  10   0    12     4.019   13631.363      331.0      550.1    257.183   4.018   0.001   0.000  0.656205  0.158477  0.060997  0.979386
    897   1      4  15   1    24     4.052   13687.574      323.2      630.9    261.202   4.051   0.001   0.000  0.658911  0.157788  0.060110  0.979302
    898   1      8  13   3    24     4.052   13687.574       65.1      127.2     52.649   4.051   0.001   0.000  0.658911  0.157788  0.060110  0.979302
    899   1     11  11   0    12     4.052   13687.574      337.2      658.3    272.521   4.051   0.001   0.000  0.658911  0.157788  0.060110  0.979302
    900   1     12   7   7    24     4.052   13687.574     2000.4     3904.9   1616.574   4.051   0.001   0.000  0.658911  0.157788  0.060110  0.979302

   No.  Code     H   K   L  Mult     Hw     2theta/TOF      Icalc       Iobs      Sigma    HwG     HwL     ETA     d-hkl  TOF_alpha  TOF_beta     CORR

    901   1     13   8   3    24     4.052   13687.574     1099.9     2147.1    888.865   4.051   0.001   0.000  0.658911  0.157788  0.060110  0.979302
    902   1     15   4   1    24     4.052   13687.574     3585.0     6998.1   2897.119   4.051   0.001   0.000  0.658911  0.157788  0.060110  0.979302
    903   1      3  15   2    24     4.120   13802.116      873.7      809.6    390.376   4.119   0.001   0.000  0.664425  0.156399  0.058358  0.979131
    904   1      9  11   6    24     4.120   13802.116      775.0      718.1    346.267   4.119   0.001   0.000  0.664425  0.156399  0.058358  0.979131
    905   1     11   9   6    24     4.120   13802.116     1020.2      945.4    455.845   4.119   0.001   0.000  0.664425  0.156399  0.058358  0.979131
    906   1     15   3   2    24     4.120   13802.116     4690.1     4346.1   2095.565   4.119   0.001   0.000  0.664425  0.156399  0.058358  0.979131
    907   1      6  14   2    24     4.155   13860.476     1072.9      576.7    648.639   4.154   0.001   0.000  0.667235  0.155701  0.057493  0.979044
    908   1     10  10   6    24     4.155   13860.476      435.5      234.1    263.318   4.154   0.001   0.000  0.667235  0.155701  0.057493  0.979044
    909   1     14   6   2    24     4.155   13860.476     1369.5      736.2    827.994   4.154   0.001   0.000  0.667235  0.155701  0.057493  0.979044
    910   1      3  15   0    12     4.190   13919.585       89.8       71.7     33.010   4.190   0.001   0.000  0.670080  0.154999  0.056635  0.978955
    911   1      7  13   4    24     4.190   13919.585     6512.6     5200.9   2394.538   4.190   0.001   0.000  0.670080  0.154999  0.056635  0.978955
    912   1      8  11   7    24     4.190   13919.585      461.9      368.9    169.848   4.190   0.001   0.000  0.670080  0.154999  0.056635  0.978955
    913   1      8  13   1    24     4.190   13919.585      872.2      696.6    320.702   4.190   0.001   0.000  0.670080  0.154999  0.056635  0.978955
    914   1      9  12   3    24     4.190   13919.585       30.4       24.3     11.184   4.190   0.001   0.000  0.670080  0.154999  0.056635  0.978955
    915   1     11   8   7    24     4.190   13919.585      688.3      549.7    253.080   4.190   0.001   0.000  0.670080  0.154999  0.056635  0.978955
    916   1     12   9   3    24     4.190   13919.585      478.2      381.9    175.838   4.190   0.001   0.000  0.670080  0.154999  0.056635  0.978955
    917   1     13   7   4    24     4.190   13919.585     1121.2      895.4    412.246   4.190   0.001   0.000  0.670080  0.154999  0.056635  0.978955
    918   1     13   8   1    24     4.190   13919.585      414.6      331.1    152.426   4.190   0.001   0.000  0.670080  0.154999  0.056635  0.978955
    919   1     15   3   0    12     4.190   13919.585     1493.0     1192.3    548.942   4.190   0.001   0.000  0.670080  0.154999  0.056635  0.978955
    920   1      6  14   0    12     4.226   13979.454      226.8      340.9    301.557   4.226   0.001   0.000  0.672962  0.154295  0.055785  0.978866
    921   1     14   6   0    12     4.226   13979.454       40.2       60.4     53.431   4.226   0.001   0.000  0.672962  0.154295  0.055785  0.978866
    922   1      2  15   1    24     4.263   14040.102     2996.4     3063.5    408.742   4.262   0.001   0.000  0.675882  0.153587  0.054942  0.978775
    923   1      5  14   3    24     4.263   14040.102     2102.0     2149.1    286.738   4.262   0.001   0.000  0.675882  0.153587  0.054942  0.978775
    924   1      6  13   5    24     4.263   14040.102     1395.9     1427.2    190.421   4.262   0.001   0.000  0.675882  0.153587  0.054942  0.978775
    925   1      9  10   7    24     4.263   14040.102     4350.0     4447.4    593.396   4.262   0.001   0.000  0.675882  0.153587  0.054942  0.978775
    926   1     10   9   7    24     4.263   14040.102       39.3       40.1      5.354   4.262   0.001   0.000  0.675882  0.153587  0.054942  0.978775
    927   1     10  11   3    24     4.263   14040.102      528.6      540.4     72.106   4.262   0.001   0.000  0.675882  0.153587  0.054942  0.978775
    928   1     11  10   3    24     4.263   14040.102     3066.1     3134.8    418.257   4.262   0.001   0.000  0.675882  0.153587  0.054942  0.978775
    929   1     13   6   5    24     4.263   14040.102     6337.6     6479.5    864.528   4.262   0.001   0.000  0.675882  0.153587  0.054942  0.978775
    930   1     14   5   3    24     4.263   14040.102     1847.0     1888.4    251.956   4.262   0.001   0.000  0.675882  0.153587  0.054942  0.978775
    931   1     15   2   1    24     4.263   14040.102      696.2      711.8     94.977   4.262   0.001   0.000  0.675882  0.153587  0.054942  0.978775
    932   1     10   8   8    24     4.301   14101.547     3557.2     2937.8   1062.241   4.300   0.001   0.000  0.678840  0.152877  0.054106  0.978683
    933   1     14   4   4    24     4.301   14101.547     5603.5     4627.8   1673.300   4.300   0.001   0.000  0.678840  0.152877  0.054106  0.978683
    934   1      1  15   0    12     4.339   14163.806        0.6        0.1      0.584   4.338   0.001   0.000  0.681837  0.152163  0.053277  0.978590
    935   1      9   9   8    24     4.339   14163.806      657.8       73.3    596.629   4.338   0.001   0.000  0.681837  0.152163  0.053277  0.978590
    936   1      9  12   1    24     4.339   14163.806      941.8      105.0    854.204   4.338   0.001   0.000  0.681837  0.152163  0.053277  0.978590
    937   1     12   9   1    24     4.339   14163.806     2205.6      245.8   2000.488   4.338   0.001   0.000  0.681837  0.152163  0.053277  0.978590
    938   1     15   1   0    12     4.339   14163.806      106.5       11.9     96.624   4.338   0.001   0.000  0.681837  0.152163  0.053277  0.978590
    939   1      8  12   4    24     4.377   14226.896       61.5      107.4    158.077   4.377   0.001   0.000  0.684874  0.151446  0.052456  0.978496
    940   1     12   8   4    24     4.377   14226.896       49.7       86.8    127.706   4.377   0.001   0.000  0.684874  0.151446  0.052456  0.978496
    941   1      5  14   1    24     4.417   14290.837     2153.5     2211.5    451.962   4.416   0.001   0.000  0.687952  0.150726  0.051642  0.978401
    942   1      7  13   2    24     4.417   14290.837       79.8       82.0     16.758   4.416   0.001   0.000  0.687952  0.150726  0.051642  0.978401
    943   1     10  11   1    24     4.417   14290.837    15689.3    16111.4   3292.719   4.416   0.001   0.000  0.687952  0.150726  0.051642  0.978401
    944   1     11  10   1    24     4.417   14290.837     2988.1     3068.5    627.114   4.416   0.001   0.000  0.687952  0.150726  0.051642  0.978401
    945   1     13   7   2    24     4.417   14290.837     2587.8     2657.5    543.109   4.416   0.001   0.000  0.687952  0.150726  0.051642  0.978401
    946   1     14   5   1    24     4.417   14290.837      293.9      301.8     61.683   4.416   0.001   0.000  0.687952  0.150726  0.051642  0.978401
    947   1      7  12   5    24     4.498   14421.352     1288.8      883.7    215.412   4.497   0.001   0.000  0.694235  0.149276  0.050036  0.978206
    948   1      7  13   0    12     4.498   14421.352       15.6       10.7      2.605   4.497   0.001   0.000  0.694235  0.149276  0.050036  0.978206
    949   1      9  11   4    24     4.498   14421.352     3310.6     2270.0    553.326   4.497   0.001   0.000  0.694235  0.149276  0.050036  0.978206
    950   1     11   9   4    24     4.498   14421.352     6735.0     4618.2   1125.683   4.497   0.001   0.000  0.694235  0.149276  0.050036  0.978206
    951   1     12   7   5    24     4.498   14421.352     5207.3     3570.6    870.341   4.497   0.001   0.000  0.694235  0.149276  0.050036  0.978206
    952   1     13   7   0    12     4.498   14421.352      102.3       70.2     17.102   4.497   0.001   0.000  0.694235  0.149276  0.050036  0.978206
    953   1      4  14   2    24     4.539   14487.962      109.6       94.7     36.922   4.539   0.001   0.000  0.697442  0.148546  0.049244  0.978106
    954   1     10  10   4    24     4.539   14487.962     4302.8     3718.4   1449.066   4.539   0.001   0.000  0.697442  0.148546  0.049244  0.978106
    955   1     12   6   6    24     4.539   14487.962     1223.8     1057.6    412.158   4.539   0.001   0.000  0.697442  0.148546  0.049244  0.978106
    956   1     14   4   2    24     4.539   14487.962     1049.1      906.6    353.314   4.539   0.001   0.000  0.697442  0.148546  0.049244  0.978106
    957   1      6  13   3    24     4.582   14555.506      999.3      717.4    322.017   4.581   0.001   0.000  0.700693  0.147812  0.048460  0.978005
    958   1     13   6   3    24     4.582   14555.506     1568.2     1125.7    505.334   4.581   0.001   0.000  0.700693  0.147812  0.048460  0.978005
    959   1     14   3   3    24     4.582   14555.506     4048.5     2906.2   1304.555   4.581   0.001   0.000  0.700693  0.147812  0.048460  0.978005
    960   1      4  14   0    12     4.625   14624.002     5788.4     4916.4   1584.873   4.624   0.001   0.000  0.703990  0.147075  0.047682  0.977903

   No.  Code     H   K   L  Mult     Hw     2theta/TOF      Icalc       Iobs      Sigma    HwG     HwL     ETA     d-hkl  TOF_alpha  TOF_beta     CORR

    961   1      8  12   2    24     4.625   14624.002      437.7      371.8    119.846   4.624   0.001   0.000  0.703990  0.147075  0.047682  0.977903
    962   1     12   8   2    24     4.625   14624.002     2192.4     1862.1    600.275   4.624   0.001   0.000  0.703990  0.147075  0.047682  0.977903
    963   1     14   4   0    12     4.625   14624.002      610.0      518.1    167.025   4.624   0.001   0.000  0.703990  0.147075  0.047682  0.977903
    964   1      5  13   4    24     4.669   14693.476     2404.6        0.0   1490.816   4.668   0.001   0.000  0.707335  0.146335  0.046912  0.977799
    965   1      8  11   5    24     4.669   14693.476      890.6        0.0    552.148   4.668   0.001   0.000  0.707335  0.146335  0.046912  0.977799
    966   1     11   8   5    24     4.669   14693.476      235.1        0.0    145.743   4.668   0.001   0.000  0.707335  0.146335  0.046912  0.977799
    967   1     13   5   4    24     4.669   14693.476      412.9        0.0    256.001   4.668   0.001   0.000  0.707335  0.146335  0.046912  0.977799
    968   1      8  12   0    12     4.714   14763.948      644.3        0.0    777.996   4.713   0.001   0.000  0.710727  0.145591  0.046149  0.977694
    969   1     12   8   0    12     4.714   14763.948      107.6        0.0    129.919   4.713   0.001   0.000  0.710727  0.145591  0.046149  0.977694
    970   1      3  14   1    24     4.760   14835.445     6227.0     4608.4    600.188   4.759   0.001   0.000  0.714169  0.144844  0.045394  0.977588
    971   1      6  13   1    24     4.760   14835.445     5525.7     4089.4    532.593   4.759   0.001   0.000  0.714169  0.144844  0.045394  0.977588
    972   1      7  11   6    24     4.760   14835.445     2081.4     1540.4    200.612   4.759   0.001   0.000  0.714169  0.144844  0.045394  0.977588
    973   1      9  10   5    24     4.760   14835.445     3352.9     2481.4    323.173   4.759   0.001   0.000  0.714169  0.144844  0.045394  0.977588
    974   1      9  11   2    24     4.760   14835.445       36.7       27.1      3.533   4.759   0.001   0.000  0.714169  0.144844  0.045394  0.977588
    975   1     10   9   5    24     4.760   14835.445     6274.5     4643.6    604.775   4.759   0.001   0.000  0.714169  0.144844  0.045394  0.977588
    976   1     11   7   6    24     4.760   14835.445      138.5      102.5     13.347   4.759   0.001   0.000  0.714169  0.144844  0.045394  0.977588
    977   1     11   9   2    24     4.760   14835.445     1262.7      934.5    121.706   4.759   0.001   0.000  0.714169  0.144844  0.045394  0.977588
    978   1     13   6   1    24     4.760   14835.445      624.3      462.0     60.172   4.759   0.001   0.000  0.714169  0.144844  0.045394  0.977588
    979   1     14   3   1    24     4.760   14835.445     2437.7     1804.1    234.954   4.759   0.001   0.000  0.714169  0.144844  0.045394  0.977588
    980   1     10  10   2    24     4.806   14907.991      295.5      285.4     73.480   4.806   0.001   0.000  0.717661  0.144093  0.044645  0.977479
    981   1     14   2   2    24     4.806   14907.991     7210.8     6964.5   1793.289   4.806   0.001   0.000  0.717661  0.144093  0.044645  0.977479
    982   1      7  12   3    24     4.854   14981.612     3311.6     2924.4    692.080   4.853   0.001   0.000  0.721206  0.143338  0.043905  0.977369
    983   1      9  11   0    12     4.854   14981.612     1553.2     1371.6    324.596   4.853   0.001   0.000  0.721206  0.143338  0.043905  0.977369
    984   1     11   9   0    12     4.854   14981.612     1453.7     1283.7    303.809   4.853   0.001   0.000  0.721206  0.143338  0.043905  0.977369
    985   1     12   7   3    24     4.854   14981.612     3793.7     3350.1    792.835   4.853   0.001   0.000  0.721206  0.143338  0.043905  0.977369
    986   1      2  14   0    12     4.903   15056.331       18.2       11.5      2.809   4.902   0.001   0.000  0.724802  0.142579  0.043171  0.977258
    987   1      8  10   6    24     4.903   15056.331      343.3      216.7     52.862   4.902   0.001   0.000  0.724802  0.142579  0.043171  0.977258
    988   1     10   8   6    24     4.903   15056.331     6286.8     3969.5    968.106   4.902   0.001   0.000  0.724802  0.142579  0.043171  0.977258
    989   1     10  10   0    12     4.903   15056.331        1.3        0.8      0.193   4.902   0.001   0.000  0.724802  0.142579  0.043171  0.977258
    990   1     14   2   0    12     4.903   15056.331     5947.4     3755.3    915.848   4.902   0.001   0.000  0.724802  0.142579  0.043171  0.977258
    991   1      5  13   2    24     4.952   15132.184     1345.3     2746.0    163.336   4.951   0.001   0.000  0.728454  0.141817  0.042445  0.977145
    992   1      9   9   6    24     4.952   15132.184     7412.6    15130.0    899.957   4.951   0.001   0.000  0.728454  0.141817  0.042445  0.977145
    993   1     10   7   7    24     4.952   15132.184     2632.6     5373.4    319.620   4.951   0.001   0.000  0.728454  0.141817  0.042445  0.977145
    994   1     13   5   2    24     4.952   15132.184    10037.3    20487.3   1218.615   4.951   0.001   0.000  0.728454  0.141817  0.042445  0.977145
    995   1     14   1   1    24     4.952   15132.184      728.2     1486.4     88.411   4.951   0.001   0.000  0.728454  0.141817  0.042445  0.977145
    996   1      6  12   4    24     5.003   15209.192     3879.4     4199.4    854.199   5.002   0.001   0.000  0.732161  0.141051  0.041726  0.977030
    997   1     12   6   4    24     5.003   15209.192     2385.7     2582.5    525.298   5.002   0.001   0.000  0.732161  0.141051  0.041726  0.977030
    998   1     14   0   0     6     5.003   15209.192      327.8      354.9     72.183   5.002   0.001   0.000  0.732161  0.141051  0.041726  0.977030
    999   1      4  13   3    24     5.054   15287.389     1324.3     1293.5     72.991   5.053   0.001   0.000  0.735925  0.140281  0.041014  0.976913
   1000   1      5  13   0    12     5.054   15287.389     2976.0     2906.9    164.027   5.053   0.001   0.000  0.735925  0.140281  0.041014  0.976913
   1001   1      7  12   1    24     5.054   15287.389      847.5      827.8     46.711   5.053   0.001   0.000  0.735925  0.140281  0.041014  0.976913
   1002   1      8   9   7    24     5.054   15287.389     2793.9     2728.9    153.985   5.053   0.001   0.000  0.735925  0.140281  0.041014  0.976913
   1003   1      8  11   3    24     5.054   15287.389     5469.1     5342.0    301.433   5.053   0.001   0.000  0.735925  0.140281  0.041014  0.976913
   1004   1      9   8   7    24     5.054   15287.389     1596.7     1559.5     88.001   5.053   0.001   0.000  0.735925  0.140281  0.041014  0.976913
   1005   1     11   8   3    24     5.054   15287.389     3128.0     3055.3    172.402   5.053   0.001   0.000  0.735925  0.140281  0.041014  0.976913
   1006   1     12   5   5    24     5.054   15287.389    10271.1    10032.4    566.099   5.053   0.001   0.000  0.735925  0.140281  0.041014  0.976913
   1007   1     12   7   1    24     5.054   15287.389    14851.3    14506.1    818.536   5.053   0.001   0.000  0.735925  0.140281  0.041014  0.976913
   1008   1     13   4   3    24     5.054   15287.389     4193.1     4095.6    231.104   5.053   0.001   0.000  0.735925  0.140281  0.041014  0.976913
   1009   1     13   5   0    12     5.054   15287.389        5.6        5.5      0.308   5.053   0.001   0.000  0.735925  0.140281  0.041014  0.976913
   1010   1      8   8   8     8     5.107   15366.806     9216.4     9057.2   1752.516   5.106   0.001   0.000  0.739748  0.139507  0.040309  0.976795
   1011   1      9  10   3    24     5.161   15447.471     4325.1     3811.3   2304.092   5.160   0.001   0.000  0.743632  0.138729  0.039612  0.976675
   1012   1     10   9   3    24     5.161   15447.471      970.7      855.4    517.136   5.160   0.001   0.000  0.743632  0.138729  0.039612  0.976675
   1013   1      4  13   1    24     5.272   15612.689     4323.1     3557.5    371.893   5.271   0.001   0.000  0.751585  0.137160  0.038240  0.976428
   1014   1      7  11   4    24     5.272   15612.689      457.4      376.4     39.344   5.271   0.001   0.000  0.751585  0.137160  0.038240  0.976428
   1015   1      8  11   1    24     5.272   15612.689     7311.7     6016.9    628.987   5.271   0.001   0.000  0.751585  0.137160  0.038240  0.976428
   1016   1     11   7   4    24     5.272   15612.689      625.3      514.6     53.792   5.271   0.001   0.000  0.751585  0.137160  0.038240  0.976428
   1017   1     11   8   1    24     5.272   15612.689     2123.8     1747.7    182.702   5.271   0.001   0.000  0.751585  0.137160  0.038240  0.976428
   1018   1     13   4   1    24     5.272   15612.689     9977.3     8210.4    858.291   5.271   0.001   0.000  0.751585  0.137160  0.038240  0.976428
   1019   1      6  12   2    24     5.329   15697.311     5402.7     4735.4    779.323   5.328   0.001   0.000  0.755659  0.136369  0.037565  0.976302
   1020   1     12   6   2    24     5.329   15697.311     4428.2     3881.2    638.755   5.328   0.001   0.000  0.755659  0.136369  0.037565  0.976302

   No.  Code     H   K   L  Mult     Hw     2theta/TOF      Icalc       Iobs      Sigma    HwG     HwL     ETA     d-hkl  TOF_alpha  TOF_beta     CORR

   1021   1      3  13   2    24     5.387   15783.325    12493.9    10553.6    447.616   5.387   0.001   0.000  0.759799  0.135574  0.036897  0.976174
   1022   1      6  11   5    24     5.387   15783.325    32783.3    27692.2   1174.521   5.387   0.001   0.000  0.759799  0.135574  0.036897  0.976174
   1023   1      9  10   1    24     5.387   15783.325      521.0      440.1     18.664   5.387   0.001   0.000  0.759799  0.135574  0.036897  0.976174
   1024   1     10   9   1    24     5.387   15783.325      918.6      776.0     32.911   5.387   0.001   0.000  0.759799  0.135574  0.036897  0.976174
   1025   1     11   6   5    24     5.387   15783.325     9204.3     7774.9    329.762   5.387   0.001   0.000  0.759799  0.135574  0.036897  0.976174
   1026   1     13   3   2    24     5.387   15783.325     4949.5     4180.8    177.324   5.387   0.001   0.000  0.759799  0.135574  0.036897  0.976174
   1027   1      6  12   0    12     5.447   15870.767     2311.3     2413.0     97.075   5.447   0.001   0.000  0.764009  0.134775  0.036236  0.976044
   1028   1      8  10   4    24     5.447   15870.767    18048.5    18842.6    758.037   5.447   0.001   0.000  0.764009  0.134775  0.036236  0.976044
   1029   1     10   8   4    24     5.447   15870.767    19342.9    20194.0    812.405   5.447   0.001   0.000  0.764009  0.134775  0.036236  0.976044
   1030   1     12   6   0    12     5.447   15870.767    10827.8    11304.2    454.769   5.447   0.001   0.000  0.764009  0.134775  0.036236  0.976044
   1031   1      3  13   0    12     5.508   15959.680     3950.9     4062.9    341.401   5.508   0.001   0.000  0.768289  0.133971  0.035583  0.975911
   1032   1      5  12   3    24     5.508   15959.680     1613.0     1658.8    139.384   5.508   0.001   0.000  0.768289  0.133971  0.035583  0.975911
   1033   1      9   9   4    24     5.508   15959.680     9526.9     9797.1    823.235   5.508   0.001   0.000  0.768289  0.133971  0.035583  0.975911
   1034   1     12   5   3    24     5.508   15959.680     9910.3    10191.3    856.365   5.508   0.001   0.000  0.768289  0.133971  0.035583  0.975911
   1035   1     13   3   0    12     5.508   15959.680       57.3       58.9      4.949   5.508   0.001   0.000  0.768289  0.133971  0.035583  0.975911
   1036   1     12   4   4    24     5.571   16050.104     1622.8     2130.2    784.049   5.570   0.001   0.000  0.772642  0.133163  0.034937  0.975777
   1037   1      2  13   1    24     5.635   16142.083     9874.3     8524.5    465.979   5.634   0.001   0.000  0.777070  0.132350  0.034298  0.975640
   1038   1      7  10   5    24     5.635   16142.083     5971.8     5155.5    281.817   5.634   0.001   0.000  0.777070  0.132350  0.034298  0.975640
   1039   1      7  11   2    24     5.635   16142.083    10702.7     9239.7    505.076   5.634   0.001   0.000  0.777070  0.132350  0.034298  0.975640
   1040   1     10   7   5    24     5.635   16142.083    12207.4    10538.7    576.083   5.634   0.001   0.000  0.777070  0.132350  0.034298  0.975640
   1041   1     11   7   2    24     5.635   16142.083     8030.2     6932.5    378.956   5.634   0.001   0.000  0.777070  0.132350  0.034298  0.975640
   1042   1     13   2   1    24     5.635   16142.083     7713.2     6658.9    363.998   5.634   0.001   0.000  0.777070  0.132350  0.034298  0.975640
   1043   1     10   6   6    24     5.701   16235.660     1384.5     2488.4    545.473   5.700   0.001   0.000  0.781575  0.131533  0.033667  0.975500
   1044   1      1  13   0    12     5.768   16330.885        7.8        6.7      0.430   5.767   0.001   0.000  0.786159  0.130710  0.033042  0.975358
   1045   1      5  12   1    24     5.768   16330.885     2742.2     2358.5    151.368   5.767   0.001   0.000  0.786159  0.130710  0.033042  0.975358
   1046   1      7  11   0    12     5.768   16330.885     5046.8     4340.6    278.578   5.767   0.001   0.000  0.786159  0.130710  0.033042  0.975358
   1047   1      8   9   5    24     5.768   16330.885     6259.5     5383.5    345.515   5.767   0.001   0.000  0.786159  0.130710  0.033042  0.975358
   1048   1      9   8   5    24     5.768   16330.885     5918.0     5089.8    326.664   5.767   0.001   0.000  0.786159  0.130710  0.033042  0.975358
   1049   1     11   7   0    12     5.768   16330.885     3570.9     3071.2    197.108   5.767   0.001   0.000  0.786159  0.130710  0.033042  0.975358
   1050   1     12   5   1    24     5.768   16330.885    11217.1     9647.3    619.166   5.767   0.001   0.000  0.786159  0.130710  0.033042  0.975358
   1051   1     13   1   0    12     5.768   16330.885        3.9        3.3      0.214   5.767   0.001   0.000  0.786159  0.130710  0.033042  0.975358
   1052   1      8  10   2    24     5.836   16427.805     4652.9     3920.8    612.345   5.836   0.002   0.000  0.790824  0.129883  0.032426  0.975214
   1053   1     10   8   2    24     5.836   16427.805     6367.6     5365.7    837.999   5.836   0.002   0.000  0.790824  0.129883  0.032426  0.975214
   1054   1      6  11   3    24     5.907   16526.473     1183.2     1030.0    119.202   5.906   0.002   0.000  0.795574  0.129051  0.031816  0.975067
   1055   1      7   9   6    24     5.907   16526.473      898.3      782.0     90.498   5.906   0.002   0.000  0.795574  0.129051  0.031816  0.975067
   1056   1      9   7   6    24     5.907   16526.473     5784.4     5035.3    582.743   5.906   0.002   0.000  0.795574  0.129051  0.031816  0.975067
   1057   1      9   9   2    24     5.907   16526.473     3082.4     2683.3    310.535   5.906   0.002   0.000  0.795574  0.129051  0.031816  0.975067
   1058   1     11   6   3    24     5.907   16526.473     3680.8     3204.1    370.816   5.906   0.002   0.000  0.795574  0.129051  0.031816  0.975067
   1059   1      4  12   2    24     5.979   16626.938    21377.2    16475.9    939.321   5.978   0.002   0.000  0.800411  0.128214  0.031214  0.974918
   1060   1      8   8   6    24     5.979   16626.938     2965.8     2285.8    130.320   5.978   0.002   0.000  0.800411  0.128214  0.031214  0.974918
   1061   1      8  10   0    12     5.979   16626.938      948.4      731.0     41.675   5.978   0.002   0.000  0.800411  0.128214  0.031214  0.974918
   1062   1     10   8   0    12     5.979   16626.938     8079.6     6227.1    355.021   5.978   0.002   0.000  0.800411  0.128214  0.031214  0.974918
   1063   1     12   4   2    24     5.979   16626.938     6012.9     4634.3    264.208   5.978   0.002   0.000  0.800411  0.128214  0.031214  0.974918
   1064   1      5  11   4    24     6.053   16729.258    11371.3    11269.7    902.177   6.052   0.002   0.000  0.805336  0.127371  0.030619  0.974766
   1065   1      8   7   7    24     6.053   16729.258      890.5      882.6     70.654   6.052   0.002   0.000  0.805336  0.127371  0.030619  0.974766
   1066   1      9   9   0    12     6.053   16729.258      209.3      207.4     16.602   6.052   0.002   0.000  0.805336  0.127371  0.030619  0.974766
   1067   1     11   5   4    24     6.053   16729.258     2197.2     2177.6    174.324   6.052   0.002   0.000  0.805336  0.127371  0.030619  0.974766
   1068   1     12   3   3    24     6.053   16729.258     4965.9     4921.5    393.983   6.052   0.002   0.000  0.805336  0.127371  0.030619  0.974766
   1069   1      4  12   0    12     6.128   16833.490     4632.1     3187.0    532.445   6.127   0.002   0.000  0.810354  0.126524  0.030031  0.974611
   1070   1     12   4   0    12     6.128   16833.490     6811.3     4686.4    782.935   6.127   0.002   0.000  0.810354  0.126524  0.030031  0.974611
   1071   1      6  11   1    24     6.206   16939.697    26877.2    16434.7   1773.192   6.205   0.002   0.000  0.815467  0.125671  0.029451  0.974453
   1072   1      7  10   3    24     6.206   16939.697     2081.3     1272.7    137.312   6.205   0.002   0.000  0.815467  0.125671  0.029451  0.974453
   1073   1     10   7   3    24     6.206   16939.697     4495.7     2749.0    296.599   6.205   0.002   0.000  0.815467  0.125671  0.029451  0.974453
   1074   1     11   6   1    24     6.206   16939.697     2209.9     1351.3    145.796   6.205   0.002   0.000  0.815467  0.125671  0.029451  0.974453
   1075   1      3  12   1    24     6.367   17158.281      163.9       65.2     17.086   6.366   0.002   0.000  0.825989  0.123949  0.028312  0.974128
   1076   1      8   9   3    24     6.367   17158.281      392.8      156.2     40.945   6.366   0.002   0.000  0.825989  0.123949  0.028312  0.974128
   1077   1      9   8   3    24     6.367   17158.281     3228.3     1283.5    336.546   6.366   0.002   0.000  0.825989  0.123949  0.028312  0.974128
   1078   1     12   3   1    24     6.367   17158.281     9350.2     3717.5    974.736   6.366   0.002   0.000  0.825989  0.123949  0.028312  0.974128
   1079   1      6  10   4    24     6.451   17270.797     2839.9     1207.3    267.700   6.450   0.002   0.000  0.831405  0.123080  0.027754  0.973960
   1080   1     10   6   4    24     6.451   17270.797     7558.9     3213.5    712.539   6.450   0.002   0.000  0.831405  0.123080  0.027754  0.973960

   No.  Code     H   K   L  Mult     Hw     2theta/TOF      Icalc       Iobs      Sigma    HwG     HwL     ETA     d-hkl  TOF_alpha  TOF_beta     CORR

   1081   1     12   2   2    24     6.451   17270.797     2168.0      921.7    204.364   6.450   0.002   0.000  0.831405  0.123080  0.027754  0.973960
   1082   1      5  11   2    24     6.537   17385.555     7693.2     6649.9    242.055   6.536   0.002   0.000  0.836930  0.122204  0.027203  0.973790
   1083   1      7  10   1    24     6.537   17385.555    19084.2    16496.2    600.457   6.536   0.002   0.000  0.836930  0.122204  0.027203  0.973790
   1084   1     10   5   5    24     6.537   17385.555    10946.9     9462.4    344.428   6.536   0.002   0.000  0.836930  0.122204  0.027203  0.973790
   1085   1     10   7   1    24     6.537   17385.555    21286.9    18400.2    669.763   6.536   0.002   0.000  0.836930  0.122204  0.027203  0.973790
   1086   1     11   5   2    24     6.537   17385.555      772.1      667.4     24.294   6.536   0.002   0.000  0.836930  0.122204  0.027203  0.973790
   1087   1      2  12   0    12     6.625   17502.631     2269.8     2673.7    488.545   6.624   0.002   0.000  0.842566  0.121323  0.026659  0.973616
   1088   1     12   2   0    12     6.625   17502.631     1055.0     1242.8    227.088   6.624   0.002   0.000  0.842566  0.121323  0.026659  0.973616
   1089   1      4  11   3    24     6.716   17622.104     1912.1     1385.8    119.635   6.715   0.002   0.000  0.848317  0.120436  0.026122  0.973438
   1090   1      5  11   0    12     6.716   17622.104     3122.5     2263.0    195.366   6.715   0.002   0.000  0.848317  0.120436  0.026122  0.973438
   1091   1      7   9   4    24     6.716   17622.104     5910.3     4283.3    369.783   6.715   0.002   0.000  0.848317  0.120436  0.026122  0.973438
   1092   1      8   9   1    24     6.716   17622.104      994.8      721.0     62.243   6.715   0.002   0.000  0.848317  0.120436  0.026122  0.973438
   1093   1      9   7   4    24     6.716   17622.104      924.6      670.1     57.849   6.715   0.002   0.000  0.848317  0.120436  0.026122  0.973438
   1094   1      9   8   1    24     6.716   17622.104     2354.9     1706.7    147.337   6.715   0.002   0.000  0.848317  0.120436  0.026122  0.973438
   1095   1     11   4   3    24     6.716   17622.104      873.8      633.3     54.669   6.715   0.002   0.000  0.848317  0.120436  0.026122  0.973438
   1096   1     11   5   0    12     6.716   17622.104      211.8      153.5     13.249   6.715   0.002   0.000  0.848317  0.120436  0.026122  0.973438
   1097   1     12   1   1    24     6.716   17622.104     3515.4     2547.7    219.943   6.715   0.002   0.000  0.848317  0.120436  0.026122  0.973438
   1098   1      8   8   4    24     6.809   17744.059    76898.4    75382.2   1650.192   6.808   0.002   0.000  0.854188  0.119543  0.025593  0.973257
   1099   1     12   0   0     6     6.809   17744.059     7216.6     7074.3    154.863   6.808   0.002   0.000  0.854188  0.119543  0.025593  0.973257
   1100   1      6   9   5    24     6.905   17868.576      100.4      285.4     12.593   6.904   0.002   0.000  0.860182  0.118644  0.025071  0.973072
   1101   1      9   6   5    24     6.905   17868.576     7703.8    21901.7    966.536   6.904   0.002   0.000  0.860182  0.118644  0.025071  0.973072
   1102   1      6  10   2    24     7.004   17995.760     6063.4     7045.6    631.469   7.003   0.002   0.000  0.866305  0.117738  0.024556  0.972883
   1103   1     10   6   2    24     7.004   17995.760     5365.7     6234.9    558.811   7.003   0.002   0.000  0.866305  0.117738  0.024556  0.972883
   1104   1      4  11   1    24     7.105   18125.693     4213.5     4829.6    280.923   7.104   0.002   0.000  0.872560  0.116826  0.024049  0.972691
   1105   1      7   8   5    24     7.105   18125.693     6409.4     7346.5    427.323   7.104   0.002   0.000  0.872560  0.116826  0.024049  0.972691
   1106   1      8   7   5    24     7.105   18125.693     6534.9     7490.4    435.695   7.104   0.002   0.000  0.872560  0.116826  0.024049  0.972691
   1107   1     11   4   1    24     7.105   18125.693     1814.8     2080.2    120.998   7.104   0.002   0.000  0.872560  0.116826  0.024049  0.972691
   1108   1      6  10   0    12     7.210   18258.484      727.0      695.5     52.622   7.209   0.002   0.000  0.878952  0.115908  0.023549  0.972493
   1109   1      8   6   6    24     7.210   18258.484    10384.4     9934.5    751.677   7.209   0.002   0.000  0.878952  0.115908  0.023549  0.972493
   1110   1     10   6   0    12     7.210   18258.484     4522.5     4326.6    327.361   7.209   0.002   0.000  0.878952  0.115908  0.023549  0.972493
   1111   1      3  11   2    24     7.317   18394.236     1406.1     1178.2     45.486   7.316   0.002   0.000  0.885487  0.114982  0.023056  0.972292
   1112   1      5  10   3    24     7.317   18394.236     5773.2     4837.6    186.761   7.316   0.002   0.000  0.885487  0.114982  0.023056  0.972292
   1113   1      7   7   6    24     7.317   18394.236     5207.4     4363.5    168.457   7.316   0.002   0.000  0.885487  0.114982  0.023056  0.972292
   1114   1      7   9   2    24     7.317   18394.236    22890.7    19181.2    740.509   7.316   0.002   0.000  0.885487  0.114982  0.023056  0.972292
   1115   1      9   7   2    24     7.317   18394.236       72.3       60.6      2.338   7.316   0.002   0.000  0.885487  0.114982  0.023056  0.972292
   1116   1     10   5   3    24     7.317   18394.236     4238.3     3551.4    137.107   7.316   0.002   0.000  0.885487  0.114982  0.023056  0.972292
   1117   1     11   3   2    24     7.317   18394.236     3276.3     2745.4    105.989   7.316   0.002   0.000  0.885487  0.114982  0.023056  0.972292
   1118   1      8   8   2    24     7.428   18533.064     4445.0     4747.6    535.578   7.427   0.002   0.000  0.892170  0.114050  0.022571  0.972086
   1119   1     10   4   4    24     7.428   18533.064     3387.8     3618.4    408.194   7.427   0.002   0.000  0.892170  0.114050  0.022571  0.972086
   1120   1      3  11   0    12     7.542   18675.082      857.6      526.4     73.955   7.541   0.002   0.000  0.899007  0.113110  0.022093  0.971875
   1121   1      7   9   0    12     7.542   18675.082     8042.8     4937.0    693.560   7.541   0.002   0.000  0.899007  0.113110  0.022093  0.971875
   1122   1      9   7   0    12     7.542   18675.082     3672.4     2254.3    316.684   7.541   0.002   0.000  0.899007  0.113110  0.022093  0.971875
   1123   1     11   3   0    12     7.542   18675.082     2199.2     1349.9    189.642   7.541   0.002   0.000  0.899007  0.113110  0.022093  0.971875
   1124   1      8   8   0    12     7.660   18820.416     1022.9      761.6    554.483   7.659   0.002   0.000  0.906003  0.112163  0.021622  0.971660
   1125   1      2  11   1    24     7.782   18969.195    39244.1    35441.6    770.778   7.781   0.002   0.000  0.913165  0.111209  0.021158  0.971439
   1126   1      5  10   1    24     7.782   18969.195     4633.4     4184.5     91.004   7.781   0.002   0.000  0.913165  0.111209  0.021158  0.971439
   1127   1      6   9   3    24     7.782   18969.195     9474.2     8556.2    186.078   7.781   0.002   0.000  0.913165  0.111209  0.021158  0.971439
   1128   1      9   6   3    24     7.782   18969.195    14730.0    13302.7    289.306   7.781   0.002   0.000  0.913165  0.111209  0.021158  0.971439
   1129   1     10   5   1    24     7.782   18969.195    28749.5    25963.9    564.658   7.781   0.002   0.000  0.913165  0.111209  0.021158  0.971439
   1130   1     11   2   1    24     7.782   18969.195     4006.8     3618.6     78.697   7.781   0.002   0.000  0.913165  0.111209  0.021158  0.971439
   1131   1      1  11   0    12     8.037   19277.658     7345.5     6482.9    188.621   8.036   0.002   0.000  0.928015  0.109277  0.020253  0.970982
   1132   1      5   9   4    24     8.037   19277.658     4474.0     3948.6    114.884   8.036   0.002   0.000  0.928015  0.109277  0.020253  0.970982
   1133   1      7   8   3    24     8.037   19277.658     1704.1     1504.0     43.759   8.036   0.002   0.000  0.928015  0.109277  0.020253  0.970982
   1134   1      8   7   3    24     8.037   19277.658    11539.5    10184.4    296.316   8.036   0.002   0.000  0.928015  0.109277  0.020253  0.970982
   1135   1      9   5   4    24     8.037   19277.658    19261.4    16999.5    494.602   8.036   0.002   0.000  0.928015  0.109277  0.020253  0.970982
   1136   1     11   1   0    12     8.037   19277.658     5305.7     4682.6    136.241   8.036   0.002   0.000  0.928015  0.109277  0.020253  0.970982
   1137   1      4  10   2    24     8.171   19437.643    21066.0    20235.9    932.476   8.170   0.002   0.000  0.935716  0.108300  0.019812  0.970745
   1138   1     10   4   2    24     8.171   19437.643     2456.3     2359.6    108.729   8.170   0.002   0.000  0.935716  0.108300  0.019812  0.970745
   1139   1      6   9   1    24     8.309   19601.674    23091.6    18452.0    490.394   8.308   0.002   0.000  0.943612  0.107314  0.019377  0.970502
   1140   1      9   6   1    24     8.309   19601.674     7860.6     6281.3    166.935   8.308   0.002   0.000  0.943612  0.107314  0.019377  0.970502

   No.  Code     H   K   L  Mult     Hw     2theta/TOF      Icalc       Iobs      Sigma    HwG     HwL     ETA     d-hkl  TOF_alpha  TOF_beta     CORR

   1141   1     10   3   3    24     8.309   19601.674    25243.4    20171.5    536.091   8.308   0.002   0.000  0.943612  0.107314  0.019377  0.970502
   1142   1      4  10   0    12     8.452   19769.934    12099.8    10239.1    201.273   8.451   0.002   0.000  0.951712  0.106320  0.018950  0.970253
   1143   1      6   8   4    24     8.452   19769.934    12255.8    10371.1    203.869   8.451   0.002   0.000  0.951712  0.106320  0.018950  0.970253
   1144   1      8   6   4    24     8.452   19769.934    21067.5    17827.8    350.447   8.451   0.002   0.000  0.951712  0.106320  0.018950  0.970253
   1145   1     10   4   0    12     8.452   19769.934    29082.3    24610.1    483.769   8.451   0.002   0.000  0.951712  0.106320  0.018950  0.970253
   1146   1      7   7   4    24     8.601   19942.600     4000.7     4586.0     89.175   8.600   0.002   0.000  0.960024  0.105317  0.018531  0.969998
   1147   1      7   8   1    24     8.601   19942.600    30909.8    35432.5    688.984   8.600   0.002   0.000  0.960024  0.105317  0.018531  0.969998
   1148   1      8   5   5    24     8.601   19942.600    15804.7    18117.2    352.288   8.600   0.002   0.000  0.960024  0.105317  0.018531  0.969998
   1149   1      8   7   1    24     8.601   19942.600    27596.2    31634.0    615.122   8.600   0.002   0.000  0.960024  0.105317  0.018531  0.969998
   1150   1      3  10   1    24     8.913   20301.953      204.3      175.9      3.624   8.912   0.002   0.000  0.977323  0.103285  0.017713  0.969466
   1151   1      5   9   2    24     8.913   20301.953     3428.7     2953.2     60.833   8.912   0.002   0.000  0.977323  0.103285  0.017713  0.969466
   1152   1      6   7   5    24     8.913   20301.953    26855.0    23130.7    476.470   8.912   0.002   0.000  0.977323  0.103285  0.017713  0.969466
   1153   1      7   6   5    24     8.913   20301.953     1578.5     1359.6     28.006   8.912   0.002   0.000  0.977323  0.103285  0.017713  0.969466
   1154   1      9   5   2    24     8.913   20301.953    10330.2     8897.6    183.282   8.912   0.002   0.000  0.977323  0.103285  0.017713  0.969466
   1155   1     10   3   1    24     8.913   20301.953    25164.1    21674.3    446.469   8.912   0.002   0.000  0.977323  0.103285  0.017713  0.969466
   1156   1      6   6   6     8     9.079   20489.074    15968.8    13836.1    316.134   9.078   0.002   0.000  0.986331  0.102255  0.017315  0.969189
   1157   1     10   2   2    24     9.079   20489.074    39458.1    34188.3    781.152   9.078   0.002   0.000  0.986331  0.102255  0.017315  0.969189
   1158   1      4   9   3    24     9.250   20681.461     3857.6     3556.6     78.790   9.249   0.002   0.000  0.995593  0.101215  0.016925  0.968905
   1159   1      5   9   0    12     9.250   20681.461     8496.1     7833.2    173.530   9.249   0.002   0.000  0.995593  0.101215  0.016925  0.968905
   1160   1      9   4   3    24     9.250   20681.461    38859.8    35828.1    793.703   9.249   0.002   0.000  0.995593  0.101215  0.016925  0.968905
   1161   1      9   5   0    12     9.250   20681.461     3394.6     3129.7     69.333   9.249   0.002   0.000  0.995593  0.101215  0.016925  0.968905
   1162   1      2  10   0    12     9.428   20879.377      359.2      322.8     11.607   9.427   0.002   0.000  1.005120  0.100165  0.016541  0.968612
   1163   1      6   8   2    24     9.428   20879.377     6438.3     5786.9    208.050   9.427   0.002   0.000  1.005120  0.100165  0.016541  0.968612
   1164   1      8   6   2    24     9.428   20879.377    23094.5    20757.7    746.281   9.427   0.002   0.000  1.005120  0.100165  0.016541  0.968612
   1165   1     10   2   0    12     9.428   20879.377       10.5        9.4      0.338   9.427   0.002   0.000  1.005120  0.100165  0.016541  0.968612
   1166   1      7   7   2    24     9.613   21083.080    27308.4    28874.1    793.649   9.611   0.002   0.000  1.014926  0.099106  0.016165  0.968311
   1167   1     10   1   1    24     9.613   21083.080     8931.0     9443.0    259.556   9.611   0.002   0.000  1.014926  0.099106  0.016165  0.968311
   1168   1      6   8   0    12     9.805   21292.869     1454.9     2225.4    117.732   9.804   0.002   0.000  1.025025  0.098036  0.015797  0.968002
   1169   1      8   6   0    12     9.805   21292.869     2704.2     4136.3    218.825   9.804   0.002   0.000  1.025025  0.098036  0.015797  0.968002
   1170   1     10   0   0     6     9.805   21292.869     6008.7     9190.7    486.223   9.804   0.002   0.000  1.025025  0.098036  0.015797  0.968002
   1171   1      4   9   1    24    10.005   21509.045      518.7      418.7     12.091  10.004   0.002   0.000  1.035432  0.096955  0.015435  0.967683
   1172   1      5   8   3    24    10.005   21509.045    11513.8     9294.2    268.380  10.004   0.002   0.000  1.035432  0.096955  0.015435  0.967683
   1173   1      7   7   0    12    10.005   21509.045      815.8      658.5     19.016  10.004   0.002   0.000  1.035432  0.096955  0.015435  0.967683
   1174   1      8   5   3    24    10.005   21509.045     1190.1      960.7     27.741  10.004   0.002   0.000  1.035432  0.096955  0.015435  0.967683
   1175   1      9   4   1    24    10.005   21509.045    31009.8    25031.6    722.819  10.004   0.002   0.000  1.035432  0.096955  0.015435  0.967683
   1176   1      8   4   4    24    10.213   21731.943    17588.7    12771.7    826.489  10.212   0.002   0.000  1.046162  0.095863  0.015081  0.967354
   1177   1      3   9   2    24    10.431   21961.918   211171.2   210345.2   1224.013  10.429   0.002   0.000  1.057233  0.094760  0.014735  0.967014
   1178   1      6   7   3    24    10.431   21961.918     1592.2     1586.0      9.229  10.429   0.002   0.000  1.057233  0.094760  0.014735  0.967014
   1179   1      7   6   3    24    10.431   21961.918   127154.0   126656.6    737.023  10.429   0.002   0.000  1.057233  0.094760  0.014735  0.967014
   1180   1      9   3   2    24    10.431   21961.918    25284.0    25185.1    146.554  10.429   0.002   0.000  1.057233  0.094760  0.014735  0.967014
   1181   1      3   9   0    12    10.894   22444.654        0.6        0.4      0.008  10.893   0.002   0.000  1.080472  0.092517  0.014063  0.966303
   1182   1      5   7   4    24    10.894   22444.654    14911.1    10472.7    192.382  10.893   0.002   0.000  1.080472  0.092517  0.014063  0.966303
   1183   1      5   8   1    24    10.894   22444.654     7613.7     5347.4     98.231  10.893   0.002   0.000  1.080472  0.092517  0.014063  0.966303
   1184   1      7   5   4    24    10.894   22444.654    46139.9    32406.0    595.293  10.893   0.002   0.000  1.080472  0.092517  0.014063  0.966303
   1185   1      8   5   1    24    10.894   22444.654    23596.7    16573.0    304.442  10.893   0.002   0.000  1.080472  0.092517  0.014063  0.966303
   1186   1      9   3   0    12    10.894   22444.654      229.4      161.1      2.959  10.893   0.002   0.000  1.080472  0.092517  0.014063  0.966303
   1187   1      6   6   4    24    11.142   22698.275    10624.0        0.0    682.926  11.141   0.002   0.000  1.092681  0.091377  0.013738  0.965929
   1188   1      2   9   1    24    11.401   22960.691    43963.5    45753.2    168.892  11.400   0.002   0.000  1.105313  0.090224  0.013421  0.965542
   1189   1      6   5   5    24    11.401   22960.691   115876.0   120593.1    445.155  11.400   0.002   0.000  1.105313  0.090224  0.013421  0.965542
   1190   1      6   7   1    24    11.401   22960.691   214000.2   222711.7    822.113  11.400   0.002   0.000  1.105313  0.090224  0.013421  0.965542
   1191   1      7   6   1    24    11.401   22960.691     5517.0     5741.6     21.194  11.400   0.002   0.000  1.105313  0.090224  0.013421  0.965542
   1192   1      9   2   1    24    11.401   22960.691   134530.5   140007.0    516.819  11.400   0.002   0.000  1.105313  0.090224  0.013421  0.965542
   1193   1      4   8   2    24    11.672   23232.424    60876.0    79821.9    759.309  11.671   0.002   0.000  1.118394  0.089058  0.013110  0.965142
   1194   1      8   4   2    24    11.672   23232.424    25039.6    32832.5    312.321  11.671   0.002   0.000  1.118394  0.089058  0.013110  0.965142
   1195   1      1   9   0    12    11.957   23514.041     6225.3     6196.5     69.328  11.956   0.002   0.000  1.131951  0.087878  0.012807  0.964728
   1196   1      8   3   3    24    11.957   23514.041    67333.6    67022.3    749.865  11.956   0.002   0.000  1.131951  0.087878  0.012807  0.964728
   1197   1      9   1   0    12    11.957   23514.041    29366.5    29230.7    327.042  11.956   0.002   0.000  1.131951  0.087878  0.012807  0.964728
   1198   1      4   8   0    12    12.256   23806.154    26378.0    25825.7    514.675  12.255   0.002   0.000  1.146013  0.086683  0.012512  0.964298
   1199   1      8   4   0    12    12.256   23806.154    23274.5    22787.2    454.122  12.255   0.002   0.000  1.146013  0.086683  0.012512  0.964298
   1200   1      5   7   2    24    12.570   24109.426    23862.0    18182.1    544.394  12.569   0.002   0.000  1.160613  0.085473  0.012223  0.963852

   No.  Code     H   K   L  Mult     Hw     2theta/TOF      Icalc       Iobs      Sigma    HwG     HwL     ETA     d-hkl  TOF_alpha  TOF_beta     CORR

   1201   1      7   5   2    24    12.570   24109.426    16744.0    12758.4    382.000  12.569   0.002   0.000  1.160613  0.085473  0.012223  0.963852
   1202   1      6   6   2    24    12.901   24424.598    29942.2    19524.6    851.908  12.900   0.002   0.000  1.175785  0.084247  0.011942  0.963389
   1203   1      3   8   1    24    13.249   24752.459     4908.7     5099.0     52.829  13.248   0.002   0.000  1.191568  0.083006  0.011669  0.962908
   1204   1      4   7   3    24    13.249   24752.459     6197.4     6437.7     66.699  13.248   0.002   0.000  1.191568  0.083006  0.011669  0.962908
   1205   1      5   7   0    12    13.249   24752.459     3805.8     3953.3     40.959  13.248   0.002   0.000  1.191568  0.083006  0.011669  0.962908
   1206   1      7   4   3    24    13.249   24752.459    78411.6    81451.2    843.890  13.248   0.002   0.000  1.191568  0.083006  0.011669  0.962908
   1207   1      7   5   0    12    13.249   24752.459     3513.7     3649.9     37.815  13.248   0.002   0.000  1.191568  0.083006  0.011669  0.962908
   1208   1      8   3   1    24    13.249   24752.459     4980.5     5173.6     53.602  13.248   0.002   0.000  1.191568  0.083006  0.011669  0.962908
   1209   1      6   6   0    12    13.618   25093.887    32035.3    31781.4    662.868  13.616   0.002   0.000  1.208004  0.081747  0.011402  0.962407
   1210   1      8   2   2    24    13.618   25093.887    11371.2    11281.0    235.290  13.616   0.002   0.000  1.208004  0.081747  0.011402  0.962407
   1211   1      5   6   3    24    14.007   25449.848    18222.0    17930.9    150.726  14.005   0.002   0.000  1.225140  0.080471  0.011143  0.961884
   1212   1      6   5   3    24    14.007   25449.848   118392.5   116501.5    979.300  14.005   0.002   0.000  1.225140  0.080471  0.011143  0.961884
   1213   1      2   8   0    12    14.419   25821.396    24396.9    26539.9    191.059  14.417   0.002   0.000  1.243026  0.079176  0.010891  0.961340
   1214   1      6   4   4    24    14.419   25821.396    32926.9    35819.1    257.858  14.417   0.002   0.000  1.243026  0.079176  0.010891  0.961340
   1215   1      8   2   0    12    14.419   25821.396    95251.0   103617.6    745.934  14.417   0.002   0.000  1.243026  0.079176  0.010891  0.961340
   1216   1      4   7   1    24    14.855   26209.711     5376.7     4178.8    164.212  14.854   0.002   0.000  1.261719  0.077862  0.010647  0.960771
   1217   1      5   5   4    24    14.855   26209.711     5397.9     4195.3    164.860  14.854   0.002   0.000  1.261719  0.077862  0.010647  0.960771
   1218   1      7   4   1    24    14.855   26209.711    10616.8     8251.5    324.253  14.854   0.002   0.000  1.261719  0.077862  0.010647  0.960771
   1219   1      8   1   1    24    14.855   26209.711     5807.2     4513.4    177.359  14.854   0.002   0.000  1.261719  0.077862  0.010647  0.960771
   1220   1      8   0   0     6    15.320   26616.088    44332.5    33229.0    884.472  15.318   0.002   0.000  1.281282  0.076528  0.010409  0.960176
   1221   1      3   7   2    24    15.814   27041.971   165757.0   175061.4    557.519  15.812   0.002   0.000  1.301784  0.075173  0.010180  0.959553
   1222   1      5   6   1    24    15.814   27041.971    69819.6    73738.7    234.836  15.812   0.002   0.000  1.301784  0.075173  0.010180  0.959553
   1223   1      6   5   1    24    15.814   27041.971   237739.4   251084.3    799.630  15.812   0.002   0.000  1.301784  0.075173  0.010180  0.959553
   1224   1      7   3   2    24    15.814   27041.971    90147.0    95207.1    303.207  15.812   0.002   0.000  1.301784  0.075173  0.010180  0.959553
   1225   1      3   7   0    12    16.904   27958.908     3757.2        0.0    162.548  16.903   0.003   0.000  1.345924  0.072396  0.009742  0.958212
   1226   1      7   3   0    12    16.904   27958.908    15876.8        0.0    686.884  16.903   0.003   0.000  1.345924  0.072396  0.009742  0.958212
   1227   1      4   6   2    24    17.508   28453.793    47559.5    50413.3    391.010  17.507   0.003   0.000  1.369748  0.070972  0.009534  0.957490
   1228   1      6   4   2    24    17.508   28453.793    90227.3    95641.4    741.803  17.507   0.003   0.000  1.369748  0.070972  0.009534  0.957490
   1229   1      2   7   1    24    18.156   28975.924   109965.8   113603.5    428.896  18.155   0.003   0.000  1.394883  0.069522  0.009333  0.956728
   1230   1      5   5   2    24    18.156   28975.924    44203.5    45665.8    172.406  18.155   0.003   0.000  1.394883  0.069522  0.009333  0.956728
   1231   1      6   3   3    24    18.156   28975.924     5473.9     5655.0     21.350  18.155   0.003   0.000  1.394883  0.069522  0.009333  0.956728
   1232   1      7   2   1    24    18.156   28975.924   220723.0   228024.5    860.878  18.155   0.003   0.000  1.394883  0.069522  0.009333  0.956728
   1233   1      4   6   0    12    18.855   29527.896   149315.8   164276.1    943.700  18.853   0.003   0.000  1.421455  0.068045  0.009139  0.955924
   1234   1      6   4   0    12    18.855   29527.896    47542.4    52305.8    300.476  18.853   0.003   0.000  1.421455  0.068045  0.009139  0.955924
   1235   1      1   7   0    12    19.609   30112.662     1901.1     1807.1      9.388  19.607   0.003   0.000  1.449605  0.066539  0.008953  0.955072
   1236   1      4   5   3    24    19.609   30112.662     1770.5     1683.0      8.744  19.607   0.003   0.000  1.449605  0.066539  0.008953  0.955072
   1237   1      5   4   3    24    19.609   30112.662   232526.4   221022.8   1148.299  19.607   0.003   0.000  1.449605  0.066539  0.008953  0.955072
   1238   1      5   5   0    12    19.609   30112.662     5865.2     5575.0     28.965  19.607   0.003   0.000  1.449605  0.066539  0.008953  0.955072
   1239   1      7   1   0    12    19.609   30112.662    22241.0    21140.6    109.834  19.607   0.003   0.000  1.449605  0.066539  0.008953  0.955072
   1240   1      4   4   4     8    20.426   30733.611    99533.0    91763.0   1057.177  20.424   0.003   0.000  1.479497  0.065002  0.008774  0.954169
   1241   1      3   6   1    24    21.314   31394.621   180186.9   182694.7    932.064  21.312   0.003   0.000  1.511318  0.063434  0.008603  0.953209
   1242   1      6   3   1    24    21.314   31394.621    73167.6    74186.0    378.479  21.312   0.003   0.000  1.511318  0.063434  0.008603  0.953209
   1243   1      6   2   2    24    22.283   32100.207   203069.3   218355.7   1276.041  22.281   0.003   0.000  1.545284  0.061831  0.008439  0.952184
   1244   1      4   5   1    24    23.344   32855.609   138994.1   135229.5    893.497  23.342   0.003   0.000  1.581649  0.060190  0.008282  0.951089
   1245   1      5   4   1    24    23.344   32855.609    61057.9    59404.2    392.499  23.342   0.003   0.000  1.581649  0.060190  0.008282  0.951089
   1246   1      2   6   0    12    24.511   33666.980      467.7      432.9     10.050  24.509   0.003   0.000  1.620708  0.058511  0.008132  0.949915
   1247   1      6   2   0    12    24.511   33666.980    49398.4    45726.0   1061.531  24.509   0.003   0.000  1.620708  0.058511  0.008132  0.949915
   1248   1      3   5   2    24    25.801   34541.594   332338.5   341198.3    749.273  25.799   0.003   0.000  1.662811  0.056789  0.007990  0.948650
   1249   1      5   3   2    24    25.801   34541.594   252275.0   259000.4    568.766  25.799   0.003   0.000  1.662811  0.056789  0.007990  0.948650
   1250   1      6   1   1    24    25.801   34541.594   350761.2   360112.1    790.808  25.799   0.003   0.000  1.662811  0.056789  0.007990  0.948650
   1251   1      4   4   2    24    27.234   35488.117   219918.9   209008.2   1180.238  27.233   0.003   0.000  1.708376  0.055021  0.007855  0.947284
   1252   1      6   0   0     6    27.234   35488.117    57987.4    55110.5    311.201  27.233   0.003   0.000  1.708376  0.055021  0.007855  0.947284
   1253   1      3   5   0    12    28.836   36516.969     1037.7      965.0     11.230  28.834   0.003   0.000  1.757904  0.053203  0.007727  0.945801
   1254   1      4   3   3    24    28.836   36516.969    31915.0    29679.5    345.384  28.834   0.003   0.000  1.757904  0.053203  0.007727  0.945801
   1255   1      5   3   0    12    28.836   36516.969    91154.1    84769.0    986.467  28.834   0.003   0.000  1.757904  0.053203  0.007727  0.945801
   1256   1      4   4   0    12    30.638   37640.832  1050281.8  1042922.3   2379.307  30.637   0.003   0.000  1.812006  0.051331  0.007606  0.944184
   1257   1      2   5   1    24    32.681   38875.285  1057716.6  1128277.1   2075.929  32.679   0.004   0.000  1.871432  0.049399  0.007493  0.942411
   1258   1      5   2   1    24    32.681   38875.285   469426.3   500741.8    921.320  32.679   0.004   0.000  1.871432  0.049399  0.007493  0.942411
   1259   1      1   5   0    12    37.709   41758.754   122460.4   120882.4    212.383  37.707   0.004   0.000  2.010241  0.045332  0.007289  0.938284
   1260   1      3   4   1    24    37.709   41758.754  1284571.4  1268018.8   2227.826  37.707   0.004   0.000  2.010241  0.045332  0.007289  0.938284

   No.  Code     H   K   L  Mult     Hw     2theta/TOF      Icalc       Iobs      Sigma    HwG     HwL     ETA     d-hkl  TOF_alpha  TOF_beta     CORR

   1261   1      4   3   1    24    37.709   41758.754   608809.8   600964.9   1055.856  37.707   0.004   0.000  2.010241  0.045332  0.007289  0.938284
   1262   1      5   1   0    12    37.709   41758.754    23342.6    23041.9     40.483  37.707   0.004   0.000  2.010241  0.045332  0.007289  0.938284
   1263   1      4   2   2    24    40.851   43463.887    56524.4    39305.5   1671.814  40.849   0.004   0.000  2.092324  0.043181  0.007198  0.935853
   1264   1      3   3   2    24    44.565   45396.551  2783058.2  2813043.5   4192.592  44.562   0.004   0.000  2.185362  0.040938  0.007114  0.933106
   1265   1      2   4   0    12    49.021   47612.309   647423.9   664563.9   1691.468  49.019   0.004   0.000  2.292027  0.038590  0.007037  0.929967
   1266   1      4   2   0    12    49.021   47612.309   605754.0   621790.8   1582.601  49.019   0.004   0.000  2.292027  0.038590  0.007037  0.929967
   1267   1      3   3   0    12    54.468   50187.773    13256.7    13344.5     41.299  54.465   0.005   0.000  2.416008  0.036122  0.006968  0.926332
   1268   1      4   1   1    24    54.468   50187.773   991071.8   997633.6   3087.534  54.465   0.005   0.000  2.416008  0.036122  0.006968  0.926332
   1269   1      4   0   0     6    61.276   53232.176   504403.1   510957.5   2797.692  61.273   0.005   0.000  2.562564  0.033513  0.006906  0.922056
   1270   1      2   3   1    24    70.029   56907.586   237387.7   239544.0   1111.348  70.027   0.005   0.000  2.739496  0.030735  0.006851  0.916921
   1271   1      3   2   1    24    70.029   56907.586   498006.9   502530.6   2331.455  70.027   0.005   0.000  2.739496  0.030735  0.006851  0.916921
   1272   1      2   2   2     8    81.701   61467.223   522654.4   507265.1   3613.188  81.698   0.006   0.000  2.958994  0.027750  0.006803  0.910595
   1273   1      1   3   0    12    98.040   67333.961    41033.5    41232.3    444.135  98.037   0.006   0.000  3.241415  0.024504  0.006763  0.902523
   1274   1      3   1   0    12    98.040   67333.961   336768.0   338399.8   3645.086  98.037   0.006   0.000  3.241415  0.024504  0.006763  0.902523
   1275   1      2   2   0    12   122.550   75281.664  2803775.5  2835325.5   9647.112 122.546   0.007   0.000  3.624013  0.020914  0.006730  0.891712
   1276   1      2   1   1    24   163.400   86927.773  2135658.8  2218062.5  12212.596 163.395   0.008   0.000  4.184649  0.016839  0.006705  0.876121

     -----------------------------------------------------
     BRAGG R-Factors and weight fractions for Pattern #  1
     -----------------------------------------------------

 => Phase:  1     Y5Al3O12 Nuclear
 => Bragg R-factor:   5.97       Vol: 1076.971( 0.000)  Fract(%):  100.00( 3.52)
 => Rf-factor=  37.8             ATZ:        1944.635   Brindley:  1.0000

 --------------------------------------------------------------------------------------------------------------------------------------------------------
 Pattern#  2 Phase No.:   1 Phase name: Y5Al3O12 Nuclear
 --------------------------------------------------------------------------------------------------------------------------------------------------------

   No.  Code     H   K   L  Mult     Hw     2theta/TOF      Icalc       Iobs      Sigma    HwG     HwL     ETA     d-hkl  TOF_alpha  TOF_beta     CORR

      1   1      6  20   4    24     6.580    8996.605      155.3        0.0    786.454   6.580   0.000   0.000  0.482131  0.243033  0.278131  0.993832
      2   1     14  16   0    12     6.580    8996.605       84.4        0.0    427.110   6.580   0.000   0.000  0.482131  0.243033  0.278131  0.993832
      3   1     16  14   0    12     6.580    8996.605        6.2        0.0     31.194   6.580   0.000   0.000  0.482131  0.243033  0.278131  0.993832
      4   1     18   8   8    24     6.580    8996.605      150.2        0.0    760.319   6.580   0.000   0.000  0.482131  0.243033  0.278131  0.993832
      5   1     20   6   4    24     6.580    8996.605       71.6        0.0    362.481   6.580   0.000   0.000  0.482131  0.243033  0.278131  0.993832
      6   1      3  21   0    12     6.596    9016.576       44.6        0.0    165.046   6.596   0.000   0.000  0.483202  0.242469  0.275731  0.993818
      7   1      7  20   1    24     6.596    9016.576      341.2        0.0   1262.823   6.596   0.000   0.000  0.483202  0.242469  0.275731  0.993818
      8   1      8  19   5    24     6.596    9016.576      195.5        0.0    723.445   6.596   0.000   0.000  0.483202  0.242469  0.275731  0.993818
      9   1     12  15   9    24     6.596    9016.576       66.4        0.0    245.715   6.596   0.000   0.000  0.483202  0.242469  0.275731  0.993818
     10   1     13  16   5    24     6.596    9016.576       45.6        0.0    168.700   6.596   0.000   0.000  0.483202  0.242469  0.275731  0.993818
     11   1     15  12   9    24     6.596    9016.576       34.4        0.0    127.412   6.596   0.000   0.000  0.483202  0.242469  0.275731  0.993818
     12   1     15  15   0    12     6.596    9016.576      204.3        0.0    755.974   6.596   0.000   0.000  0.483202  0.242469  0.275731  0.993818
     13   1     16  13   5    24     6.596    9016.576      101.4        0.0    375.102   6.596   0.000   0.000  0.483202  0.242469  0.275731  0.993818
     14   1     19   8   5    24     6.596    9016.576       67.4        0.0    249.505   6.596   0.000   0.000  0.483202  0.242469  0.275731  0.993818
     15   1     20   5   5    24     6.596    9016.576       31.3        0.0    115.790   6.596   0.000   0.000  0.483202  0.242469  0.275731  0.993818
     16   1     20   7   1    24     6.596    9016.576       42.9        0.0    158.604   6.596   0.000   0.000  0.483202  0.242469  0.275731  0.993818
     17   1     21   3   0    12     6.596    9016.576       49.2        0.0    181.993   6.596   0.000   0.000  0.483202  0.242469  0.275731  0.993818
     18   1      2  21   1    24     6.629    9056.919       37.1      155.9    644.429   6.629   0.000   0.000  0.485364  0.241337  0.270965  0.993791
     19   1      7  19   6    24     6.629    9056.919      294.4     1238.4   5120.577   6.629   0.000   0.000  0.485364  0.241337  0.270965  0.993791
     20   1      9  19   2    24     6.629    9056.919       35.0      147.2    608.708   6.629   0.000   0.000  0.485364  0.241337  0.270965  0.993791
     21   1     11  15  10    24     6.629    9056.919      226.7      953.5   3942.666   6.629   0.000   0.000  0.485364  0.241337  0.270965  0.993791
     22   1     11  17   6    24     6.629    9056.919      936.5     3938.8  16286.727   6.629   0.000   0.000  0.485364  0.241337  0.270965  0.993791
     23   1     11  18   1    24     6.629    9056.919       30.4      127.9    528.910   6.629   0.000   0.000  0.485364  0.241337  0.270965  0.993791
     24   1     13  14   9    24     6.629    9056.919      110.4      464.4   1920.438   6.629   0.000   0.000  0.485364  0.241337  0.270965  0.993791
     25   1     14  13   9    24     6.629    9056.919      103.6      435.9   1802.257   6.629   0.000   0.000  0.485364  0.241337  0.270965  0.993791
     26   1     14  15   5    24     6.629    9056.919       43.3      181.9    752.260   6.629   0.000   0.000  0.485364  0.241337  0.270965  0.993791
     27   1     15  11  10    24     6.629    9056.919      194.8      819.3   3387.816   6.629   0.000   0.000  0.485364  0.241337  0.270965  0.993791
     28   1     15  14   5    24     6.629    9056.919      334.1     1405.1   5810.014   6.629   0.000   0.000  0.485364  0.241337  0.270965  0.993791
     29   1     17  11   6    24     6.629    9056.919       97.3      409.4   1692.944   6.629   0.000   0.000  0.485364  0.241337  0.270965  0.993791
     30   1     18  11   1    24     6.629    9056.919       64.9      272.9   1128.353   6.629   0.000   0.000  0.485364  0.241337  0.270965  0.993791
     31   1     19   7   6    24     6.629    9056.919      369.1     1552.3   6418.763   6.629   0.000   0.000  0.485364  0.241337  0.270965  0.993791
     32   1     19   9   2    24     6.629    9056.919      507.6     2134.9   8827.612   6.629   0.000   0.000  0.485364  0.241337  0.270965  0.993791
     33   1     21   2   1    24     6.629    9056.919        1.7        7.1     29.556   6.629   0.000   0.000  0.485364  0.241337  0.270965  0.993791
     34   1      1  21   0    12     6.663    9097.808      114.2      428.1    245.306   6.663   0.000   0.000  0.487555  0.240200  0.266241  0.993763
     35   1      9  19   0    12     6.663    9097.808       22.5       84.5     48.409   6.663   0.000   0.000  0.487555  0.240200  0.266241  0.993763
     36   1     12  17   3    24     6.663    9097.808      194.9      730.8    418.777   6.663   0.000   0.000  0.487555  0.240200  0.266241  0.993763
     37   1     17  12   3    24     6.663    9097.808        3.4       12.6      7.232   6.663   0.000   0.000  0.487555  0.240200  0.266241  0.993763
     38   1     19   9   0    12     6.663    9097.808      126.3      473.6    271.423   6.663   0.000   0.000  0.487555  0.240200  0.266241  0.993763
     39   1     21   1   0    12     6.663    9097.808       27.9      104.7     59.990   6.663   0.000   0.000  0.487555  0.240200  0.266241  0.993763
     40   1      6  20   2    24     6.680    9118.461      239.5      930.2    547.064   6.680   0.000   0.000  0.488662  0.239630  0.263895  0.993749
     41   1     10  18   4    24     6.680    9118.461       41.8      162.3     95.476   6.680   0.000   0.000  0.488662  0.239630  0.263895  0.993749
     42   1     12  14  10    24     6.680    9118.461      173.8      675.1    397.038   6.680   0.000   0.000  0.488662  0.239630  0.263895  0.993749
     43   1     14  12  10    24     6.680    9118.461       70.2      272.6    160.316   6.680   0.000   0.000  0.488662  0.239630  0.263895  0.993749
     44   1     18  10   4    24     6.680    9118.461      427.5     1660.1    976.357   6.680   0.000   0.000  0.488662  0.239630  0.263895  0.993749
     45   1     20   6   2    24     6.680    9118.461      365.0     1417.2    833.497   6.680   0.000   0.000  0.488662  0.239630  0.263895  0.993749
     46   1     10  17   7    24     6.698    9139.256       83.8      295.8    152.530   6.698   0.000   0.000  0.489776  0.239058  0.261560  0.993735
     47   1     13  13  10    24     6.698    9139.256       87.3      308.1    158.913   6.698   0.000   0.000  0.489776  0.239058  0.261560  0.993735
     48   1     14  11  11    24     6.698    9139.256      240.2      847.6    437.116   6.698   0.000   0.000  0.489776  0.239058  0.261560  0.993735
     49   1     17  10   7    24     6.698    9139.256      614.9     2169.9   1119.114   6.698   0.000   0.000  0.489776  0.239058  0.261560  0.993735
     50   1      6  20   0    12     6.715    9160.194        0.4        0.6      0.488   6.715   0.000   0.000  0.490898  0.238485  0.259235  0.993720
     51   1     12  16   6    24     6.715    9160.194      527.4      826.1    728.853   6.715   0.000   0.000  0.490898  0.238485  0.259235  0.993720
     52   1     16  12   6    24     6.715    9160.194      126.0      197.4    174.129   6.715   0.000   0.000  0.490898  0.238485  0.259235  0.993720
     53   1     20   6   0    12     6.715    9160.194      152.7      239.1    210.972   6.715   0.000   0.000  0.490898  0.238485  0.259235  0.993720
     54   1      5  20   3    24     6.732    9181.275      290.4      487.0    551.565   6.732   0.000   0.000  0.492028  0.237911  0.256922  0.993706
     55   1      8  19   3    24     6.732    9181.275      163.3      273.8    310.104   6.732   0.000   0.000  0.492028  0.237911  0.256922  0.993706
     56   1      9  17   8    24     6.732    9181.275       22.7       38.1     43.149   6.732   0.000   0.000  0.492028  0.237911  0.256922  0.993706
     57   1     12  13  11    24     6.732    9181.275       36.1       60.5     68.494   6.732   0.000   0.000  0.492028  0.237911  0.256922  0.993706
     58   1     12  17   1    24     6.732    9181.275      309.7      519.3    588.196   6.732   0.000   0.000  0.492028  0.237911  0.256922  0.993706
     59   1     13  12  11    24     6.732    9181.275      241.6      405.1    458.820   6.732   0.000   0.000  0.492028  0.237911  0.256922  0.993706
     60   1     13  16   3    24     6.732    9181.275      197.8      331.7    375.731   6.732   0.000   0.000  0.492028  0.237911  0.256922  0.993706

   No.  Code     H   K   L  Mult     Hw     2theta/TOF      Icalc       Iobs      Sigma    HwG     HwL     ETA     d-hkl  TOF_alpha  TOF_beta     CORR

     61   1     16  13   3    24     6.732    9181.275      472.4      792.1    897.212   6.732   0.000   0.000  0.492028  0.237911  0.256922  0.993706
     62   1     17   9   8    24     6.732    9181.275       88.9      149.1    168.908   6.732   0.000   0.000  0.492028  0.237911  0.256922  0.993706
     63   1     17  12   1    24     6.732    9181.275      211.5      354.7    401.787   6.732   0.000   0.000  0.492028  0.237911  0.256922  0.993706
     64   1     19   8   3    24     6.732    9181.275        0.2        0.4      0.432   6.732   0.000   0.000  0.492028  0.237911  0.256922  0.993706
     65   1     20   5   3    24     6.732    9181.275      122.1      204.8    231.950   6.732   0.000   0.000  0.492028  0.237911  0.256922  0.993706
     66   1     12  12  12     8     6.750    9202.505      296.7     1229.1    713.085   6.750   0.000   0.000  0.493166  0.237336  0.254618  0.993691
     67   1     20   4   4    24     6.750    9202.505      418.0     1731.6   1004.599   6.750   0.000   0.000  0.493166  0.237336  0.254618  0.993691
     68   1      9  18   5    24     6.768    9223.881       30.5      159.6    131.802   6.768   0.000   0.000  0.494311  0.236759  0.252325  0.993677
     69   1     13  15   6    24     6.768    9223.881      489.5     2559.8   2114.007   6.768   0.000   0.000  0.494311  0.236759  0.252325  0.993677
     70   1     14  15   3    24     6.768    9223.881      308.0     1610.8   1330.260   6.768   0.000   0.000  0.494311  0.236759  0.252325  0.993677
     71   1     15  13   6    24     6.768    9223.881       65.0      340.1    280.901   6.768   0.000   0.000  0.494311  0.236759  0.252325  0.993677
     72   1     15  14   3    24     6.768    9223.881       81.2      424.8    350.830   6.768   0.000   0.000  0.494311  0.236759  0.252325  0.993677
     73   1     18   9   5    24     6.768    9223.881      710.0     3713.0   3066.388   6.768   0.000   0.000  0.494311  0.236759  0.252325  0.993677
     74   1     10  18   2    24     6.786    9245.406      103.9      156.6    164.931   6.786   0.000   0.000  0.495465  0.236180  0.250043  0.993662
     75   1     14  14   6    24     6.786    9245.406       35.4       53.4     56.207   6.786   0.000   0.000  0.495465  0.236180  0.250043  0.993662
     76   1     18  10   2    24     6.786    9245.406       17.5       26.3     27.745   6.786   0.000   0.000  0.495465  0.236180  0.250043  0.993662
     77   1      5  20   1    24     6.804    9267.083      367.2     4381.9   2322.218   6.804   0.000   0.000  0.496626  0.235601  0.247772  0.993647
     78   1      7  19   4    24     6.804    9267.083       28.2      336.7    178.415   6.804   0.000   0.000  0.496626  0.235601  0.247772  0.993647
     79   1      8  19   1    24     6.804    9267.083      256.8     3064.6   1624.129   6.804   0.000   0.000  0.496626  0.235601  0.247772  0.993647
     80   1     11  16   7    24     6.804    9267.083       19.7      235.5    124.828   6.804   0.000   0.000  0.496626  0.235601  0.247772  0.993647
     81   1     11  17   4    24     6.804    9267.083       72.2      861.2    456.405   6.804   0.000   0.000  0.496626  0.235601  0.247772  0.993647
     82   1     13  16   1    24     6.804    9267.083      187.4     2237.1   1185.594   6.804   0.000   0.000  0.496626  0.235601  0.247772  0.993647
     83   1     16  11   7    24     6.804    9267.083      210.6     2513.6   1332.082   6.804   0.000   0.000  0.496626  0.235601  0.247772  0.993647
     84   1     16  13   1    24     6.804    9267.083      388.8     4640.4   2459.234   6.804   0.000   0.000  0.496626  0.235601  0.247772  0.993647
     85   1     17  11   4    24     6.804    9267.083       18.4      219.3    116.217   6.804   0.000   0.000  0.496626  0.235601  0.247772  0.993647
     86   1     19   7   4    24     6.804    9267.083       62.8      749.1    396.995   6.804   0.000   0.000  0.496626  0.235601  0.247772  0.993647
     87   1     19   8   1    24     6.804    9267.083      118.4     1413.2    748.927   6.804   0.000   0.000  0.496626  0.235601  0.247772  0.993647
     88   1     20   5   1    24     6.804    9267.083      175.9     2099.0   1112.385   6.804   0.000   0.000  0.496626  0.235601  0.247772  0.993647
     89   1      8  18   6    24     6.822    9288.914       76.0      155.7    355.548   6.822   0.000   0.000  0.497796  0.235020  0.245511  0.993632
     90   1     10  18   0    12     6.822    9288.914      183.9      377.1    860.983   6.822   0.000   0.000  0.497796  0.235020  0.245511  0.993632
     91   1     18   8   6    24     6.822    9288.914       34.2       70.1    159.929   6.822   0.000   0.000  0.497796  0.235020  0.245511  0.993632
     92   1     18  10   0    12     6.822    9288.914       81.2      166.5    380.090   6.822   0.000   0.000  0.497796  0.235020  0.245511  0.993632
     93   1      6  19   5    24     6.840    9310.901       37.2      129.4    111.303   6.840   0.000   0.000  0.498975  0.234438  0.243261  0.993617
     94   1     14  15   1    24     6.840    9310.901       21.5       74.7     64.243   6.840   0.000   0.000  0.498975  0.234438  0.243261  0.993617
     95   1     15  14   1    24     6.840    9310.901      171.7      597.1    513.461   6.840   0.000   0.000  0.498975  0.234438  0.243261  0.993617
     96   1     18   7   7    24     6.840    9310.901       55.7      193.8    166.706   6.840   0.000   0.000  0.498975  0.234438  0.243261  0.993617
     97   1     19   6   5    24     6.840    9310.901       20.0       69.5     59.768   6.840   0.000   0.000  0.498975  0.234438  0.243261  0.993617
     98   1      4  20   2    24     6.858    9333.043      433.4      761.3    889.832   6.858   0.000   0.000  0.500161  0.233854  0.241021  0.993602
     99   1     10  16   8    24     6.858    9333.043      115.9      203.5    237.877   6.858   0.000   0.000  0.500161  0.233854  0.241021  0.993602
    100   1     16  10   8    24     6.858    9333.043       42.1       73.9     86.410   6.858   0.000   0.000  0.500161  0.233854  0.241021  0.993602
    101   1     20   4   2    24     6.858    9333.043       23.0       40.4     47.215   6.858   0.000   0.000  0.500161  0.233854  0.241021  0.993602
    102   1     12  15   7    24     6.877    9355.344       40.4       85.1     57.588   6.877   0.000   0.000  0.501356  0.233269  0.238792  0.993587
    103   1     15  12   7    24     6.877    9355.344       73.8      155.5    105.199   6.877   0.000   0.000  0.501356  0.233269  0.238792  0.993587
    104   1     16   9   9    24     6.877    9355.344        8.1       17.0     11.511   6.877   0.000   0.000  0.501356  0.233269  0.238792  0.993587
    105   1     20   3   3    24     6.877    9355.344      687.6     1448.1    979.774   6.877   0.000   0.000  0.501356  0.233269  0.238792  0.993587
    106   1      4  20   0    12     6.896    9377.807       16.1       35.5     26.791   6.896   0.000   0.000  0.502560  0.232682  0.236574  0.993572
    107   1     12  16   4    24     6.896    9377.807      513.7     1132.3    855.367   6.896   0.000   0.000  0.502560  0.232682  0.236574  0.993572
    108   1     16  12   4    24     6.896    9377.807      477.9     1053.3    795.672   6.896   0.000   0.000  0.502560  0.232682  0.236574  0.993572
    109   1     20   4   0    12     6.896    9377.807      112.8      248.7    187.879   6.896   0.000   0.000  0.502560  0.232682  0.236574  0.993572
    110   1      7  19   2    24     6.915    9400.431      125.4      902.7   1276.179   6.915   0.000   0.000  0.503773  0.232094  0.234366  0.993556
    111   1      9  18   3    24     6.915    9400.431      145.2     1044.8   1477.021   6.915   0.000   0.000  0.503773  0.232094  0.234366  0.993556
    112   1     10  17   5    24     6.915    9400.431       55.0      396.0    559.872   6.915   0.000   0.000  0.503773  0.232094  0.234366  0.993556
    113   1     11  17   2    24     6.915    9400.431      234.9     1690.7   2390.059   6.915   0.000   0.000  0.503773  0.232094  0.234366  0.993556
    114   1     13  14   7    24     6.915    9400.431      896.9     6455.5   9125.908   6.915   0.000   0.000  0.503773  0.232094  0.234366  0.993556
    115   1     14  13   7    24     6.915    9400.431       95.6      688.1    972.759   6.915   0.000   0.000  0.503773  0.232094  0.234366  0.993556
    116   1     17  10   5    24     6.915    9400.431      488.6     3516.6   4971.206   6.915   0.000   0.000  0.503773  0.232094  0.234366  0.993556
    117   1     17  11   2    24     6.915    9400.431       52.1      375.1    530.208   6.915   0.000   0.000  0.503773  0.232094  0.234366  0.993556
    118   1     18   9   3    24     6.915    9400.431       19.3      138.8    196.277   6.915   0.000   0.000  0.503773  0.232094  0.234366  0.993556
    119   1     19   7   2    24     6.915    9400.431      317.4     2284.7   3229.783   6.915   0.000   0.000  0.503773  0.232094  0.234366  0.993556
    120   1      3  20   1    24     6.953    9446.175      266.1      757.2    481.258   6.953   0.000   0.000  0.506224  0.230914  0.229983  0.993525

   No.  Code     H   K   L  Mult     Hw     2theta/TOF      Icalc       Iobs      Sigma    HwG     HwL     ETA     d-hkl  TOF_alpha  TOF_beta     CORR

    121   1      7  19   0    12     6.953    9446.175       80.2      228.4    145.150   6.953   0.000   0.000  0.506224  0.230914  0.229983  0.993525
    122   1     11  15   8    24     6.953    9446.175      361.6     1029.0    653.992   6.953   0.000   0.000  0.506224  0.230914  0.229983  0.993525
    123   1     11  17   0    12     6.953    9446.175       33.4       95.1     60.422   6.953   0.000   0.000  0.506224  0.230914  0.229983  0.993525
    124   1     13  15   4    24     6.953    9446.175       97.5      277.6    176.432   6.953   0.000   0.000  0.506224  0.230914  0.229983  0.993525
    125   1     15  11   8    24     6.953    9446.175      523.5     1489.8    946.833   6.953   0.000   0.000  0.506224  0.230914  0.229983  0.993525
    126   1     15  13   4    24     6.953    9446.175      582.9     1659.1   1054.412   6.953   0.000   0.000  0.506224  0.230914  0.229983  0.993525
    127   1     17  11   0    12     6.953    9446.175        0.5        1.3      0.826   6.953   0.000   0.000  0.506224  0.230914  0.229983  0.993525
    128   1     19   7   0    12     6.953    9446.175       11.0       31.3     19.911   6.953   0.000   0.000  0.506224  0.230914  0.229983  0.993525
    129   1     20   3   1    24     6.953    9446.175      507.1     1443.3    917.250   6.953   0.000   0.000  0.506224  0.230914  0.229983  0.993525
    130   1     14  14   4    24     6.972    9469.298      425.1      893.1    324.762   6.972   0.000   0.000  0.507463  0.230322  0.227807  0.993509
    131   1     20   2   2    24     6.972    9469.298      148.3      311.6    113.303   6.972   0.000   0.000  0.507463  0.230322  0.227807  0.993509
    132   1      6  19   3    24     6.992    9492.594       73.6       32.6     91.867   6.992   0.000   0.000  0.508712  0.229728  0.225642  0.993493
    133   1      9  17   6    24     6.992    9492.594      150.9       66.9    188.256   6.992   0.000   0.000  0.508712  0.229728  0.225642  0.993493
    134   1      9  18   1    24     6.992    9492.594      346.4      153.5    432.236   6.992   0.000   0.000  0.508712  0.229728  0.225642  0.993493
    135   1     10  15   9    24     6.992    9492.594      628.2      278.4    783.959   6.992   0.000   0.000  0.508712  0.229728  0.225642  0.993493
    136   1     15  10   9    24     6.992    9492.594      277.9      123.1    346.792   6.992   0.000   0.000  0.508712  0.229728  0.225642  0.993493
    137   1     17   9   6    24     6.992    9492.594      708.0      313.7    883.497   6.992   0.000   0.000  0.508712  0.229728  0.225642  0.993493
    138   1     18   9   1    24     6.992    9492.594       74.2       32.9     92.554   6.992   0.000   0.000  0.508712  0.229728  0.225642  0.993493
    139   1     19   6   3    24     6.992    9492.594      823.4      364.9   1027.530   6.992   0.000   0.000  0.508712  0.229728  0.225642  0.993493
    140   1      2  20   0    12     7.012    9516.061       70.0      148.8    124.362   7.012   0.000   0.000  0.509969  0.229133  0.223488  0.993477
    141   1      8  18   4    24     7.012    9516.061       56.8      120.7    100.911   7.012   0.000   0.000  0.509969  0.229133  0.223488  0.993477
    142   1     12  14   8    24     7.012    9516.061       75.6      160.8    134.347   7.012   0.000   0.000  0.509969  0.229133  0.223488  0.993477
    143   1     12  16   2    24     7.012    9516.061      240.5      511.1    427.130   7.012   0.000   0.000  0.509969  0.229133  0.223488  0.993477
    144   1     14  12   8    24     7.012    9516.061      221.9      471.5    394.082   7.012   0.000   0.000  0.509969  0.229133  0.223488  0.993477
    145   1     16  12   2    24     7.012    9516.061      298.4      634.3    530.091   7.012   0.000   0.000  0.509969  0.229133  0.223488  0.993477
    146   1     18   8   4    24     7.012    9516.061      291.8      620.1    518.236   7.012   0.000   0.000  0.509969  0.229133  0.223488  0.993477
    147   1     20   2   0    12     7.012    9516.061       23.6       50.1     41.833   7.012   0.000   0.000  0.509969  0.229133  0.223488  0.993477
    148   1      5  19   4    24     7.031    9539.703      285.8        0.0   1134.434   7.031   0.000   0.000  0.511236  0.228537  0.221344  0.993461
    149   1      8  17   7    24     7.031    9539.703       70.9        0.0    281.535   7.031   0.000   0.000  0.511236  0.228537  0.221344  0.993461
    150   1     11  16   5    24     7.031    9539.703      146.4        0.0    581.268   7.031   0.000   0.000  0.511236  0.228537  0.221344  0.993461
    151   1     13  13   8    24     7.031    9539.703       59.1        0.0    234.444   7.031   0.000   0.000  0.511236  0.228537  0.221344  0.993461
    152   1     16  11   5    24     7.031    9539.703      383.1        0.0   1520.677   7.031   0.000   0.000  0.511236  0.228537  0.221344  0.993461
    153   1     17   8   7    24     7.031    9539.703       18.1        0.0     71.722   7.031   0.000   0.000  0.511236  0.228537  0.221344  0.993461
    154   1     19   5   4    24     7.031    9539.703      171.1        0.0    679.204   7.031   0.000   0.000  0.511236  0.228537  0.221344  0.993461
    155   1     20   1   1    24     7.031    9539.703      214.1        0.0    849.926   7.031   0.000   0.000  0.511236  0.228537  0.221344  0.993461
    156   1     12  16   0    12     7.051    9563.522       46.5       51.5     40.223   7.051   0.000   0.000  0.512513  0.227938  0.219211  0.993445
    157   1     16  12   0    12     7.051    9563.522       66.2       73.4     57.251   7.051   0.000   0.000  0.512513  0.227938  0.219211  0.993445
    158   1     20   0   0     6     7.051    9563.522       71.4       79.1     61.698   7.051   0.000   0.000  0.512513  0.227938  0.219211  0.993445
    159   1      6  19   1    24     7.072    9587.521      214.5      295.8    328.781   7.072   0.000   0.000  0.513799  0.227339  0.217089  0.993428
    160   1      7  18   5    24     7.072    9587.521      234.3      323.2    359.243   7.072   0.000   0.000  0.513799  0.227339  0.217089  0.993428
    161   1     10  17   3    24     7.072    9587.521       87.3      120.4    133.802   7.072   0.000   0.000  0.513799  0.227339  0.217089  0.993428
    162   1     11  14   9    24     7.072    9587.521       67.9       93.7    104.124   7.072   0.000   0.000  0.513799  0.227339  0.217089  0.993428
    163   1     13  15   2    24     7.072    9587.521        8.3       11.4     12.713   7.072   0.000   0.000  0.513799  0.227339  0.217089  0.993428
    164   1     14  11   9    24     7.072    9587.521      406.7      560.8    623.441   7.072   0.000   0.000  0.513799  0.227339  0.217089  0.993428
    165   1     15  13   2    24     7.072    9587.521      228.7      315.4    350.637   7.072   0.000   0.000  0.513799  0.227339  0.217089  0.993428
    166   1     17  10   3    24     7.072    9587.521      759.1     1047.0   1163.819   7.072   0.000   0.000  0.513799  0.227339  0.217089  0.993428
    167   1     18   7   5    24     7.072    9587.521       48.2       66.5     73.867   7.072   0.000   0.000  0.513799  0.227339  0.217089  0.993428
    168   1     19   6   1    24     7.072    9587.521      132.9      183.2    203.700   7.072   0.000   0.000  0.513799  0.227339  0.217089  0.993428
    169   1     14  10  10    24     7.092    9611.702       99.5       79.6    168.336   7.092   0.000   0.000  0.515095  0.226738  0.214977  0.993412
    170   1     14  14   2    24     7.092    9611.702      237.2      189.6    401.151   7.092   0.000   0.000  0.515095  0.226738  0.214977  0.993412
    171   1     18   6   6    24     7.092    9611.702      758.2      606.1   1282.549   7.092   0.000   0.000  0.515095  0.226738  0.214977  0.993412
    172   1     12  13   9    24     7.112    9636.066       70.2      116.5     54.631   7.112   0.000   0.000  0.516400  0.226135  0.212875  0.993395
    173   1     12  15   5    24     7.112    9636.066        3.6        5.9      2.779   7.112   0.000   0.000  0.516400  0.226135  0.212875  0.993395
    174   1     13  12   9    24     7.112    9636.066      487.3      808.6    379.103   7.112   0.000   0.000  0.516400  0.226135  0.212875  0.993395
    175   1     13  15   0    12     7.112    9636.066      134.7      223.5    104.779   7.112   0.000   0.000  0.516400  0.226135  0.212875  0.993395
    176   1     15  12   5    24     7.112    9636.066       26.9       44.6     20.909   7.112   0.000   0.000  0.516400  0.226135  0.212875  0.993395
    177   1     15  13   0    12     7.112    9636.066        0.9        1.4      0.670   7.112   0.000   0.000  0.516400  0.226135  0.212875  0.993395
    178   1      8  18   2    24     7.133    9660.617      447.2      505.9    347.718   7.133   0.000   0.000  0.517716  0.225531  0.210785  0.993378
    179   1     10  16   6    24     7.133    9660.617      722.6      817.4    561.839   7.133   0.000   0.000  0.517716  0.225531  0.210785  0.993378
    180   1     14  14   0    12     7.133    9660.617       11.4       13.0      8.901   7.133   0.000   0.000  0.517716  0.225531  0.210785  0.993378

   No.  Code     H   K   L  Mult     Hw     2theta/TOF      Icalc       Iobs      Sigma    HwG     HwL     ETA     d-hkl  TOF_alpha  TOF_beta     CORR

    181   1     16  10   6    24     7.133    9660.617      524.2      593.0    407.585   7.133   0.000   0.000  0.517716  0.225531  0.210785  0.993378
    182   1     18   8   2    24     7.133    9660.617      558.0      631.2    433.854   7.133   0.000   0.000  0.517716  0.225531  0.210785  0.993378
    183   1      5  19   2    24     7.154    9685.356       58.7       53.8     57.457   7.154   0.000   0.000  0.519042  0.224925  0.208705  0.993361
    184   1     10  17   1    24     7.154    9685.356      508.6      465.5    497.501   7.154   0.000   0.000  0.519042  0.224925  0.208705  0.993361
    185   1     11  13  10    24     7.154    9685.356      120.0      109.8    117.361   7.154   0.000   0.000  0.519042  0.224925  0.208705  0.993361
    186   1     13  11  10    24     7.154    9685.356      185.9      170.2    181.874   7.154   0.000   0.000  0.519042  0.224925  0.208705  0.993361
    187   1     13  14   5    24     7.154    9685.356       33.4       30.6     32.651   7.154   0.000   0.000  0.519042  0.224925  0.208705  0.993361
    188   1     14  13   5    24     7.154    9685.356      614.4      562.3    600.919   7.154   0.000   0.000  0.519042  0.224925  0.208705  0.993361
    189   1     17  10   1    24     7.154    9685.356      131.8      120.6    128.888   7.154   0.000   0.000  0.519042  0.224925  0.208705  0.993361
    190   1     19   5   2    24     7.154    9685.356      464.6      425.2    454.465   7.154   0.000   0.000  0.519042  0.224925  0.208705  0.993361
    191   1      8  18   0    12     7.175    9710.287     1288.1     1377.2   2026.864   7.175   0.000   0.000  0.520378  0.224318  0.206635  0.993344
    192   1     12  12  10    24     7.175    9710.287      289.3      309.3    455.278   7.175   0.000   0.000  0.520378  0.224318  0.206635  0.993344
    193   1     18   8   0    12     7.175    9710.287        1.7        1.8      2.658   7.175   0.000   0.000  0.520378  0.224318  0.206635  0.993344
    194   1      4  19   3    24     7.196    9735.410       24.9        0.0    220.460   7.196   0.000   0.000  0.521724  0.223709  0.204577  0.993327
    195   1      5  19   0    12     7.196    9735.410       62.5        0.0    553.826   7.196   0.000   0.000  0.521724  0.223709  0.204577  0.993327
    196   1      9  16   7    24     7.196    9735.410       43.3        0.0    383.837   7.196   0.000   0.000  0.521724  0.223709  0.204577  0.993327
    197   1      9  17   4    24     7.196    9735.410      460.0        0.0   4078.784   7.196   0.000   0.000  0.521724  0.223709  0.204577  0.993327
    198   1     11  16   3    24     7.196    9735.410      296.2        0.0   2626.103   7.196   0.000   0.000  0.521724  0.223709  0.204577  0.993327
    199   1     12  11  11    24     7.196    9735.410       29.8        0.0    263.914   7.196   0.000   0.000  0.521724  0.223709  0.204577  0.993327
    200   1     16   9   7    24     7.196    9735.410       81.4        0.0    721.796   7.196   0.000   0.000  0.521724  0.223709  0.204577  0.993327
    201   1     16  11   3    24     7.196    9735.410       11.4        0.0    101.189   7.196   0.000   0.000  0.521724  0.223709  0.204577  0.993327
    202   1     17   9   4    24     7.196    9735.410      163.6        0.0   1450.358   7.196   0.000   0.000  0.521724  0.223709  0.204577  0.993327
    203   1     19   4   3    24     7.196    9735.410       20.3        0.0    180.064   7.196   0.000   0.000  0.521724  0.223709  0.204577  0.993327
    204   1     19   5   0    12     7.196    9735.410       65.2        0.0    578.272   7.196   0.000   0.000  0.521724  0.223709  0.204577  0.993327
    205   1     16   8   8    24     7.218    9760.729       84.1        0.0    197.048   7.218   0.000   0.000  0.523081  0.223099  0.202529  0.993310
    206   1      7  18   3    24     7.239    9786.248      625.7    13621.7  13856.221   7.239   0.000   0.000  0.524449  0.222487  0.200491  0.993293
    207   1     11  15   6    24     7.239    9786.248       13.5      294.2    299.304   7.239   0.000   0.000  0.524449  0.222487  0.200491  0.993293
    208   1     15  11   6    24     7.239    9786.248       13.1      284.6    289.510   7.239   0.000   0.000  0.524449  0.222487  0.200491  0.993293
    209   1     18   7   3    24     7.239    9786.248      203.4     4428.9   4505.153   7.239   0.000   0.000  0.524449  0.222487  0.200491  0.993293
    210   1      4  19   1    24     7.283    9837.892      509.2      628.9    354.848   7.283   0.000   0.000  0.527216  0.221258  0.196448  0.993257
    211   1      8  17   5    24     7.283    9837.892      664.2      820.4    462.873   7.283   0.000   0.000  0.527216  0.221258  0.196448  0.993257
    212   1     11  16   1    24     7.283    9837.892      126.5      156.3     88.174   7.283   0.000   0.000  0.527216  0.221258  0.196448  0.993257
    213   1     12  15   3    24     7.283    9837.892       74.9       92.5     52.179   7.283   0.000   0.000  0.527216  0.221258  0.196448  0.993257
    214   1     15  12   3    24     7.283    9837.892      312.9      386.5    218.066   7.283   0.000   0.000  0.527216  0.221258  0.196448  0.993257
    215   1     16  11   1    24     7.283    9837.892      610.0      753.5    425.139   7.283   0.000   0.000  0.527216  0.221258  0.196448  0.993257
    216   1     17   8   5    24     7.283    9837.892      360.6      445.5    251.340   7.283   0.000   0.000  0.527216  0.221258  0.196448  0.993257
    217   1     19   4   1    24     7.283    9837.892      352.0      434.8    245.317   7.283   0.000   0.000  0.527216  0.221258  0.196448  0.993257
    218   1      6  18   4    24     7.305    9864.021      732.6      432.2    212.598   7.305   0.000   0.000  0.528617  0.220641  0.194443  0.993239
    219   1     12  14   6    24     7.305    9864.021       41.9       24.7     12.166   7.305   0.000   0.000  0.528617  0.220641  0.194443  0.993239
    220   1     14  12   6    24     7.305    9864.021      888.0      523.9    257.695   7.305   0.000   0.000  0.528617  0.220641  0.194443  0.993239
    221   1     18   6   4    24     7.305    9864.021      125.1       73.8     36.297   7.305   0.000   0.000  0.528617  0.220641  0.194443  0.993239
    222   1      3  19   2    24     7.328    9890.360      123.0      133.4    207.573   7.328   0.000   0.000  0.530028  0.220023  0.192448  0.993221
    223   1      7  17   6    24     7.328    9890.360     1571.1     1703.3   2651.097   7.328   0.000   0.000  0.530028  0.220023  0.192448  0.993221
    224   1      7  18   1    24     7.328    9890.360       63.0       68.2    106.229   7.328   0.000   0.000  0.530028  0.220023  0.192448  0.993221
    225   1      9  17   2    24     7.328    9890.360      117.4      127.3    198.133   7.328   0.000   0.000  0.530028  0.220023  0.192448  0.993221
    226   1     10  15   7    24     7.328    9890.360      583.4      632.5    984.466   7.328   0.000   0.000  0.530028  0.220023  0.192448  0.993221
    227   1     13  13   6    24     7.328    9890.360      135.1      146.5    227.998   7.328   0.000   0.000  0.530028  0.220023  0.192448  0.993221
    228   1     13  14   3    24     7.328    9890.360      712.7      772.6   1202.578   7.328   0.000   0.000  0.530028  0.220023  0.192448  0.993221
    229   1     14  13   3    24     7.328    9890.360      239.1      259.2    403.393   7.328   0.000   0.000  0.530028  0.220023  0.192448  0.993221
    230   1     15  10   7    24     7.328    9890.360      631.6      684.7   1065.771   7.328   0.000   0.000  0.530028  0.220023  0.192448  0.993221
    231   1     17   7   6    24     7.328    9890.360      176.7      191.6    298.163   7.328   0.000   0.000  0.530028  0.220023  0.192448  0.993221
    232   1     17   9   2    24     7.328    9890.360        4.1        4.5      6.992   7.328   0.000   0.000  0.530028  0.220023  0.192448  0.993221
    233   1     18   5   5    24     7.328    9890.360       73.8       80.0    124.528   7.328   0.000   0.000  0.530028  0.220023  0.192448  0.993221
    234   1     18   7   1    24     7.328    9890.360      288.9      313.2    487.507   7.328   0.000   0.000  0.530028  0.220023  0.192448  0.993221
    235   1     19   3   2    24     7.328    9890.360     1293.6     1402.5   2182.898   7.328   0.000   0.000  0.530028  0.220023  0.192448  0.993221
    236   1     10  16   4    24     7.350    9916.912      175.0      319.6    326.535   7.350   0.000   0.000  0.531451  0.219403  0.190464  0.993203
    237   1     16  10   4    24     7.350    9916.912      512.9      936.9    957.328   7.350   0.000   0.000  0.531451  0.219403  0.190464  0.993203
    238   1      3  19   0    12     7.373    9943.678       78.4      935.7   1852.489   7.373   0.000   0.000  0.532885  0.218781  0.188490  0.993185
    239   1      9  15   8    24     7.373    9943.678      183.6     2190.5   4336.951   7.373   0.000   0.000  0.532885  0.218781  0.188490  0.993185
    240   1      9  17   0    12     7.373    9943.678       41.5      495.4    980.908   7.373   0.000   0.000  0.532885  0.218781  0.188490  0.993185

   No.  Code     H   K   L  Mult     Hw     2theta/TOF      Icalc       Iobs      Sigma    HwG     HwL     ETA     d-hkl  TOF_alpha  TOF_beta     CORR

    241   1     12  15   1    24     7.373    9943.678       78.2      933.1   1847.505   7.373   0.000   0.000  0.532885  0.218781  0.188490  0.993185
    242   1     15   9   8    24     7.373    9943.678      463.2     5527.2  10943.108   7.373   0.000   0.000  0.532885  0.218781  0.188490  0.993185
    243   1     15  12   1    24     7.373    9943.678      139.1     1659.4   3285.305   7.373   0.000   0.000  0.532885  0.218781  0.188490  0.993185
    244   1     17   9   0    12     7.373    9943.678        0.9       10.8     21.463   7.373   0.000   0.000  0.532885  0.218781  0.188490  0.993185
    245   1     19   3   0    12     7.373    9943.678        8.1       96.4    190.916   7.373   0.000   0.000  0.532885  0.218781  0.188490  0.993185
    246   1      2  19   1    24     7.419    9997.867      241.3      967.0    691.425   7.419   0.000   0.000  0.535789  0.217532  0.184575  0.993148
    247   1     11  14   7    24     7.419    9997.867      698.4     2799.0   2001.396   7.419   0.000   0.000  0.535789  0.217532  0.184575  0.993148
    248   1     13  14   1    24     7.419    9997.867      729.0     2921.3   2088.852   7.419   0.000   0.000  0.535789  0.217532  0.184575  0.993148
    249   1     14  11   7    24     7.419    9997.867      273.5     1096.1    783.783   7.419   0.000   0.000  0.535789  0.217532  0.184575  0.993148
    250   1     14  13   1    24     7.419    9997.867      874.7     3505.1   2506.313   7.419   0.000   0.000  0.535789  0.217532  0.184575  0.993148
    251   1     19   2   1    24     7.419    9997.867      157.2      630.1    450.515   7.419   0.000   0.000  0.535789  0.217532  0.184575  0.993148
    252   1      6  18   2    24     7.443   10025.296      201.6      138.3    191.482   7.443   0.000   0.000  0.537259  0.216905  0.182634  0.993129
    253   1     18   6   2    24     7.443   10025.296      160.8      110.4    152.757   7.443   0.000   0.000  0.537259  0.216905  0.182634  0.993129
    254   1      1  19   0    12     7.467   10052.953       22.7       19.4     10.568   7.467   0.000   0.000  0.538741  0.216277  0.180703  0.993110
    255   1      8  17   3    24     7.467   10052.953      217.7      186.2    101.527   7.467   0.000   0.000  0.538741  0.216277  0.180703  0.993110
    256   1      9  16   5    24     7.467   10052.953       41.1       35.2     19.174   7.467   0.000   0.000  0.538741  0.216277  0.180703  0.993110
    257   1     11  15   4    24     7.467   10052.953       12.7       10.8      5.903   7.467   0.000   0.000  0.538741  0.216277  0.180703  0.993110
    258   1     12  13   7    24     7.467   10052.953      310.9      265.9    144.977   7.467   0.000   0.000  0.538741  0.216277  0.180703  0.993110
    259   1     13  12   7    24     7.467   10052.953      190.7      163.1     88.927   7.467   0.000   0.000  0.538741  0.216277  0.180703  0.993110
    260   1     15  11   4    24     7.467   10052.953       16.0       13.7      7.459   7.467   0.000   0.000  0.538741  0.216277  0.180703  0.993110
    261   1     16   9   5    24     7.467   10052.953      138.4      118.4     64.532   7.467   0.000   0.000  0.538741  0.216277  0.180703  0.993110
    262   1     17   8   3    24     7.467   10052.953      170.7      146.0     79.600   7.467   0.000   0.000  0.538741  0.216277  0.180703  0.993110
    263   1     19   1   0    12     7.467   10052.953      228.8      195.7    106.676   7.467   0.000   0.000  0.538741  0.216277  0.180703  0.993110
    264   1      6  18   0    12     7.490   10080.839        0.3        0.5      0.231   7.490   0.000   0.000  0.540236  0.215646  0.178782  0.993091
    265   1     10  14   8    24     7.490   10080.839      300.7      496.4    219.853   7.490   0.000   0.000  0.540236  0.215646  0.178782  0.993091
    266   1     10  16   2    24     7.490   10080.839     1382.6     2282.3   1010.730   7.490   0.000   0.000  0.540236  0.215646  0.178782  0.993091
    267   1     14  10   8    24     7.490   10080.839      759.0     1252.9    554.838   7.490   0.000   0.000  0.540236  0.215646  0.178782  0.993091
    268   1     16  10   2    24     7.490   10080.839      532.7      879.3    389.397   7.490   0.000   0.000  0.540236  0.215646  0.178782  0.993091
    269   1     18   6   0    12     7.490   10080.839      124.0      204.7     90.638   7.490   0.000   0.000  0.540236  0.215646  0.178782  0.993091
    270   1      5  18   3    24     7.515   10108.958      248.8      189.4     85.450   7.515   0.000   0.000  0.541743  0.215014  0.176873  0.993072
    271   1     14   9   9    24     7.515   10108.958      831.9      633.6    285.773   7.515   0.000   0.000  0.541743  0.215014  0.176873  0.993072
    272   1     18   5   3    24     7.515   10108.958      631.5      480.9    216.920   7.515   0.000   0.000  0.541743  0.215014  0.176873  0.993072
    273   1      8  16   6    24     7.539   10137.313      910.9      692.8    501.938   7.539   0.000   0.000  0.543262  0.214380  0.174973  0.993053
    274   1     10  16   0    12     7.539   10137.313       11.7        8.9      6.459   7.539   0.000   0.000  0.543262  0.214380  0.174973  0.993053
    275   1     12  14   4    24     7.539   10137.313     1102.3      838.3    607.399   7.539   0.000   0.000  0.543262  0.214380  0.174973  0.993053
    276   1     14  12   4    24     7.539   10137.313       62.9       47.8     34.667   7.539   0.000   0.000  0.543262  0.214380  0.174973  0.993053
    277   1     16   8   6    24     7.539   10137.313      266.2      202.5    146.703   7.539   0.000   0.000  0.543262  0.214380  0.174973  0.993053
    278   1     16  10   0    12     7.539   10137.313      369.3      280.8    203.480   7.539   0.000   0.000  0.543262  0.214380  0.174973  0.993053
    279   1     18   4   4    24     7.539   10137.313     1519.9     1155.9    837.459   7.539   0.000   0.000  0.543262  0.214380  0.174973  0.993053
    280   1      7  17   4    24     7.563   10165.909      128.9        0.0    258.773   7.563   0.000   0.000  0.544795  0.213744  0.173085  0.993033
    281   1      8  17   1    24     7.563   10165.909       89.8        0.0    180.283   7.563   0.000   0.000  0.544795  0.213744  0.173085  0.993033
    282   1     11  13   8    24     7.563   10165.909      271.8        0.0    545.839   7.563   0.000   0.000  0.544795  0.213744  0.173085  0.993033
    283   1     13  11   8    24     7.563   10165.909      464.8        0.0    933.273   7.563   0.000   0.000  0.544795  0.213744  0.173085  0.993033
    284   1     13  13   4    24     7.563   10165.909      271.5        0.0    545.099   7.563   0.000   0.000  0.544795  0.213744  0.173085  0.993033
    285   1     16   7   7    24     7.563   10165.909       74.2        0.0    148.994   7.563   0.000   0.000  0.544795  0.213744  0.173085  0.993033
    286   1     17   7   4    24     7.563   10165.909       45.6        0.0     91.512   7.563   0.000   0.000  0.544795  0.213744  0.173085  0.993033
    287   1     17   8   1    24     7.563   10165.909     1219.7        0.0   2449.048   7.563   0.000   0.000  0.544795  0.213744  0.173085  0.993033
    288   1     12  12   8    24     7.588   10194.750      442.8      656.4    217.029   7.588   0.000   0.000  0.546340  0.213107  0.171207  0.993014
    289   1      5  18   1    24     7.613   10223.836       68.4     1344.1   1109.132   7.613   0.000   0.000  0.547899  0.212468  0.169340  0.992994
    290   1      6  17   5    24     7.613   10223.836      125.3     2461.5   2031.176   7.613   0.000   0.000  0.547899  0.212468  0.169340  0.992994
    291   1     10  13   9    24     7.613   10223.836       60.5     1187.9    980.250   7.613   0.000   0.000  0.547899  0.212468  0.169340  0.992994
    292   1     10  15   5    24     7.613   10223.836      376.8     7402.3   6108.242   7.613   0.000   0.000  0.547899  0.212468  0.169340  0.992994
    293   1     11  15   2    24     7.613   10223.836     1623.4    31891.9  26316.727   7.613   0.000   0.000  0.547899  0.212468  0.169340  0.992994
    294   1     13  10   9    24     7.613   10223.836      296.8     5831.3   4811.872   7.613   0.000   0.000  0.547899  0.212468  0.169340  0.992994
    295   1     15  10   5    24     7.613   10223.836      378.5     7436.2   6136.236   7.613   0.000   0.000  0.547899  0.212468  0.169340  0.992994
    296   1     15  11   2    24     7.613   10223.836      533.5    10480.9   8648.706   7.613   0.000   0.000  0.547899  0.212468  0.169340  0.992994
    297   1     17   6   5    24     7.613   10223.836      435.2     8549.1   7054.614   7.613   0.000   0.000  0.547899  0.212468  0.169340  0.992994
    298   1     18   5   1    24     7.613   10223.836       11.2      219.7    181.253   7.613   0.000   0.000  0.547899  0.212468  0.169340  0.992994
    299   1      9  16   3    24     7.664   10282.763      334.5      327.9    110.874   7.664   0.000   0.000  0.551057  0.211184  0.165638  0.992954
    300   1     11  12   9    24     7.664   10282.763       92.0       90.2     30.512   7.664   0.000   0.000  0.551057  0.211184  0.165638  0.992954

   No.  Code     H   K   L  Mult     Hw     2theta/TOF      Icalc       Iobs      Sigma    HwG     HwL     ETA     d-hkl  TOF_alpha  TOF_beta     CORR

    301   1     11  15   0    12     7.664   10282.763      177.9      174.4     58.981   7.664   0.000   0.000  0.551057  0.211184  0.165638  0.992954
    302   1     12  11   9    24     7.664   10282.763      470.0      460.8    155.797   7.664   0.000   0.000  0.551057  0.211184  0.165638  0.992954
    303   1     15  11   0    12     7.664   10282.763        2.1        2.1      0.712   7.664   0.000   0.000  0.551057  0.211184  0.165638  0.992954
    304   1     16   9   3    24     7.664   10282.763      490.5      480.8    162.585   7.664   0.000   0.000  0.551057  0.211184  0.165638  0.992954
    305   1      4  18   2    24     7.690   10312.612      971.5     1903.3    400.735   7.690   0.000   0.000  0.552657  0.210539  0.163802  0.992933
    306   1     12  10  10    24     7.690   10312.612      587.6     1151.3    242.391   7.690   0.000   0.000  0.552657  0.210539  0.163802  0.992933
    307   1     12  14   2    24     7.690   10312.612     1003.8     1966.6    414.056   7.690   0.000   0.000  0.552657  0.210539  0.163802  0.992933
    308   1     14  12   2    24     7.690   10312.612     2002.0     3922.1    825.764   7.690   0.000   0.000  0.552657  0.210539  0.163802  0.992933
    309   1     18   4   2    24     7.690   10312.612      183.2      359.0     75.578   7.690   0.000   0.000  0.552657  0.210539  0.163802  0.992933
    310   1      7  17   2    24     7.716   10342.723      486.1      422.7    605.524   7.716   0.000   0.000  0.554270  0.209892  0.161978  0.992913
    311   1      9  15   6    24     7.716   10342.723       42.7       37.1     53.211   7.716   0.000   0.000  0.554270  0.209892  0.161978  0.992913
    312   1     11  11  10    24     7.716   10342.723     1113.2      967.9   1386.576   7.716   0.000   0.000  0.554270  0.209892  0.161978  0.992913
    313   1     11  14   5    24     7.716   10342.723      896.0      779.1   1116.048   7.716   0.000   0.000  0.554270  0.209892  0.161978  0.992913
    314   1     13  13   2    24     7.716   10342.723      598.3      520.2    745.158   7.716   0.000   0.000  0.554270  0.209892  0.161978  0.992913
    315   1     14  11   5    24     7.716   10342.723       76.0       66.1     94.687   7.716   0.000   0.000  0.554270  0.209892  0.161978  0.992913
    316   1     15   9   6    24     7.716   10342.723       95.5       83.1    118.978   7.716   0.000   0.000  0.554270  0.209892  0.161978  0.992913
    317   1     17   7   2    24     7.716   10342.723      209.2      181.9    260.598   7.716   0.000   0.000  0.554270  0.209892  0.161978  0.992913
    318   1     18   3   3    24     7.716   10342.723      433.1      376.6    539.488   7.716   0.000   0.000  0.554270  0.209892  0.161978  0.992913
    319   1      4  18   0    12     7.742   10373.097      538.9     1442.2    297.463   7.742   0.000   0.000  0.555898  0.209244  0.160164  0.992892
    320   1     12  14   0    12     7.742   10373.097      248.0      663.8    136.918   7.742   0.000   0.000  0.555898  0.209244  0.160164  0.992892
    321   1     14  12   0    12     7.742   10373.097       57.0      152.7     31.492   7.742   0.000   0.000  0.555898  0.209244  0.160164  0.992892
    322   1     18   4   0    12     7.742   10373.097       28.1       75.2     15.518   7.742   0.000   0.000  0.555898  0.209244  0.160164  0.992892
    323   1      7  17   0    12     7.769   10403.741      687.1     2109.6   3900.852   7.769   0.000   0.000  0.557540  0.208593  0.158360  0.992871
    324   1      8  15   7    24     7.769   10403.741      880.0     2702.1   4996.375   7.769   0.000   0.000  0.557540  0.208593  0.158360  0.992871
    325   1      9  16   1    24     7.769   10403.741      668.5     2052.7   3795.639   7.769   0.000   0.000  0.557540  0.208593  0.158360  0.992871
    326   1     12  13   5    24     7.769   10403.741      294.4      903.9   1671.404   7.769   0.000   0.000  0.557540  0.208593  0.158360  0.992871
    327   1     13  12   5    24     7.769   10403.741     1015.1     3116.7   5763.126   7.769   0.000   0.000  0.557540  0.208593  0.158360  0.992871
    328   1     13  13   0    12     7.769   10403.741       11.7       35.8     66.216   7.769   0.000   0.000  0.557540  0.208593  0.158360  0.992871
    329   1     15   8   7    24     7.769   10403.741        7.4       22.6     41.739   7.769   0.000   0.000  0.557540  0.208593  0.158360  0.992871
    330   1     16   9   1    24     7.769   10403.741        8.4       25.8     47.782   7.769   0.000   0.000  0.557540  0.208593  0.158360  0.992871
    331   1     17   7   0    12     7.769   10403.741       28.3       87.0    160.864   7.769   0.000   0.000  0.557540  0.208593  0.158360  0.992871
    332   1      8  16   4    24     7.796   10434.659       77.1        5.6     60.201   7.796   0.000   0.000  0.559197  0.207941  0.156568  0.992850
    333   1     16   8   4    24     7.796   10434.659       21.5        1.6     16.781   7.796   0.000   0.000  0.559197  0.207941  0.156568  0.992850
    334   1      3  18   1    24     7.823   10465.854      874.5     1309.2   1616.356   7.823   0.000   0.000  0.560869  0.207286  0.154786  0.992829
    335   1      6  17   3    24     7.823   10465.854      195.8      293.2    361.983   7.823   0.000   0.000  0.560869  0.207286  0.154786  0.992829
    336   1     10  15   3    24     7.823   10465.854      847.3     1268.5   1566.123   7.823   0.000   0.000  0.560869  0.207286  0.154786  0.992829
    337   1     15  10   3    24     7.823   10465.854      253.5      379.5    468.587   7.823   0.000   0.000  0.560869  0.207286  0.154786  0.992829
    338   1     17   6   3    24     7.823   10465.854      279.7      418.8    517.085   7.823   0.000   0.000  0.560869  0.207286  0.154786  0.992829
    339   1     18   3   1    24     7.823   10465.854       21.4       32.0     39.548   7.823   0.000   0.000  0.560869  0.207286  0.154786  0.992829
    340   1     10  14   6    24     7.850   10497.331       10.5       11.6      6.890   7.850   0.000   0.000  0.562556  0.206630  0.153014  0.992807
    341   1     14  10   6    24     7.850   10497.331        4.6        5.1      3.039   7.850   0.000   0.000  0.562556  0.206630  0.153014  0.992807
    342   1     18   2   2    24     7.850   10497.331      637.0      706.3    419.666   7.850   0.000   0.000  0.562556  0.206630  0.153014  0.992807
    343   1      5  17   4    24     7.878   10529.092     1676.4     3298.0   2756.084   7.878   0.000   0.000  0.564258  0.205972  0.151253  0.992785
    344   1      7  16   5    24     7.878   10529.092       84.8      166.8    139.369   7.878   0.000   0.000  0.564258  0.205972  0.151253  0.992785
    345   1     16   7   5    24     7.878   10529.092      405.5      797.7    666.655   7.878   0.000   0.000  0.564258  0.205972  0.151253  0.992785
    346   1     17   5   4    24     7.878   10529.092      770.8     1516.3   1267.171   7.878   0.000   0.000  0.564258  0.205972  0.151253  0.992785
    347   1      2  18   0    12     7.906   10561.145      123.3       52.0     33.211   7.906   0.000   0.000  0.565976  0.205311  0.149503  0.992764
    348   1     16   6   6    24     7.906   10561.145      571.4      240.8    153.864   7.906   0.000   0.000  0.565976  0.205311  0.149503  0.992764
    349   1     18   2   0    12     7.906   10561.145       23.6        9.9      6.349   7.906   0.000   0.000  0.565976  0.205311  0.149503  0.992764
    350   1      6  17   1    24     7.934   10593.491       20.3       26.2      5.851   7.934   0.000   0.000  0.567709  0.204649  0.147764  0.992741
    351   1      9  14   7    24     7.934   10593.491     1406.6     1811.5    405.077   7.934   0.000   0.000  0.567709  0.204649  0.147764  0.992741
    352   1     10  15   1    24     7.934   10593.491      288.9      372.0     83.195   7.934   0.000   0.000  0.567709  0.204649  0.147764  0.992741
    353   1     11  13   6    24     7.934   10593.491     1445.3     1861.3    416.209   7.934   0.000   0.000  0.567709  0.204649  0.147764  0.992741
    354   1     11  14   3    24     7.934   10593.491      202.5      260.8     58.315   7.934   0.000   0.000  0.567709  0.204649  0.147764  0.992741
    355   1     13  11   6    24     7.934   10593.491      550.4      708.8    158.506   7.934   0.000   0.000  0.567709  0.204649  0.147764  0.992741
    356   1     14   9   7    24     7.934   10593.491      120.8      155.5     34.778   7.934   0.000   0.000  0.567709  0.204649  0.147764  0.992741
    357   1     14  11   3    24     7.934   10593.491       45.9       59.1     13.218   7.934   0.000   0.000  0.567709  0.204649  0.147764  0.992741
    358   1     15  10   1    24     7.934   10593.491       50.7       65.3     14.611   7.934   0.000   0.000  0.567709  0.204649  0.147764  0.992741
    359   1     17   6   1    24     7.934   10593.491     3005.6     3870.7    865.540   7.934   0.000   0.000  0.567709  0.204649  0.147764  0.992741
    360   1     18   1   1    24     7.934   10593.491      667.7      859.9    192.275   7.934   0.000   0.000  0.567709  0.204649  0.147764  0.992741

   No.  Code     H   K   L  Mult     Hw     2theta/TOF      Icalc       Iobs      Sigma    HwG     HwL     ETA     d-hkl  TOF_alpha  TOF_beta     CORR

    361   1      8  16   2    24     7.963   10626.136      132.7      222.2     93.032   7.963   0.000   0.000  0.569459  0.203985  0.146035  0.992719
    362   1     12  12   6    24     7.963   10626.136      439.8      736.6    308.348   7.963   0.000   0.000  0.569459  0.203985  0.146035  0.992719
    363   1     14   8   8    24     7.963   10626.136     3345.3     5602.6   2345.414   7.963   0.000   0.000  0.569459  0.203985  0.146035  0.992719
    364   1     16   8   2    24     7.963   10626.136      510.3      854.6    357.764   7.963   0.000   0.000  0.569459  0.203985  0.146035  0.992719
    365   1     18   0   0     6     7.963   10626.136     1952.4     3269.8   1368.841   7.963   0.000   0.000  0.569459  0.203985  0.146035  0.992719
    366   1      9  15   4    24     7.991   10659.086     1408.3     3682.2   1509.813   7.991   0.000   0.000  0.571224  0.203318  0.144317  0.992697
    367   1     12  13   3    24     7.991   10659.086       66.6      174.2     71.428   7.991   0.000   0.000  0.571224  0.203318  0.144317  0.992697
    368   1     13  12   3    24     7.991   10659.086      571.5     1494.3    612.713   7.991   0.000   0.000  0.571224  0.203318  0.144317  0.992697
    369   1     15   9   4    24     7.991   10659.086       45.5      119.0     48.785   7.991   0.000   0.000  0.571224  0.203318  0.144317  0.992697
    370   1      8  16   0    12     8.021   10692.345      479.1     1057.1    359.507   8.021   0.000   0.000  0.573007  0.202650  0.142609  0.992674
    371   1     16   8   0    12     8.021   10692.345     1193.9     2634.5    895.934   8.021   0.000   0.000  0.573007  0.202650  0.142609  0.992674
    372   1      5  17   2    24     8.050   10725.915      565.3    16786.8   6875.025   8.050   0.000   0.000  0.574806  0.201979  0.140912  0.992651
    373   1     10  13   7    24     8.050   10725.915      177.4     5268.2   2157.605   8.050   0.000   0.000  0.574806  0.201979  0.140912  0.992651
    374   1     11  14   1    24     8.050   10725.915      228.2     6777.2   2775.623   8.050   0.000   0.000  0.574806  0.201979  0.140912  0.992651
    375   1     13  10   7    24     8.050   10725.915     1360.6    40407.0  16548.715   8.050   0.000   0.000  0.574806  0.201979  0.140912  0.992651
    376   1     14  11   1    24     8.050   10725.915      536.6    15936.8   6526.920   8.050   0.000   0.000  0.574806  0.201979  0.140912  0.992651
    377   1     17   5   2    24     8.050   10725.915       10.2      302.2    123.761   8.050   0.000   0.000  0.574806  0.201979  0.140912  0.992651
    378   1      4  17   3    24     8.110   10794.016       41.8      169.0     60.715   8.110   0.000   0.000  0.578455  0.200632  0.137550  0.992605
    379   1      5  17   0    12     8.110   10794.016        2.0        7.9      2.851   8.110   0.000   0.000  0.578455  0.200632  0.137550  0.992605
    380   1      7  16   3    24     8.110   10794.016     1401.0     5659.6   2033.298   8.110   0.000   0.000  0.578455  0.200632  0.137550  0.992605
    381   1      8  15   5    24     8.110   10794.016      350.9     1417.5    509.244   8.110   0.000   0.000  0.578455  0.200632  0.137550  0.992605
    382   1      9  13   8    24     8.110   10794.016     1577.0     6370.7   2288.750   8.110   0.000   0.000  0.578455  0.200632  0.137550  0.992605
    383   1     11  12   7    24     8.110   10794.016     1062.7     4293.1   1542.340   8.110   0.000   0.000  0.578455  0.200632  0.137550  0.992605
    384   1     12  11   7    24     8.110   10794.016      141.6      572.2    205.567   8.110   0.000   0.000  0.578455  0.200632  0.137550  0.992605
    385   1     12  13   1    24     8.110   10794.016      204.5      826.0    296.745   8.110   0.000   0.000  0.578455  0.200632  0.137550  0.992605
    386   1     13   9   8    24     8.110   10794.016      227.8      920.4    330.652   8.110   0.000   0.000  0.578455  0.200632  0.137550  0.992605
    387   1     13  12   1    24     8.110   10794.016       86.7      350.3    125.861   8.110   0.000   0.000  0.578455  0.200632  0.137550  0.992605
    388   1     15   8   5    24     8.110   10794.016      942.9     3809.3   1368.557   8.110   0.000   0.000  0.578455  0.200632  0.137550  0.992605
    389   1     16   7   3    24     8.110   10794.016     1053.7     4256.6   1529.258   8.110   0.000   0.000  0.578455  0.200632  0.137550  0.992605
    390   1     17   4   3    24     8.110   10794.016     1747.4     7059.4   2536.168   8.110   0.000   0.000  0.578455  0.200632  0.137550  0.992605
    391   1     17   5   0    12     8.110   10794.016      148.9      601.7    216.179   8.110   0.000   0.000  0.578455  0.200632  0.137550  0.992605
    392   1     10  14   4    24     8.140   10828.558      128.8      188.2     52.442   8.140   0.000   0.000  0.580306  0.199955  0.135885  0.992581
    393   1     14  10   4    24     8.140   10828.558      520.5      760.3    211.891   8.140   0.000   0.000  0.580306  0.199955  0.135885  0.992581
    394   1      7  15   6    24     8.171   10863.433     1681.0     2345.1    505.034   8.171   0.000   0.000  0.582175  0.199276  0.134231  0.992557
    395   1      9  15   2    24     8.171   10863.433      118.9      165.9     35.735   8.171   0.000   0.000  0.582175  0.199276  0.134231  0.992557
    396   1     15   7   6    24     8.171   10863.433     2058.3     2871.5    618.411   8.171   0.000   0.000  0.582175  0.199276  0.134231  0.992557
    397   1     15   9   2    24     8.171   10863.433     4306.1     6007.3   1293.731   8.171   0.000   0.000  0.582175  0.199276  0.134231  0.992557
    398   1      6  16   4    24     8.202   10898.646      556.0      832.6    245.255   8.202   0.000   0.000  0.584063  0.198594  0.132587  0.992533
    399   1     10  12   8    24     8.202   10898.646     1183.3     1772.2    522.007   8.202   0.000   0.000  0.584063  0.198594  0.132587  0.992533
    400   1     12  10   8    24     8.202   10898.646     4574.9     6851.8   2018.193   8.202   0.000   0.000  0.584063  0.198594  0.132587  0.992533
    401   1     16   6   4    24     8.202   10898.646     1838.4     2753.3    810.995   8.202   0.000   0.000  0.584063  0.198594  0.132587  0.992533
    402   1      4  17   1    24     8.234   10934.204       53.2      458.6    326.010   8.234   0.000   0.000  0.585968  0.197911  0.130954  0.992509
    403   1      7  16   1    24     8.234   10934.204      110.8      954.9    678.831   8.234   0.000   0.000  0.585968  0.197911  0.130954  0.992509
    404   1      9  15   0    12     8.234   10934.204      264.8     2283.0   1622.880   8.234   0.000   0.000  0.585968  0.197911  0.130954  0.992509
    405   1     11  11   8    24     8.234   10934.204      237.7     2048.9   1456.509   8.234   0.000   0.000  0.585968  0.197911  0.130954  0.992509
    406   1     11  13   4    24     8.234   10934.204      827.1     7130.6   5068.948   8.234   0.000   0.000  0.585968  0.197911  0.130954  0.992509
    407   1     12   9   9    24     8.234   10934.204      948.9     8180.6   5815.358   8.234   0.000   0.000  0.585968  0.197911  0.130954  0.992509
    408   1     13  11   4    24     8.234   10934.204       45.0      388.3    276.001   8.234   0.000   0.000  0.585968  0.197911  0.130954  0.992509
    409   1     15   9   0    12     8.234   10934.204      188.7     1626.6   1156.328   8.234   0.000   0.000  0.585968  0.197911  0.130954  0.992509
    410   1     16   5   5    24     8.234   10934.204      479.8     4136.4   2940.413   8.234   0.000   0.000  0.585968  0.197911  0.130954  0.992509
    411   1     16   7   1    24     8.234   10934.204      889.0     7664.5   5448.473   8.234   0.000   0.000  0.585968  0.197911  0.130954  0.992509
    412   1     17   4   1    24     8.234   10934.204      721.9     6224.1   4424.500   8.234   0.000   0.000  0.585968  0.197911  0.130954  0.992509
    413   1     12  12   4    24     8.265   10970.113       28.6        0.0     39.201   8.265   0.000   0.000  0.587892  0.197225  0.129331  0.992484
    414   1      3  17   2    24     8.298   11006.378       92.4        0.0    191.960   8.298   0.000   0.000  0.589836  0.196537  0.127720  0.992460
    415   1      9  14   5    24     8.298   11006.378      497.0        0.0   1032.723   8.298   0.000   0.000  0.589836  0.196537  0.127720  0.992460
    416   1     10  11   9    24     8.298   11006.378      730.3        0.0   1517.648   8.298   0.000   0.000  0.589836  0.196537  0.127720  0.992460
    417   1     11  10   9    24     8.298   11006.378      889.6        0.0   1848.631   8.298   0.000   0.000  0.589836  0.196537  0.127720  0.992460
    418   1     14   9   5    24     8.298   11006.378      750.7        0.0   1559.961   8.298   0.000   0.000  0.589836  0.196537  0.127720  0.992460
    419   1     17   3   2    24     8.298   11006.378       50.0        0.0    103.816   8.298   0.000   0.000  0.589836  0.196537  0.127720  0.992460
    420   1     10  10  10     8     8.330   11043.005       60.0        0.0    139.979   8.330   0.000   0.000  0.591799  0.195847  0.126118  0.992435

   No.  Code     H   K   L  Mult     Hw     2theta/TOF      Icalc       Iobs      Sigma    HwG     HwL     ETA     d-hkl  TOF_alpha  TOF_beta     CORR

    421   1     10  14   2    24     8.330   11043.005       81.4        0.0    189.997   8.330   0.000   0.000  0.591799  0.195847  0.126118  0.992435
    422   1     14  10   2    24     8.330   11043.005      376.1        0.0    877.483   8.330   0.000   0.000  0.591799  0.195847  0.126118  0.992435
    423   1      3  17   0    12     8.363   11080.001       40.4        0.0     22.701   8.363   0.000   0.000  0.593781  0.195154  0.124528  0.992409
    424   1      8  15   3    24     8.363   11080.001      518.6        0.0    291.442   8.363   0.000   0.000  0.593781  0.195154  0.124528  0.992409
    425   1     15   8   3    24     8.363   11080.001      548.6        0.0    308.335   8.363   0.000   0.000  0.593781  0.195154  0.124528  0.992409
    426   1     17   3   0    12     8.363   11080.001       73.4        0.0     41.267   8.363   0.000   0.000  0.593781  0.195154  0.124528  0.992409
    427   1      6  16   2    24     8.396   11117.370     2618.8     1840.3   1209.815   8.396   0.000   0.000  0.595784  0.194459  0.122948  0.992384
    428   1      8  14   6    24     8.396   11117.370      285.1      200.4    131.724   8.396   0.000   0.000  0.595784  0.194459  0.122948  0.992384
    429   1     10  14   0    12     8.396   11117.370      578.3      406.4    267.166   8.396   0.000   0.000  0.595784  0.194459  0.122948  0.992384
    430   1     14   8   6    24     8.396   11117.370     1379.2      969.2    637.159   8.396   0.000   0.000  0.595784  0.194459  0.122948  0.992384
    431   1     14  10   0    12     8.396   11117.370     1263.9      888.2    583.883   8.396   0.000   0.000  0.595784  0.194459  0.122948  0.992384
    432   1     16   6   2    24     8.396   11117.370       87.1       61.2     40.232   8.396   0.000   0.000  0.595784  0.194459  0.122948  0.992384
    433   1      2  17   1    24     8.430   11155.120     1145.9     1839.6   1727.489   8.430   0.000   0.000  0.597807  0.193762  0.121379  0.992358
    434   1     10  13   5    24     8.430   11155.120     1516.1     2433.8   2285.531   8.430   0.000   0.000  0.597807  0.193762  0.121379  0.992358
    435   1     11  13   2    24     8.430   11155.120      128.8      206.8    194.169   8.430   0.000   0.000  0.597807  0.193762  0.121379  0.992358
    436   1     13  10   5    24     8.430   11155.120     1464.7     2351.3   2208.034   8.430   0.000   0.000  0.597807  0.193762  0.121379  0.992358
    437   1     13  11   2    24     8.430   11155.120      484.1      777.2    729.851   8.430   0.000   0.000  0.597807  0.193762  0.121379  0.992358
    438   1     14   7   7    24     8.430   11155.120      318.5      511.3    480.144   8.430   0.000   0.000  0.597807  0.193762  0.121379  0.992358
    439   1     17   2   1    24     8.430   11155.120      171.9      275.9    259.138   8.430   0.000   0.000  0.597807  0.193762  0.121379  0.992358
    440   1      6  16   0    12     8.464   11193.257      719.9      800.4    396.777   8.464   0.000   0.000  0.599851  0.193062  0.119820  0.992332
    441   1     12  12   2    24     8.464   11193.257       29.8       33.1     16.403   8.464   0.000   0.000  0.599851  0.193062  0.119820  0.992332
    442   1     16   6   0    12     8.464   11193.257       17.1       19.0      9.425   8.464   0.000   0.000  0.599851  0.193062  0.119820  0.992332
    443   1      1  17   0    12     8.499   11231.787     1025.2     1122.6    456.779   8.499   0.000   0.000  0.601916  0.192360  0.118272  0.992306
    444   1      5  16   3    24     8.499   11231.787     1485.3     1626.5    661.809   8.499   0.000   0.000  0.601916  0.192360  0.118272  0.992306
    445   1      7  15   4    24     8.499   11231.787      534.0      584.8    237.937   8.499   0.000   0.000  0.601916  0.192360  0.118272  0.992306
    446   1      8  15   1    24     8.499   11231.787      792.8      868.1    353.229   8.499   0.000   0.000  0.601916  0.192360  0.118272  0.992306
    447   1     11  12   5    24     8.499   11231.787      466.1      510.4    207.659   8.499   0.000   0.000  0.601916  0.192360  0.118272  0.992306
    448   1     11  13   0    12     8.499   11231.787       14.0       15.4      6.248   8.499   0.000   0.000  0.601916  0.192360  0.118272  0.992306
    449   1     12  11   5    24     8.499   11231.787     3477.0     3807.5   1549.225   8.499   0.000   0.000  0.601916  0.192360  0.118272  0.992306
    450   1     13  11   0    12     8.499   11231.787      108.5      118.8     48.349   8.499   0.000   0.000  0.601916  0.192360  0.118272  0.992306
    451   1     15   7   4    24     8.499   11231.787      698.8      765.2    311.341   8.499   0.000   0.000  0.601916  0.192360  0.118272  0.992306
    452   1     15   8   1    24     8.499   11231.787       66.1       72.3     29.433   8.499   0.000   0.000  0.601916  0.192360  0.118272  0.992306
    453   1     16   5   3    24     8.499   11231.787      756.9      828.8    337.238   8.499   0.000   0.000  0.601916  0.192360  0.118272  0.992306
    454   1     17   1   0    12     8.499   11231.787       19.6       21.4      8.718   8.499   0.000   0.000  0.601916  0.192360  0.118272  0.992306
    455   1     12  12   0    12     8.533   11270.720     2547.7     1643.9    988.829   8.533   0.000   0.000  0.604002  0.191655  0.116735  0.992279
    456   1     16   4   4    24     8.533   11270.720     2463.9     1589.8    956.292   8.533   0.000   0.000  0.604002  0.191655  0.116735  0.992279
    457   1      6  15   5    24     8.569   11310.060      853.9     6177.5   3063.535   8.569   0.000   0.000  0.606110  0.190948  0.115208  0.992253
    458   1      9  13   6    24     8.569   11310.060      291.9     2111.5   1047.133   8.569   0.000   0.000  0.606110  0.190948  0.115208  0.992253
    459   1      9  14   3    24     8.569   11310.060     5147.5    37241.2  18468.568   8.569   0.000   0.000  0.606110  0.190948  0.115208  0.992253
    460   1     13   9   6    24     8.569   11310.060      698.2     5051.4   2505.054   8.569   0.000   0.000  0.606110  0.190948  0.115208  0.992253
    461   1     14   9   3    24     8.569   11310.060     1360.5     9842.7   4881.148   8.569   0.000   0.000  0.606110  0.190948  0.115208  0.992253
    462   1     15   6   5    24     8.569   11310.060      115.2      833.6    413.390   8.569   0.000   0.000  0.606110  0.190948  0.115208  0.992253
    463   1      5  16   1    24     8.641   11389.990      274.8     1436.2    593.719   8.641   0.000   0.000  0.610394  0.189527  0.112186  0.992198
    464   1      8  13   7    24     8.641   11389.990      826.7     4320.2   1785.934   8.641   0.000   0.000  0.610394  0.189527  0.112186  0.992198
    465   1     13   8   7    24     8.641   11389.990      524.9     2742.8   1133.868   8.641   0.000   0.000  0.610394  0.189527  0.112186  0.992198
    466   1     16   5   1    24     8.641   11389.990      872.6     4560.4   1885.215   8.641   0.000   0.000  0.610394  0.189527  0.112186  0.992198
    467   1     10  12   6    24     8.677   11430.597      360.8      518.8    220.065   8.677   0.000   0.000  0.612570  0.188812  0.110692  0.992170
    468   1     12  10   6    24     8.677   11430.597      690.5      992.7    421.124   8.677   0.000   0.000  0.612570  0.188812  0.110692  0.992170
    469   1      7  15   2    24     8.714   11471.640     2433.9     2903.0   1355.605   8.714   0.000   0.000  0.614769  0.188095  0.109207  0.992142
    470   1      9  14   1    24     8.714   11471.640     1512.6     1804.1    842.485   8.714   0.000   0.000  0.614769  0.188095  0.109207  0.992142
    471   1     10  13   3    24     8.714   11471.640     1733.7     2067.8    965.618   8.714   0.000   0.000  0.614769  0.188095  0.109207  0.992142
    472   1     11  11   6    24     8.714   11471.640     1712.1     2042.0    953.579   8.714   0.000   0.000  0.614769  0.188095  0.109207  0.992142
    473   1     13  10   3    24     8.714   11471.640      659.9      787.1    367.550   8.714   0.000   0.000  0.614769  0.188095  0.109207  0.992142
    474   1     14   9   1    24     8.714   11471.640      178.6      213.0     99.455   8.714   0.000   0.000  0.614769  0.188095  0.109207  0.992142
    475   1     15   7   2    24     8.714   11471.640     2979.0     3553.1   1659.222   8.714   0.000   0.000  0.614769  0.188095  0.109207  0.992142
    476   1      4  16   2    24     8.752   11513.130      774.3     1114.3    552.308   8.752   0.000   0.000  0.616993  0.187376  0.107734  0.992114
    477   1      8  14   4    24     8.752   11513.130      270.0      388.6    192.631   8.752   0.000   0.000  0.616993  0.187376  0.107734  0.992114
    478   1     14   8   4    24     8.752   11513.130     1243.2     1789.2    886.798   8.752   0.000   0.000  0.616993  0.187376  0.107734  0.992114
    479   1     16   4   2    24     8.752   11513.130      837.5     1205.4    597.440   8.752   0.000   0.000  0.616993  0.187376  0.107734  0.992114
    480   1      7  15   0    12     8.790   11555.071        6.5        0.0      4.278   8.790   0.000   0.000  0.619241  0.186653  0.106271  0.992085

   No.  Code     H   K   L  Mult     Hw     2theta/TOF      Icalc       Iobs      Sigma    HwG     HwL     ETA     d-hkl  TOF_alpha  TOF_beta     CORR

    481   1      9  12   7    24     8.790   11555.071     2014.1        0.0   1325.617   8.790   0.000   0.000  0.619241  0.186653  0.106271  0.992085
    482   1     11  12   3    24     8.790   11555.071      131.1        0.0     86.268   8.790   0.000   0.000  0.619241  0.186653  0.106271  0.992085
    483   1     12   9   7    24     8.790   11555.071      115.1        0.0     75.789   8.790   0.000   0.000  0.619241  0.186653  0.106271  0.992085
    484   1     12  11   3    24     8.790   11555.071     2630.8        0.0   1731.545   8.790   0.000   0.000  0.619241  0.186653  0.106271  0.992085
    485   1     15   7   0    12     8.790   11555.071      290.4        0.0    191.107   8.790   0.000   0.000  0.619241  0.186653  0.106271  0.992085
    486   1     16   3   3    24     8.790   11555.071      968.7        0.0    637.568   8.790   0.000   0.000  0.619241  0.186653  0.106271  0.992085
    487   1      4  16   0    12     8.828   11597.476      463.1     1087.7    366.176   8.828   0.000   0.000  0.621513  0.185929  0.104819  0.992056
    488   1     12   8   8    24     8.828   11597.476     1893.5     4447.7   1497.262   8.828   0.000   0.000  0.621513  0.185929  0.104819  0.992056
    489   1     16   4   0    12     8.828   11597.476     1026.5     2411.1    811.655   8.828   0.000   0.000  0.621513  0.185929  0.104819  0.992056
    490   1      6  15   3    24     8.867   11640.350      835.9     2377.7   2144.056   8.867   0.000   0.000  0.623811  0.185201  0.103377  0.992027
    491   1      7  14   5    24     8.867   11640.350      129.0      366.9    330.873   8.867   0.000   0.000  0.623811  0.185201  0.103377  0.992027
    492   1     10  11   7    24     8.867   11640.350      434.4     1235.6   1114.227   8.867   0.000   0.000  0.623811  0.185201  0.103377  0.992027
    493   1     10  13   1    24     8.867   11640.350      120.6      343.1    309.370   8.867   0.000   0.000  0.623811  0.185201  0.103377  0.992027
    494   1     11  10   7    24     8.867   11640.350     1844.7     5247.6   4731.973   8.867   0.000   0.000  0.623811  0.185201  0.103377  0.992027
    495   1     13  10   1    24     8.867   11640.350     2322.3     6606.0   5956.903   8.867   0.000   0.000  0.623811  0.185201  0.103377  0.992027
    496   1     14   7   5    24     8.867   11640.350      316.5      900.2    811.774   8.867   0.000   0.000  0.623811  0.185201  0.103377  0.992027
    497   1     15   6   3    24     8.867   11640.350       14.5       41.2     37.175   8.867   0.000   0.000  0.623811  0.185201  0.103377  0.992027
    498   1     14   6   6    24     8.907   11683.703       55.9       53.7     51.600   8.907   0.000   0.000  0.626134  0.184471  0.101946  0.991998
    499   1      3  16   1    24     8.947   11727.544      772.0     2016.5    401.180   8.947   0.000   0.000  0.628483  0.183738  0.100526  0.991968
    500   1      5  15   4    24     8.947   11727.544      503.7     1315.6    261.727   8.947   0.000   0.000  0.628483  0.183738  0.100526  0.991968
    501   1      9  11   8    24     8.947   11727.544       16.5       43.0      8.549   8.947   0.000   0.000  0.628483  0.183738  0.100526  0.991968
    502   1      9  13   4    24     8.947   11727.544      866.0     2262.1    450.036   8.947   0.000   0.000  0.628483  0.183738  0.100526  0.991968
    503   1     11   9   8    24     8.947   11727.544     1617.1     4224.0    840.338   8.947   0.000   0.000  0.628483  0.183738  0.100526  0.991968
    504   1     11  12   1    24     8.947   11727.544      656.2     1714.0    340.998   8.947   0.000   0.000  0.628483  0.183738  0.100526  0.991968
    505   1     12  11   1    24     8.947   11727.544     1721.8     4497.4    894.739   8.947   0.000   0.000  0.628483  0.183738  0.100526  0.991968
    506   1     13   9   4    24     8.947   11727.544     3484.6     9102.0   1810.795   8.947   0.000   0.000  0.628483  0.183738  0.100526  0.991968
    507   1     15   5   4    24     8.947   11727.544     3023.7     7898.0   1571.257   8.947   0.000   0.000  0.628483  0.183738  0.100526  0.991968
    508   1     16   3   1    24     8.947   11727.544     1583.0     4134.7    822.584   8.947   0.000   0.000  0.628483  0.183738  0.100526  0.991968
    509   1      8  14   2    24     8.987   11771.884      450.4     1233.8    511.751   8.987   0.000   0.000  0.630860  0.183002  0.099116  0.991938
    510   1     10  10   8    24     8.987   11771.884      583.1     1597.1    662.450   8.987   0.000   0.000  0.630860  0.183002  0.099116  0.991938
    511   1     14   8   2    24     8.987   11771.884     2570.4     7040.6   2920.395   8.987   0.000   0.000  0.630860  0.183002  0.099116  0.991938
    512   1     16   2   2    24     8.987   11771.884      323.8      886.9    367.862   8.987   0.000   0.000  0.630860  0.183002  0.099116  0.991938
    513   1      6  15   1    24     9.028   11816.729     2537.9     3428.4   2301.181   9.028   0.000   0.000  0.633263  0.182264  0.097717  0.991907
    514   1     10   9   9    24     9.028   11816.729       63.0       85.1     57.152   9.028   0.000   0.000  0.633263  0.182264  0.097717  0.991907
    515   1     15   6   1    24     9.028   11816.729       53.7       72.6     48.727   9.028   0.000   0.000  0.633263  0.182264  0.097717  0.991907
    516   1      2  16   0    12     9.070   11862.090      550.2      755.1    444.522   9.070   0.000   0.000  0.635694  0.181522  0.096329  0.991876
    517   1      8  14   0    12     9.070   11862.090      152.0      208.6    122.796   9.070   0.000   0.000  0.635694  0.181522  0.096329  0.991876
    518   1     10  12   4    24     9.070   11862.090     1128.6     1548.7    911.776   9.070   0.000   0.000  0.635694  0.181522  0.096329  0.991876
    519   1     12  10   4    24     9.070   11862.090      198.4      272.3    160.301   9.070   0.000   0.000  0.635694  0.181522  0.096329  0.991876
    520   1     14   8   0    12     9.070   11862.090     1748.3     2399.2   1412.435   9.070   0.000   0.000  0.635694  0.181522  0.096329  0.991876
    521   1     16   2   0    12     9.070   11862.090     2247.2     3083.8   1815.512   9.070   0.000   0.000  0.635694  0.181522  0.096329  0.991876
    522   1      8  13   5    24     9.112   11907.978     2856.2      709.6   3593.761   9.112   0.000   0.000  0.638153  0.180778  0.094951  0.991845
    523   1     11  11   4    24     9.112   11907.978       10.6        2.6     13.360   9.112   0.000   0.000  0.638153  0.180778  0.094951  0.991845
    524   1     13   8   5    24     9.112   11907.978      157.2       39.0    197.742   9.112   0.000   0.000  0.638153  0.180778  0.094951  0.991845
    525   1     16   1   1    24     9.112   11907.978      415.9      103.3    523.349   9.112   0.000   0.000  0.638153  0.180778  0.094951  0.991845
    526   1     16   0   0     6     9.155   11954.404     2152.6     2437.0   2057.826   9.155   0.000   0.000  0.640641  0.180031  0.093584  0.991813
    527   1      5  15   2    24     9.198   12001.377     1646.6    13681.2   4025.049   9.198   0.000   0.000  0.643158  0.179281  0.092227  0.991781
    528   1      7  13   6    24     9.198   12001.377     1461.5    12143.0   3572.512   9.198   0.000   0.000  0.643158  0.179281  0.092227  0.991781
    529   1      7  14   3    24     9.198   12001.377     1719.7    14289.1   4203.896   9.198   0.000   0.000  0.643158  0.179281  0.092227  0.991781
    530   1      9  13   2    24     9.198   12001.377      421.9     3505.6   1031.351   9.198   0.000   0.000  0.643158  0.179281  0.092227  0.991781
    531   1     13   7   6    24     9.198   12001.377       86.0      714.9    210.331   9.198   0.000   0.000  0.643158  0.179281  0.092227  0.991781
    532   1     13   9   2    24     9.198   12001.377      187.3     1556.4    457.894   9.198   0.000   0.000  0.643158  0.179281  0.092227  0.991781
    533   1     14   7   3    24     9.198   12001.377     1101.6     9153.2   2692.883   9.198   0.000   0.000  0.643158  0.179281  0.092227  0.991781
    534   1     15   5   2    24     9.198   12001.377      130.3     1082.9    318.585   9.198   0.000   0.000  0.643158  0.179281  0.092227  0.991781
    535   1      4  15   3    24     9.286   12097.006      807.0      723.9    326.037   9.286   0.000   0.000  0.648283  0.177772  0.089546  0.991716
    536   1      5  15   0    12     9.286   12097.006     2864.1     2569.1   1157.124   9.286   0.000   0.000  0.648283  0.177772  0.089546  0.991716
    537   1      9  12   5    24     9.286   12097.006     2347.4     2105.6    948.368   9.286   0.000   0.000  0.648283  0.177772  0.089546  0.991716
    538   1      9  13   0    12     9.286   12097.006     3004.7     2695.2   1213.929   9.286   0.000   0.000  0.648283  0.177772  0.089546  0.991716
    539   1     12   9   5    24     9.286   12097.006     1148.2     1029.9    463.873   9.286   0.000   0.000  0.648283  0.177772  0.089546  0.991716
    540   1     13   9   0    12     9.286   12097.006       69.2       62.1     27.964   9.286   0.000   0.000  0.648283  0.177772  0.089546  0.991716

   No.  Code     H   K   L  Mult     Hw     2theta/TOF      Icalc       Iobs      Sigma    HwG     HwL     ETA     d-hkl  TOF_alpha  TOF_beta     CORR

    541   1     15   4   3    24     9.286   12097.006      275.5      247.2    111.318   9.286   0.000   0.000  0.648283  0.177772  0.089546  0.991716
    542   1     15   5   0    12     9.286   12097.006      161.8      145.1     65.353   9.286   0.000   0.000  0.648283  0.177772  0.089546  0.991716
    543   1      6  14   4    24     9.332   12145.687      748.1      893.2    373.529   9.332   0.000   0.000  0.650892  0.177013  0.088222  0.991683
    544   1     10  12   2    24     9.332   12145.687     5492.6     6558.0   2742.517   9.332   0.000   0.000  0.650892  0.177013  0.088222  0.991683
    545   1     12  10   2    24     9.332   12145.687      670.3      800.4    334.701   9.332   0.000   0.000  0.650892  0.177013  0.088222  0.991683
    546   1     14   6   4    24     9.332   12145.687     1565.5     1869.2    781.664   9.332   0.000   0.000  0.650892  0.177013  0.088222  0.991683
    547   1      7  14   1    24     9.377   12194.960     1927.9     3631.2   1496.419   9.377   0.000   0.000  0.653532  0.176251  0.086908  0.991649
    548   1     10  11   5    24     9.377   12194.960      475.3      895.2    368.921   9.377   0.000   0.000  0.653532  0.176251  0.086908  0.991649
    549   1     11  10   5    24     9.377   12194.960      278.8      525.1    216.383   9.377   0.000   0.000  0.653532  0.176251  0.086908  0.991649
    550   1     11  11   2    24     9.377   12194.960     2799.3     5272.4   2172.786   9.377   0.000   0.000  0.653532  0.176251  0.086908  0.991649
    551   1     14   5   5    24     9.377   12194.960      975.8     1837.8    757.374   9.377   0.000   0.000  0.653532  0.176251  0.086908  0.991649
    552   1     14   7   1    24     9.377   12194.960     1317.4     2481.4   1022.582   9.377   0.000   0.000  0.653532  0.176251  0.086908  0.991649
    553   1      8  12   6    24     9.424   12244.837      569.0      638.9    637.505   9.424   0.000   0.000  0.656205  0.175486  0.085605  0.991615
    554   1     10  12   0    12     9.424   12244.837       10.2       11.5     11.437   9.424   0.000   0.000  0.656205  0.175486  0.085605  0.991615
    555   1     12   8   6    24     9.424   12244.837     1393.0     1564.3   1560.832   9.424   0.000   0.000  0.656205  0.175486  0.085605  0.991615
    556   1     12  10   0    12     9.424   12244.837      291.4      327.2    326.458   9.424   0.000   0.000  0.656205  0.175486  0.085605  0.991615
    557   1      4  15   1    24     9.471   12295.331      275.9      371.5    548.307   9.471   0.000   0.000  0.658911  0.174717  0.084312  0.991581
    558   1      8  13   3    24     9.471   12295.331       55.6       74.9    110.519   9.471   0.000   0.000  0.658911  0.174717  0.084312  0.991581
    559   1     11  11   0    12     9.471   12295.331      287.9      387.6    572.069   9.471   0.000   0.000  0.658911  0.174717  0.084312  0.991581
    560   1     12   7   7    24     9.471   12295.331     1707.5     2299.3   3393.463   9.471   0.000   0.000  0.658911  0.174717  0.084312  0.991581
    561   1     13   8   3    24     9.471   12295.331      938.9     1264.3   1865.879   9.471   0.000   0.000  0.658911  0.174717  0.084312  0.991581
    562   1     15   4   1    24     9.471   12295.331     3060.1     4120.7   6081.543   9.471   0.000   0.000  0.658911  0.174717  0.084312  0.991581
    563   1      3  15   2    24     9.567   12398.222      748.0     1694.6    643.933   9.567   0.000   0.000  0.664425  0.173171  0.081759  0.991511
    564   1      9  11   6    24     9.567   12398.222      663.5     1503.1    571.174   9.567   0.000   0.000  0.664425  0.173171  0.081759  0.991511
    565   1     11   9   6    24     9.567   12398.222      873.5     1978.8    751.925   9.567   0.000   0.000  0.664425  0.173171  0.081759  0.991511
    566   1     15   3   2    24     9.567   12398.222     4015.4     9096.6   3456.671   9.567   0.000   0.000  0.664425  0.173171  0.081759  0.991511
    567   1      6  14   2    24     9.616   12450.646      946.8     1232.3    902.294   9.616   0.000   0.000  0.667235  0.172393  0.080498  0.991475
    568   1     10  10   6    24     9.616   12450.646      384.4      500.2    366.290   9.616   0.000   0.000  0.667235  0.172393  0.080498  0.991475
    569   1     14   6   2    24     9.616   12450.646     1208.6     1573.0   1151.787   9.616   0.000   0.000  0.667235  0.172393  0.080498  0.991475
    570   1      3  15   0    12     9.666   12503.742       76.8       87.8     61.877   9.666   0.000   0.000  0.670080  0.171612  0.079248  0.991439
    571   1      7  13   4    24     9.666   12503.742     5568.6     6365.7   4488.577   9.666   0.000   0.000  0.670080  0.171612  0.079248  0.991439
    572   1      8  11   7    24     9.666   12503.742      395.0      451.5    318.381   9.666   0.000   0.000  0.670080  0.171612  0.079248  0.991439
    573   1      8  13   1    24     9.666   12503.742      745.8      852.6    601.158   9.666   0.000   0.000  0.670080  0.171612  0.079248  0.991439
    574   1      9  12   3    24     9.666   12503.742       26.0       29.7     20.965   9.666   0.000   0.000  0.670080  0.171612  0.079248  0.991439
    575   1     11   8   7    24     9.666   12503.742      588.6      672.8    474.400   9.666   0.000   0.000  0.670080  0.171612  0.079248  0.991439
    576   1     12   9   3    24     9.666   12503.742      408.9      467.5    329.610   9.666   0.000   0.000  0.670080  0.171612  0.079248  0.991439
    577   1     13   7   4    24     9.666   12503.742      958.7     1095.9    772.758   9.666   0.000   0.000  0.670080  0.171612  0.079248  0.991439
    578   1     13   8   1    24     9.666   12503.742      354.5      405.2    285.723   9.666   0.000   0.000  0.670080  0.171612  0.079248  0.991439
    579   1     15   3   0    12     9.666   12503.742     1276.6     1459.3   1028.995   9.666   0.000   0.000  0.670080  0.171612  0.079248  0.991439
    580   1      6  14   0    12     9.717   12557.521      197.9       67.0    287.957   9.717   0.000   0.000  0.672962  0.170827  0.078008  0.991402
    581   1     14   6   0    12     9.717   12557.521       35.1       11.9     51.021   9.717   0.000   0.000  0.672962  0.170827  0.078008  0.991402
    582   1      2  15   1    24     9.768   12612.001     2637.5     4187.6    749.473   9.768   0.000   0.000  0.675882  0.170039  0.076779  0.991365
    583   1      5  14   3    24     9.768   12612.001     1850.3     2937.6    525.765   9.768   0.000   0.000  0.675882  0.170039  0.076779  0.991365
    584   1      6  13   5    24     9.768   12612.001     1228.7     1950.9    349.157   9.768   0.000   0.000  0.675882  0.170039  0.076779  0.991365
    585   1      9  10   7    24     9.768   12612.001     3829.1     6079.4   1088.056   9.768   0.000   0.000  0.675882  0.170039  0.076779  0.991365
    586   1     10   9   7    24     9.768   12612.001       34.6       54.9      9.818   9.768   0.000   0.000  0.675882  0.170039  0.076779  0.991365
    587   1     10  11   3    24     9.768   12612.001      465.3      738.7    132.214   9.768   0.000   0.000  0.675882  0.170039  0.076779  0.991365
    588   1     11  10   3    24     9.768   12612.001     2698.9     4285.1    766.920   9.768   0.000   0.000  0.675882  0.170039  0.076779  0.991365
    589   1     13   6   5    24     9.768   12612.001     5578.6     8857.2   1585.207   9.768   0.000   0.000  0.675882  0.170039  0.076779  0.991365
    590   1     14   5   3    24     9.768   12612.001     1625.8     2581.3    461.989   9.768   0.000   0.000  0.675882  0.170039  0.076779  0.991365
    591   1     15   2   1    24     9.768   12612.001      612.9      973.0    174.151   9.768   0.000   0.000  0.675882  0.170039  0.076779  0.991365
    592   1     10   8   8    24     9.821   12667.196     3074.9     5435.4   1911.999   9.821   0.000   0.000  0.678840  0.169248  0.075561  0.991327
    593   1     14   4   4    24     9.821   12667.196     4843.8     8562.1   3011.883   9.821   0.000   0.000  0.678840  0.169248  0.075561  0.991327
    594   1      1  15   0    12     9.874   12723.122        0.6        2.6      1.209   9.874   0.000   0.000  0.681837  0.168453  0.074354  0.991289
    595   1      9   9   8    24     9.874   12723.122      562.9     2631.7   1235.188   9.874   0.000   0.000  0.681837  0.168453  0.074354  0.991289
    596   1      9  12   1    24     9.874   12723.122      805.9     3767.9   1768.441   9.874   0.000   0.000  0.681837  0.168453  0.074354  0.991289
    597   1     12   9   1    24     9.874   12723.122     1887.3     8824.2   4141.567   9.874   0.000   0.000  0.681837  0.168453  0.074354  0.991289
    598   1     15   1   0    12     9.874   12723.122       91.2      426.2    200.038   9.874   0.000   0.000  0.681837  0.168453  0.074354  0.991289
    599   1      8  12   4    24     9.928   12779.796       52.8        0.0    132.591   9.928   0.000   0.000  0.684874  0.167654  0.073157  0.991251
    600   1     12   8   4    24     9.928   12779.796       42.6        0.0    107.117   9.928   0.000   0.000  0.684874  0.167654  0.073157  0.991251

   No.  Code     H   K   L  Mult     Hw     2theta/TOF      Icalc       Iobs      Sigma    HwG     HwL     ETA     d-hkl  TOF_alpha  TOF_beta     CORR

    601   1      5  14   1    24     9.982   12837.232     1854.6     3739.2    954.598   9.982   0.000   0.000  0.687952  0.166852  0.071971  0.991211
    602   1      7  13   2    24     9.982   12837.232       68.8      138.6     35.395   9.982   0.000   0.000  0.687952  0.166852  0.071971  0.991211
    603   1     10  11   1    24     9.982   12837.232    13511.4    27241.7   6954.615   9.982   0.000   0.000  0.687952  0.166852  0.071971  0.991211
    604   1     11  10   1    24     9.982   12837.232     2573.3     5188.3   1324.540   9.982   0.000   0.000  0.687952  0.166852  0.071971  0.991211
    605   1     13   7   2    24     9.982   12837.232     2228.6     4493.3   1147.112   9.982   0.000   0.000  0.687952  0.166852  0.071971  0.991211
    606   1     14   5   1    24     9.982   12837.232      253.1      510.3    130.281   9.982   0.000   0.000  0.687952  0.166852  0.071971  0.991211
    607   1      7  12   5    24    10.094   12954.471     1105.1     1564.5    387.187  10.094   0.000   0.000  0.694235  0.165237  0.069630  0.991132
    608   1      7  13   0    12    10.094   12954.471       13.4       18.9      4.683  10.094   0.000   0.000  0.694235  0.165237  0.069630  0.991132
    609   1      9  11   4    24    10.094   12954.471     2838.6     4018.6    994.559  10.094   0.000   0.000  0.694235  0.165237  0.069630  0.991132
    610   1     11   9   4    24    10.094   12954.471     5774.8     8175.5   2023.326  10.094   0.000   0.000  0.694235  0.165237  0.069630  0.991132
    611   1     12   7   5    24    10.094   12954.471     4464.9     6321.0   1564.369  10.094   0.000   0.000  0.694235  0.165237  0.069630  0.991132
    612   1     13   7   0    12    10.094   12954.471       87.7      124.2     30.740  10.094   0.000   0.000  0.694235  0.165237  0.069630  0.991132
    613   1      4  14   2    24    10.152   13014.307       94.3        4.5     59.491  10.152   0.000   0.000  0.697442  0.164424  0.068476  0.991091
    614   1     10  10   4    24    10.152   13014.307     3699.1      177.9   2334.806  10.152   0.000   0.000  0.697442  0.164424  0.068476  0.991091
    615   1     12   6   6    24    10.152   13014.307     1052.1       50.6    664.089  10.152   0.000   0.000  0.697442  0.164424  0.068476  0.991091
    616   1     14   4   2    24    10.152   13014.307      901.9       43.4    569.276  10.152   0.000   0.000  0.697442  0.164424  0.068476  0.991091
    617   1      6  13   3    24    10.210   13074.979      873.4      610.1    531.875  10.210   0.000   0.000  0.700693  0.163608  0.067332  0.991049
    618   1     13   6   3    24    10.210   13074.979     1370.7      957.4    834.660  10.210   0.000   0.000  0.700693  0.163608  0.067332  0.991049
    619   1     14   3   3    24    10.210   13074.979     3538.5     2471.6   2154.733  10.210   0.000   0.000  0.700693  0.163608  0.067332  0.991049
    620   1      4  14   0    12    10.270   13136.509     5086.0     3899.7   2802.361  10.270   0.000   0.000  0.703990  0.162787  0.066199  0.991008
    621   1      8  12   2    24    10.270   13136.509      384.6      294.9    211.911  10.270   0.000   0.000  0.703990  0.162787  0.066199  0.991008
    622   1     12   8   2    24    10.270   13136.509     1926.3     1477.0   1061.402  10.270   0.000   0.000  0.703990  0.162787  0.066199  0.991008
    623   1     14   4   0    12    10.270   13136.509      536.0      411.0    295.333  10.270   0.000   0.000  0.703990  0.162787  0.066199  0.991008
    624   1      5  13   4    24    10.330   13198.916     2065.8      828.7   2787.436  10.330   0.000   0.000  0.707335  0.161962  0.065076  0.990965
    625   1      8  11   5    24    10.330   13198.916      765.1      306.9   1032.373  10.330   0.000   0.000  0.707335  0.161962  0.065076  0.990965
    626   1     11   8   5    24    10.330   13198.916      201.9       81.0    272.500  10.330   0.000   0.000  0.707335  0.161962  0.065076  0.990965
    627   1     13   5   4    24    10.330   13198.916      354.7      142.3    478.655  10.330   0.000   0.000  0.707335  0.161962  0.065076  0.990965
    628   1      8  12   0    12    10.391   13262.221      564.8        0.0   1007.953  10.391   0.000   0.000  0.710727  0.161134  0.063965  0.990922
    629   1     12   8   0    12    10.391   13262.221       94.3        0.0    168.320  10.391   0.000   0.000  0.710727  0.161134  0.063965  0.990922
    630   1      3  14   1    24    10.454   13326.445     5373.4     6978.5   1109.336  10.454   0.000   0.000  0.714169  0.160301  0.062863  0.990878
    631   1      6  13   1    24    10.454   13326.445     4768.2     6192.6    984.400  10.454   0.000   0.000  0.714169  0.160301  0.062863  0.990878
    632   1      7  11   6    24    10.454   13326.445     1796.1     2332.6    370.794  10.454   0.000   0.000  0.714169  0.160301  0.062863  0.990878
    633   1      9  10   5    24    10.454   13326.445     2893.3     3757.6    597.326  10.454   0.000   0.000  0.714169  0.160301  0.062863  0.990878
    634   1      9  11   2    24    10.454   13326.445       31.6       41.1      6.530  10.454   0.000   0.000  0.714169  0.160301  0.062863  0.990878
    635   1     10   9   5    24    10.454   13326.445     5414.5     7031.8   1117.813  10.454   0.000   0.000  0.714169  0.160301  0.062863  0.990878
    636   1     11   7   6    24    10.454   13326.445      119.5      155.2     24.670  10.454   0.000   0.000  0.714169  0.160301  0.062863  0.990878
    637   1     11   9   2    24    10.454   13326.445     1089.6     1415.1    224.951  10.454   0.000   0.000  0.714169  0.160301  0.062863  0.990878
    638   1     13   6   1    24    10.454   13326.445      538.7      699.6    111.216  10.454   0.000   0.000  0.714169  0.160301  0.062863  0.990878
    639   1     14   3   1    24    10.454   13326.445     2103.5     2731.9    434.269  10.454   0.000   0.000  0.714169  0.160301  0.062863  0.990878
    640   1     10  10   2    24    10.517   13391.611      259.6      354.1    137.131  10.517   0.000   0.000  0.717661  0.159465  0.061773  0.990834
    641   1     14   2   2    24    10.517   13391.611     6335.5     8642.8   3346.726  10.517   0.000   0.000  0.717661  0.159465  0.061773  0.990834
    642   1      7  12   3    24    10.582   13457.744     2847.9      860.6   1098.443  10.582   0.000   0.000  0.721206  0.158624  0.060693  0.990789
    643   1      9  11   0    12    10.582   13457.744     1335.7      403.6    515.187  10.582   0.000   0.000  0.721206  0.158624  0.060693  0.990789
    644   1     11   9   0    12    10.582   13457.744     1250.2      377.8    482.195  10.582   0.000   0.000  0.721206  0.158624  0.060693  0.990789
    645   1     12   7   3    24    10.582   13457.744     3262.5      985.9   1258.359  10.582   0.000   0.000  0.721206  0.158624  0.060693  0.990789
    646   1      2  14   0    12    10.647   13524.863       15.8       12.3      4.727  10.647   0.000   0.000  0.724802  0.157780  0.059624  0.990743
    647   1      8  10   6    24    10.647   13524.863      298.1      232.0     88.964  10.647   0.000   0.000  0.724802  0.157780  0.059624  0.990743
    648   1     10   8   6    24    10.647   13524.863     5460.2     4248.2   1629.280  10.647   0.000   0.000  0.724802  0.157780  0.059624  0.990743
    649   1     10  10   0    12    10.647   13524.863        1.1        0.8      0.325  10.647   0.000   0.000  0.724802  0.157780  0.059624  0.990743
    650   1     14   2   0    12    10.647   13524.863     5165.5     4018.9   1541.332  10.647   0.000   0.000  0.724802  0.157780  0.059624  0.990743
    651   1      5  13   2    24    10.714   13593.000     1182.3     2946.9    294.760  10.714   0.000   0.000  0.728454  0.156931  0.058565  0.990697
    652   1      9   9   6    24    10.714   13593.000     6514.3    16237.1   1624.077  10.714   0.000   0.000  0.728454  0.156931  0.058565  0.990697
    653   1     10   7   7    24    10.714   13593.000     2313.6     5766.6    576.792  10.714   0.000   0.000  0.728454  0.156931  0.058565  0.990697
    654   1     13   5   2    24    10.714   13593.000     8820.9    21986.4   2199.133  10.714   0.000   0.000  0.728454  0.156931  0.058565  0.990697
    655   1     14   1   1    24    10.714   13593.000      640.0     1595.1    159.547  10.714   0.000   0.000  0.728454  0.156931  0.058565  0.990697
    656   1      6  12   4    24    10.782   13662.176     3408.7      841.2   1331.451  10.782   0.000   0.000  0.732161  0.156077  0.057517  0.990649
    657   1     12   6   4    24    10.782   13662.176     2096.2      517.3    818.789  10.782   0.000   0.000  0.732161  0.156077  0.057517  0.990649
    658   1     14   0   0     6    10.782   13662.176      288.1       71.1    112.512  10.782   0.000   0.000  0.732161  0.156077  0.057517  0.990649
    659   1      4  13   3    24    10.852   13732.419     1161.1     1508.2    135.020  10.852   0.000   0.000  0.735925  0.155220  0.056480  0.990602
    660   1      5  13   0    12    10.852   13732.419     2609.2     3389.2    303.422  10.852   0.000   0.000  0.735925  0.155220  0.056480  0.990602

   No.  Code     H   K   L  Mult     Hw     2theta/TOF      Icalc       Iobs      Sigma    HwG     HwL     ETA     d-hkl  TOF_alpha  TOF_beta     CORR

    661   1      7  12   1    24    10.852   13732.419      743.0      965.2     86.407  10.852   0.000   0.000  0.735925  0.155220  0.056480  0.990602
    662   1      8   9   7    24    10.852   13732.419     2449.5     3181.7    284.847  10.852   0.000   0.000  0.735925  0.155220  0.056480  0.990602
    663   1      8  11   3    24    10.852   13732.419     4794.9     6228.4    557.600  10.852   0.000   0.000  0.735925  0.155220  0.056480  0.990602
    664   1      9   8   7    24    10.852   13732.419     1399.8     1818.3    162.787  10.852   0.000   0.000  0.735925  0.155220  0.056480  0.990602
    665   1     11   8   3    24    10.852   13732.419     2742.4     3562.3    318.915  10.852   0.000   0.000  0.735925  0.155220  0.056480  0.990602
    666   1     12   5   5    24    10.852   13732.419     9005.0    11697.1   1047.188  10.852   0.000   0.000  0.735925  0.155220  0.056480  0.990602
    667   1     12   7   1    24    10.852   13732.419    13020.6    16913.1   1514.156  10.852   0.000   0.000  0.735925  0.155220  0.056480  0.990602
    668   1     13   4   3    24    10.852   13732.419     3676.2     4775.2    427.504  10.852   0.000   0.000  0.735925  0.155220  0.056480  0.990602
    669   1     13   5   0    12    10.852   13732.419        4.9        6.4      0.569  10.852   0.000   0.000  0.735925  0.155220  0.056480  0.990602
    670   1      8   8   8     8    10.922   13803.757     8090.2    15274.6   3554.991  10.922   0.000   0.000  0.739748  0.154357  0.055453  0.990553
    671   1      9  10   3    24    10.994   13876.218     3800.3     6825.6   4765.619  10.994   0.000   0.000  0.743632  0.153491  0.054437  0.990504
    672   1     10   9   3    24    10.994   13876.218      852.9     1531.9   1069.607  10.994   0.000   0.000  0.743632  0.153491  0.054437  0.990504
    673   1      4  13   1    24    11.142   14024.631     3724.8     3873.4    649.823  11.142   0.000   0.000  0.751585  0.151744  0.052437  0.990403
    674   1      7  11   4    24    11.142   14024.631      394.1      409.8     68.748  11.142   0.000   0.000  0.751585  0.151744  0.052437  0.990403
    675   1      8  11   1    24    11.142   14024.631     6299.9     6551.2   1099.056  11.142   0.000   0.000  0.751585  0.151744  0.052437  0.990403
    676   1     11   7   4    24    11.142   14024.631      538.8      560.3     93.994  11.142   0.000   0.000  0.751585  0.151744  0.052437  0.990403
    677   1     11   8   1    24    11.142   14024.631     1829.9     1902.9    319.243  11.142   0.000   0.000  0.751585  0.151744  0.052437  0.990403
    678   1     13   4   1    24    11.142   14024.631     8596.6     8939.4   1499.728  11.142   0.000   0.000  0.751585  0.151744  0.052437  0.990403
    679   1      6  12   2    24    11.219   14100.645     4739.5     2661.4   1286.569  11.219   0.000   0.000  0.755659  0.150863  0.051453  0.990351
    680   1     12   6   2    24    11.219   14100.645     3884.7     2181.3   1054.507  11.219   0.000   0.000  0.755659  0.150863  0.051453  0.990351
    681   1      3  13   2    24    11.296   14177.910    10796.3    10811.8    766.132  11.296   0.000   0.000  0.759799  0.149978  0.050479  0.990298
    682   1      6  11   5    24    11.296   14177.910    28328.9    28369.6   2010.292  11.296   0.000   0.000  0.759799  0.149978  0.050479  0.990298
    683   1      9  10   1    24    11.296   14177.910      450.2      450.8     31.946  11.296   0.000   0.000  0.759799  0.149978  0.050479  0.990298
    684   1     10   9   1    24    11.296   14177.910      793.8      794.9     56.330  11.296   0.000   0.000  0.759799  0.149978  0.050479  0.990298
    685   1     11   6   5    24    11.296   14177.910     7953.7     7965.1    564.415  11.296   0.000   0.000  0.759799  0.149978  0.050479  0.990298
    686   1     13   3   2    24    11.296   14177.910     4277.0     4283.1    303.505  11.296   0.000   0.000  0.759799  0.149978  0.050479  0.990298
    687   1      6  12   0    12    11.376   14256.458     2029.9     2686.6    175.115  11.376   0.000   0.000  0.764009  0.149088  0.049517  0.990245
    688   1      8  10   4    24    11.376   14256.458    15850.7    20979.1   1367.426  11.376   0.000   0.000  0.764009  0.149088  0.049517  0.990245
    689   1     10   8   4    24    11.376   14256.458    16987.6    22483.8   1465.501  11.376   0.000   0.000  0.764009  0.149088  0.049517  0.990245
    690   1     12   6   0    12    11.376   14256.458     9509.3    12586.0    820.360  11.376   0.000   0.000  0.764009  0.149088  0.049517  0.990245
    691   1      3  13   0    12    11.456   14336.327     3415.4     5344.2    617.372  11.456   0.000   0.000  0.768289  0.148192  0.048564  0.990191
    692   1      5  12   3    24    11.456   14336.327     1394.4     2181.9    252.054  11.456   0.000   0.000  0.768289  0.148192  0.048564  0.990191
    693   1      9   9   4    24    11.456   14336.327     8235.7    12886.6   1488.695  11.456   0.000   0.000  0.768289  0.148192  0.048564  0.990191
    694   1     12   5   3    24    11.456   14336.327     8567.1    13405.2   1548.604  11.456   0.000   0.000  0.768289  0.148192  0.048564  0.990191
    695   1     13   3   0    12    11.456   14336.327       49.5       77.5      8.950  11.456   0.000   0.000  0.768289  0.148192  0.048564  0.990191
    696   1     12   4   4    24    11.539   14417.553     1404.2     1994.8   1415.193  11.539   0.000   0.000  0.772642  0.147292  0.047623  0.990135
    697   1      2  13   1    24    11.623   14500.177     8602.1    10618.5    792.156  11.623   0.000   0.000  0.777070  0.146387  0.046692  0.990079
    698   1      7  10   5    24    11.623   14500.177     5202.4     6421.9    479.083  11.623   0.000   0.000  0.777070  0.146387  0.046692  0.990079
    699   1      7  11   2    24    11.623   14500.177     9323.8    11509.4    858.619  11.623   0.000   0.000  0.777070  0.146387  0.046692  0.990079
    700   1     10   7   5    24    11.623   14500.177    10634.7    13127.5    979.331  11.623   0.000   0.000  0.777070  0.146387  0.046692  0.990079
    701   1     11   7   2    24    11.623   14500.177     6995.6     8635.4    644.218  11.623   0.000   0.000  0.777070  0.146387  0.046692  0.990079
    702   1     13   2   1    24    11.623   14500.177     6719.5     8294.6    618.789  11.623   0.000   0.000  0.777070  0.146387  0.046692  0.990079
    703   1     10   6   6    24    11.709   14584.235     1208.7     3150.1   1164.434  11.709   0.000   0.000  0.781575  0.145476  0.045772  0.990022
    704   1      1  13   0    12    11.796   14669.774        6.8        9.6      0.751  11.796   0.000   0.000  0.786159  0.144560  0.044862  0.989964
    705   1      5  12   1    24    11.796   14669.774     2386.4     3389.9    264.370  11.796   0.000   0.000  0.786159  0.144560  0.044862  0.989964
    706   1      7  11   0    12    11.796   14669.774     4392.0     6238.8    486.547  11.796   0.000   0.000  0.786159  0.144560  0.044862  0.989964
    707   1      8   9   5    24    11.796   14669.774     5447.3     7737.8    603.456  11.796   0.000   0.000  0.786159  0.144560  0.044862  0.989964
    708   1      9   8   5    24    11.796   14669.774     5150.1     7315.7    570.533  11.796   0.000   0.000  0.786159  0.144560  0.044862  0.989964
    709   1     11   7   0    12    11.796   14669.774     3107.5     4414.3    344.258  11.796   0.000   0.000  0.786159  0.144560  0.044862  0.989964
    710   1     12   5   1    24    11.796   14669.774     9761.6    13866.3   1081.400  11.796   0.000   0.000  0.786159  0.144560  0.044862  0.989964
    711   1     13   1   0    12    11.796   14669.774        3.4        4.8      0.373  11.796   0.000   0.000  0.786159  0.144560  0.044862  0.989964
    712   1      8  10   2    24    11.886   14756.837     4023.1     6283.3   1058.604  11.886   0.000   0.000  0.790824  0.143639  0.043963  0.989904
    713   1     10   8   2    24    11.886   14756.837     5505.7     8598.7   1448.709  11.886   0.000   0.000  0.790824  0.143639  0.043963  0.989904
    714   1      6  11   3    24    11.977   14845.468     1029.7      673.9    186.006  11.977   0.000   0.000  0.795574  0.142712  0.043075  0.989844
    715   1      7   9   6    24    11.977   14845.468      781.8      511.6    141.217  11.977   0.000   0.000  0.795574  0.142712  0.043075  0.989844
    716   1      9   7   6    24    11.977   14845.468     5034.1     3294.3    909.332  11.977   0.000   0.000  0.795574  0.142712  0.043075  0.989844
    717   1      9   9   2    24    11.977   14845.468     2682.6     1755.5    484.570  11.977   0.000   0.000  0.795574  0.142712  0.043075  0.989844
    718   1     11   6   3    24    11.977   14845.468     3203.3     2096.2    578.633  11.977   0.000   0.000  0.795574  0.142712  0.043075  0.989844
    719   1      4  12   2    24    12.071   14935.715    18723.3    15767.4   1535.705  12.071   0.000   0.000  0.800411  0.141780  0.042197  0.989783
    720   1      8   8   6    24    12.071   14935.715     2597.6     2187.5    213.061  12.071   0.000   0.000  0.800411  0.141780  0.042197  0.989783

   No.  Code     H   K   L  Mult     Hw     2theta/TOF      Icalc       Iobs      Sigma    HwG     HwL     ETA     d-hkl  TOF_alpha  TOF_beta     CORR

    721   1      8  10   0    12    12.071   14935.715      830.7      699.5     68.135  12.071   0.000   0.000  0.800411  0.141780  0.042197  0.989783
    722   1     10   8   0    12    12.071   14935.715     7076.6     5959.3    580.427  12.071   0.000   0.000  0.800411  0.141780  0.042197  0.989783
    723   1     12   4   2    24    12.071   14935.715     5266.4     4435.0    431.956  12.071   0.000   0.000  0.800411  0.141780  0.042197  0.989783
    724   1      5  11   4    24    12.167   15027.627     9860.1     8568.2   1432.165  12.167   0.000   0.000  0.805336  0.140842  0.041330  0.989720
    725   1      8   7   7    24    12.167   15027.627      772.2      671.0    112.160  12.167   0.000   0.000  0.805336  0.140842  0.041330  0.989720
    726   1      9   9   0    12    12.167   15027.627      181.4      157.7     26.355  12.167   0.000   0.000  0.805336  0.140842  0.041330  0.989720
    727   1     11   5   4    24    12.167   15027.627     1905.2     1655.6    276.732  12.167   0.000   0.000  0.805336  0.140842  0.041330  0.989720
    728   1     12   3   3    24    12.167   15027.627     4305.9     3741.8    625.431  12.167   0.000   0.000  0.805336  0.140842  0.041330  0.989720
    729   1      4  12   0    12    12.264   15121.258     4032.1     3050.3    849.275  12.264   0.000   0.000  0.810354  0.139898  0.040473  0.989656
    730   1     12   4   0    12    12.264   15121.258     5929.0     4485.3   1248.818  12.264   0.000   0.000  0.810354  0.139898  0.040473  0.989656
    731   1      6  11   1    24    12.364   15216.661    23582.0    18887.9   2999.699  12.364   0.000   0.000  0.815467  0.138948  0.039627  0.989592
    732   1      7  10   3    24    12.364   15216.661     1826.1     1462.6    232.291  12.364   0.000   0.000  0.815467  0.138948  0.039627  0.989592
    733   1     10   7   3    24    12.364   15216.661     3944.5     3159.3    501.755  12.364   0.000   0.000  0.815467  0.138948  0.039627  0.989592
    734   1     11   6   1    24    12.364   15216.661     1939.0     1553.0    246.642  12.364   0.000   0.000  0.815467  0.138948  0.039627  0.989592
    735   1      3  12   1    24    12.571   15413.013      143.6       59.2     26.996  12.571   0.000   0.000  0.825989  0.137030  0.037968  0.989458
    736   1      8   9   3    24    12.571   15413.013      344.2      141.8     64.695  12.571   0.000   0.000  0.825989  0.137030  0.037968  0.989458
    737   1      9   8   3    24    12.571   15413.013     2828.9     1165.4    531.758  12.571   0.000   0.000  0.825989  0.137030  0.037968  0.989458
    738   1     12   3   1    24    12.571   15413.013     8193.4     3375.2   1540.129  12.571   0.000   0.000  0.825989  0.137030  0.037968  0.989458
    739   1      6  10   4    24    12.678   15514.083     2490.8     1974.6    429.448  12.678   0.000   0.000  0.831405  0.136062  0.037154  0.989389
    740   1     10   6   4    24    12.678   15514.083     6629.8     5255.8   1143.066  12.678   0.000   0.000  0.831405  0.136062  0.037154  0.989389
    741   1     12   2   2    24    12.678   15514.083     1901.5     1507.4    327.845  12.678   0.000   0.000  0.831405  0.136062  0.037154  0.989389
    742   1      5  11   2    24    12.788   15617.167     6693.0     6154.9    355.769  12.788   0.000   0.000  0.836930  0.135087  0.036351  0.989319
    743   1      7  10   1    24    12.788   15617.167    16603.1    15268.1    882.542  12.788   0.000   0.000  0.836930  0.135087  0.036351  0.989319
    744   1     10   5   5    24    12.788   15617.167     9523.7     8758.0    506.235  12.788   0.000   0.000  0.836930  0.135087  0.036351  0.989319
    745   1     10   7   1    24    12.788   15617.167    18519.5    17030.4    984.407  12.788   0.000   0.000  0.836930  0.135087  0.036351  0.989319
    746   1     11   5   2    24    12.788   15617.167      671.8      617.7     35.707  12.788   0.000   0.000  0.836930  0.135087  0.036351  0.989319
    747   1      2  12   0    12    12.900   15722.335     1976.9     2097.2    890.259  12.900   0.000   0.000  0.842566  0.134106  0.035558  0.989248
    748   1     12   2   0    12    12.900   15722.335      918.9      974.8    413.815  12.900   0.000   0.000  0.842566  0.134106  0.035558  0.989248
    749   1      4  11   3    24    13.016   15829.656     1666.4     1149.4    175.412  13.016   0.000   0.000  0.848317  0.133118  0.034776  0.989175
    750   1      5  11   0    12    13.016   15829.656     2721.3     1877.1    286.449  13.016   0.000   0.000  0.848317  0.133118  0.034776  0.989175
    751   1      7   9   4    24    13.016   15829.656     5150.9     3552.8    542.182  13.016   0.000   0.000  0.848317  0.133118  0.034776  0.989175
    752   1      8   9   1    24    13.016   15829.656      867.0      598.0     91.262  13.016   0.000   0.000  0.848317  0.133118  0.034776  0.989175
    753   1      9   7   4    24    13.016   15829.656      805.8      555.8     84.819  13.016   0.000   0.000  0.848317  0.133118  0.034776  0.989175
    754   1      9   8   1    24    13.016   15829.656     2052.3     1415.6    216.029  13.016   0.000   0.000  0.848317  0.133118  0.034776  0.989175
    755   1     11   4   3    24    13.016   15829.656      761.5      525.3     80.157  13.016   0.000   0.000  0.848317  0.133118  0.034776  0.989175
    756   1     11   5   0    12    13.016   15829.656      184.5      127.3     19.426  13.016   0.000   0.000  0.848317  0.133118  0.034776  0.989175
    757   1     12   1   1    24    13.016   15829.656     3063.7     2113.2    322.484  13.016   0.000   0.000  0.848317  0.133118  0.034776  0.989175
    758   1      8   8   4    24    13.134   15939.206    67444.3    67863.1   2405.768  13.134   0.000   0.000  0.854188  0.132123  0.034005  0.989100
    759   1     12   0   0     6    13.134   15939.206     6329.3     6368.6    225.770  13.134   0.000   0.000  0.854188  0.132123  0.034005  0.989100
    760   1      6   9   5    24    13.255   16051.060       87.7      279.4     21.002  13.255   0.000   0.000  0.860182  0.131122  0.033244  0.989024
    761   1      9   6   5    24    13.255   16051.060     6732.6    21442.1   1611.962  13.255   0.000   0.000  0.860182  0.131122  0.033244  0.989024
    762   1      6  10   2    24    13.379   16165.305     5300.0     7075.6    943.122  13.379   0.000   0.000  0.866305  0.130113  0.032494  0.988947
    763   1     10   6   2    24    13.379   16165.305     4690.1     6261.5    834.604  13.379   0.000   0.000  0.866305  0.130113  0.032494  0.988947
    764   1      4  11   1    24    13.507   16282.021     3695.6     3769.8    405.172  13.507   0.000   0.000  0.872560  0.129097  0.031755  0.988867
    765   1      7   8   5    24    13.507   16282.021     5621.6     5734.5    616.325  13.507   0.000   0.000  0.872560  0.129097  0.031755  0.988867
    766   1      8   7   5    24    13.507   16282.021     5731.7     5846.8    628.399  13.507   0.000   0.000  0.872560  0.129097  0.031755  0.988867
    767   1     11   4   1    24    13.507   16282.021     1591.8     1623.7    174.514  13.507   0.000   0.000  0.872560  0.129097  0.031755  0.988867
    768   1      6  10   0    12    13.638   16401.307      633.9      601.7     75.734  13.638   0.000   0.000  0.878952  0.128074  0.031026  0.988786
    769   1      8   6   6    24    13.638   16401.307     9055.0     8594.9   1081.820  13.638   0.000   0.000  0.878952  0.128074  0.031026  0.988786
    770   1     10   6   0    12    13.638   16401.307     3943.5     3743.1    471.142  13.638   0.000   0.000  0.878952  0.128074  0.031026  0.988786
    771   1      3  11   2    24    13.772   16523.250     1228.3      978.9     63.705  13.772   0.000   0.000  0.885487  0.127043  0.030308  0.988703
    772   1      5  10   3    24    13.772   16523.250     5043.2     4019.3    261.563  13.772   0.000   0.000  0.885487  0.127043  0.030308  0.988703
    773   1      7   7   6    24    13.772   16523.250     4548.9     3625.4    235.929  13.772   0.000   0.000  0.885487  0.127043  0.030308  0.988703
    774   1      7   9   2    24    13.772   16523.250    19996.2    15936.4   1037.101  13.772   0.000   0.000  0.885487  0.127043  0.030308  0.988703
    775   1      9   7   2    24    13.772   16523.250       63.1       50.3      3.275  13.772   0.000   0.000  0.885487  0.127043  0.030308  0.988703
    776   1     10   5   3    24    13.772   16523.250     3702.4     2950.7    192.022  13.772   0.000   0.000  0.885487  0.127043  0.030308  0.988703
    777   1     11   3   2    24    13.772   16523.250     2862.1     2281.0    148.440  13.772   0.000   0.000  0.885487  0.127043  0.030308  0.988703
    778   1      8   8   2    24    13.911   16647.957     3864.8     3500.2    799.115  13.911   0.000   0.000  0.892170  0.126005  0.029600  0.988619
    779   1     10   4   4    24    13.911   16647.957     2945.6     2667.7    609.049  13.911   0.000   0.000  0.892170  0.126005  0.029600  0.988619
    780   1      3  11   0    12    14.053   16775.529      748.7      507.0    103.974  14.053   0.000   0.000  0.899007  0.124958  0.028903  0.988532

   No.  Code     H   K   L  Mult     Hw     2theta/TOF      Icalc       Iobs      Sigma    HwG     HwL     ETA     d-hkl  TOF_alpha  TOF_beta     CORR

    781   1      7   9   0    12    14.053   16775.529     7021.1     4754.7    975.087  14.053   0.000   0.000  0.899007  0.124958  0.028903  0.988532
    782   1      9   7   0    12    14.053   16775.529     3205.9     2171.0    445.231  14.053   0.000   0.000  0.899007  0.124958  0.028903  0.988532
    783   1     11   3   0    12    14.053   16775.529     1919.8     1300.1    266.621  14.053   0.000   0.000  0.899007  0.124958  0.028903  0.988532
    784   1      8   8   0    12    14.199   16906.082      892.6      435.5    882.066  14.199   0.000   0.000  0.906003  0.123904  0.028217  0.988443
    785   1      2  11   1    24    14.350   17039.727    34137.1    32643.4   1067.127  14.350   0.000   0.000  0.913165  0.122841  0.027541  0.988352
    786   1      5  10   1    24    14.350   17039.727     4030.5     3854.1    125.993  14.350   0.000   0.000  0.913165  0.122841  0.027541  0.988352
    787   1      6   9   3    24    14.350   17039.727     8241.3     7880.7    257.622  14.350   0.000   0.000  0.913165  0.122841  0.027541  0.988352
    788   1      9   6   3    24    14.350   17039.727    12813.1    12252.5    400.538  14.350   0.000   0.000  0.913165  0.122841  0.027541  0.988352
    789   1     10   5   1    24    14.350   17039.727    25008.2    23914.0    781.758  14.350   0.000   0.000  0.913165  0.122841  0.027541  0.988352
    790   1     11   2   1    24    14.350   17039.727     3485.4     3332.9    108.954  14.350   0.000   0.000  0.913165  0.122841  0.027541  0.988352
    791   1      1  11   0    12    14.664   17316.814     6395.6     5542.2    251.601  14.664   0.000   0.000  0.928015  0.120690  0.026222  0.988164
    792   1      5   9   4    24    14.664   17316.814     3895.4     3375.6    153.243  14.664   0.000   0.000  0.928015  0.120690  0.026222  0.988164
    793   1      7   8   3    24    14.664   17316.814     1483.7     1285.7     58.369  14.664   0.000   0.000  0.928015  0.120690  0.026222  0.988164
    794   1      8   7   3    24    14.664   17316.814    10047.1     8706.6    395.254  14.664   0.000   0.000  0.928015  0.120690  0.026222  0.988164
    795   1      9   5   4    24    14.664   17316.814    16770.4    14532.7    659.746  14.664   0.000   0.000  0.928015  0.120690  0.026222  0.988164
    796   1     11   1   0    12    14.664   17316.814     4619.5     4003.1    181.731  14.664   0.000   0.000  0.928015  0.120690  0.026222  0.988164
    797   1      4  10   2    24    14.829   17460.525    18381.0    18352.5   1282.715  14.829   0.000   0.000  0.935716  0.119601  0.025578  0.988067
    798   1     10   4   2    24    14.829   17460.525     2143.3     2139.9    149.568  14.829   0.000   0.000  0.935716  0.119601  0.025578  0.988067
    799   1      6   9   1    24    14.998   17607.873    20145.5    16208.8    649.657  14.998   0.000   0.000  0.943612  0.118503  0.024945  0.987967
    800   1      9   6   1    24    14.998   17607.873     6857.7     5517.6    221.150  14.998   0.000   0.000  0.943612  0.118503  0.024945  0.987967
    801   1     10   3   3    24    14.998   17607.873    22022.8    17719.2    710.196  14.998   0.000   0.000  0.943612  0.118503  0.024945  0.987967
    802   1      4  10   0    12    15.173   17759.018    10554.2     8876.5    265.869  15.173   0.000   0.000  0.951712  0.117396  0.024323  0.987864
    803   1      6   8   4    24    15.173   17759.018    10690.4     8991.0    269.298  15.173   0.000   0.000  0.951712  0.117396  0.024323  0.987864
    804   1      8   6   4    24    15.173   17759.018    18376.5    15455.4    462.917  15.173   0.000   0.000  0.951712  0.117396  0.024323  0.987864
    805   1     10   4   0    12    15.173   17759.018    25367.6    21335.1    639.027  15.173   0.000   0.000  0.951712  0.117396  0.024323  0.987864
    806   1      7   7   4    24    15.354   17914.121     3507.7     4267.0    122.092  15.354   0.000   0.000  0.960024  0.116279  0.023711  0.987759
    807   1      7   8   1    24    15.354   17914.121    27101.4    32967.7    943.302  15.354   0.000   0.000  0.960024  0.116279  0.023711  0.987759
    808   1      8   5   5    24    15.354   17914.121    13857.4    16856.9    482.325  15.354   0.000   0.000  0.960024  0.116279  0.023711  0.987759
    809   1      8   7   1    24    15.354   17914.121    24196.1    29433.5    842.178  15.354   0.000   0.000  0.960024  0.116279  0.023711  0.987759
    810   1      3  10   1    24    15.734   18236.922      178.9      151.5      4.713  15.734   0.000   0.000  0.977323  0.114015  0.022520  0.987540
    811   1      5   9   2    24    15.734   18236.922     3002.8     2543.4     79.111  15.734   0.000   0.000  0.977323  0.114015  0.022520  0.987540
    812   1      6   7   5    24    15.734   18236.922    23519.1    19920.8    619.632  15.734   0.000   0.000  0.977323  0.114015  0.022520  0.987540
    813   1      7   6   5    24    15.734   18236.922     1382.4     1170.9     36.420  15.734   0.000   0.000  0.977323  0.114015  0.022520  0.987540
    814   1      9   5   2    24    15.734   18236.922     9047.0     7662.9    238.351  15.734   0.000   0.000  0.977323  0.114015  0.022520  0.987540
    815   1     10   3   1    24    15.734   18236.922    22038.2    18666.5    580.617  15.734   0.000   0.000  0.977323  0.114015  0.022520  0.987540
    816   1      6   6   6     8    15.933   18405.010    14015.9    12134.1    418.830  15.933   0.000   0.000  0.986331  0.112868  0.021940  0.987426
    817   1     10   2   2    24    15.933   18405.010    34632.6    29982.8   1034.910  15.933   0.000   0.000  0.986331  0.112868  0.021940  0.987426
    818   1      4   9   3    24    16.140   18577.828     3367.7     2982.5    102.319  16.140   0.000   0.000  0.995593  0.111710  0.021371  0.987308
    819   1      5   9   0    12    16.140   18577.828     7417.2     6568.9    225.351  16.140   0.000   0.000  0.995593  0.111710  0.021371  0.987308
    820   1      9   4   3    24    16.140   18577.828    33925.4    30045.1   1030.727  16.140   0.000   0.000  0.995593  0.111710  0.021371  0.987308
    821   1      9   5   0    12    16.140   18577.828     2963.5     2624.6     90.038  16.140   0.000   0.000  0.995593  0.111710  0.021371  0.987308
    822   1      2  10   0    12    16.354   18755.613      314.3      229.1     15.087  16.354   0.000   0.000  1.005120  0.110542  0.020812  0.987188
    823   1      6   8   2    24    16.354   18755.613     5633.3     4106.2    270.434  16.354   0.000   0.000  1.005120  0.110542  0.020812  0.987188
    824   1      8   6   2    24    16.354   18755.613    20206.8    14729.1    970.056  16.354   0.000   0.000  1.005120  0.110542  0.020812  0.987188
    825   1     10   2   0    12    16.354   18755.613        9.2        6.7      0.440  16.354   0.000   0.000  1.005120  0.110542  0.020812  0.987188
    826   1      7   7   2    24    16.576   18938.596    23883.5    23853.6   1030.598  16.576   0.000   0.000  1.014926  0.109361  0.020264  0.987064
    827   1     10   1   1    24    16.576   18938.596     7810.9     7801.1    337.048  16.576   0.000   0.000  1.014926  0.109361  0.020264  0.987064
    828   1      6   8   0    12    16.806   19127.045     1273.7     1354.6    154.659  16.806   0.000   0.000  1.025025  0.108170  0.019727  0.986936
    829   1      8   6   0    12    16.806   19127.045     2367.3     2517.7    287.459  16.806   0.000   0.000  1.025025  0.108170  0.019727  0.986936
    830   1     10   0   0     6    16.806   19127.045     5260.1     5594.3    638.727  16.806   0.000   0.000  1.025025  0.108170  0.019727  0.986936
    831   1      4   9   1    24    17.044   19321.234      453.8      365.4     15.017  17.044   0.000   0.000  1.035432  0.106966  0.019200  0.986804
    832   1      5   8   3    24    17.044   19321.234    10072.0     8109.9    333.325  17.044   0.000   0.000  1.035432  0.106966  0.019200  0.986804
    833   1      7   7   0    12    17.044   19321.234      713.7      574.6     23.618  17.044   0.000   0.000  1.035432  0.106966  0.019200  0.986804
    834   1      8   5   3    24    17.044   19321.234     1041.1      838.3     34.454  17.044   0.000   0.000  1.035432  0.106966  0.019200  0.986804
    835   1      9   4   1    24    17.044   19321.234    27126.7    21842.1    897.733  17.044   0.000   0.000  1.035432  0.106966  0.019200  0.986804
    836   1      8   4   4    24    17.293   19521.459    15393.8    13830.8   1048.161  17.293   0.000   0.000  1.046162  0.105750  0.018684  0.986668
    837   1      3   9   2    24    17.551   19728.041   184961.5   190379.7   1494.550  17.551   0.000   0.000  1.057233  0.104521  0.018179  0.986528
    838   1      6   7   3    24    17.551   19728.041     1394.6     1435.5     11.269  17.551   0.000   0.000  1.057233  0.104521  0.018179  0.986528
    839   1      7   6   3    24    17.551   19728.041   111372.1   114634.6    899.923  17.551   0.000   0.000  1.057233  0.104521  0.018179  0.986528
    840   1      9   3   2    24    17.551   19728.041    22145.8    22794.6    178.946  17.551   0.000   0.000  1.057233  0.104521  0.018179  0.986528

   No.  Code     H   K   L  Mult     Hw     2theta/TOF      Icalc       Iobs      Sigma    HwG     HwL     ETA     d-hkl  TOF_alpha  TOF_beta     CORR

    841   1      3   9   0    12    18.099   20161.678        0.6        0.4      0.010  18.099   0.000   0.000  1.080472  0.102024  0.017200  0.986234
    842   1      5   7   4    24    18.099   20161.678    13058.5     8211.6    230.459  18.099   0.000   0.000  1.080472  0.102024  0.017200  0.986234
    843   1      5   8   1    24    18.099   20161.678     6667.7     4192.9    117.674  18.099   0.000   0.000  1.080472  0.102024  0.017200  0.986234
    844   1      7   5   4    24    18.099   20161.678    40407.3    25409.5    713.117  18.099   0.000   0.000  1.080472  0.102024  0.017200  0.986234
    845   1      8   5   1    24    18.099   20161.678    20664.9    12994.8    364.699  18.099   0.000   0.000  1.080472  0.102024  0.017200  0.986234
    846   1      9   3   0    12    18.099   20161.678      200.9      126.3      3.545  18.099   0.000   0.000  1.080472  0.102024  0.017200  0.986234
    847   1      6   6   4    24    18.390   20389.500     9327.9        0.0    882.912  18.390   0.000   0.000  1.092681  0.100754  0.016727  0.986080
    848   1      2   9   1    24    18.695   20625.225    38546.2    38697.8    193.954  18.695   0.000   0.000  1.105313  0.099470  0.016264  0.985920
    849   1      6   5   5    24    18.695   20625.225   101597.3   101996.9    511.211  18.695   0.000   0.000  1.105313  0.099470  0.016264  0.985920
    850   1      6   7   1    24    18.695   20625.225   187630.3   188368.3    944.107  18.695   0.000   0.000  1.105313  0.099470  0.016264  0.985920
    851   1      7   6   1    24    18.695   20625.225     4837.2     4856.2     24.339  18.695   0.000   0.000  1.105313  0.099470  0.016264  0.985920
    852   1      9   2   1    24    18.695   20625.225   117953.2   118417.1    593.509  18.695   0.000   0.000  1.105313  0.099470  0.016264  0.985920
    853   1      4   8   2    24    19.013   20869.318    53492.4    71171.3    929.498  19.013   0.000   0.000  1.118394  0.098171  0.015812  0.985755
    854   1      8   4   2    24    19.013   20869.318    22002.6    29274.3    382.323  19.013   0.000   0.000  1.118394  0.098171  0.015812  0.985755
    855   1      1   9   0    12    19.345   21122.289     5458.4     5428.2     81.648  19.345   0.000   0.000  1.131951  0.096856  0.015370  0.985584
    856   1      8   3   3    24    19.345   21122.289    59039.4    58712.1    883.114  19.345   0.000   0.000  1.131951  0.096856  0.015370  0.985584
    857   1      9   1   0    12    19.345   21122.289    25749.1    25606.3    385.156  19.345   0.000   0.000  1.131951  0.096856  0.015370  0.985584
    858   1      4   8   0    12    19.694   21384.689    23165.1    22252.4    606.256  19.694   0.000   0.000  1.146013  0.095525  0.014939  0.985406
    859   1      8   4   0    12    19.694   21384.689    20439.6    19634.3    534.928  19.694   0.000   0.000  1.146013  0.095525  0.014939  0.985406
    860   1      5   7   2    24    20.059   21657.115    20942.1    17298.0    637.270  20.059   0.000   0.000  1.160613  0.094178  0.014519  0.985221
    861   1      7   5   2    24    20.059   21657.115    14695.0    12138.0    447.171  20.059   0.000   0.000  1.160613  0.094178  0.014519  0.985221
    862   1      6   6   2    24    20.443   21940.227    26274.8    16711.9    989.056  20.443   0.000   0.000  1.175785  0.092813  0.014109  0.985030
    863   1      3   8   1    24    20.846   22234.740     4314.8     4389.5     59.898  20.846   0.000   0.000  1.191568  0.091430  0.013710  0.984830
    864   1      4   7   3    24    20.846   22234.740     5447.5     5541.8     75.623  20.846   0.000   0.000  1.191568  0.091430  0.013710  0.984830
    865   1      5   7   0    12    20.846   22234.740     3345.3     3403.2     46.440  20.846   0.000   0.000  1.191568  0.091430  0.013710  0.984830
    866   1      7   4   3    24    20.846   22234.740    68923.3    70116.6    956.803  20.846   0.000   0.000  1.191568  0.091430  0.013710  0.984830
    867   1      7   5   0    12    20.846   22234.740     3088.5     3142.0     42.875  20.846   0.000   0.000  1.191568  0.091430  0.013710  0.984830
    868   1      8   3   1    24    20.846   22234.740     4377.8     4453.6     60.774  20.846   0.000   0.000  1.191568  0.091430  0.013710  0.984830
    869   1      6   6   0    12    21.270   22541.439    28130.1    25819.1    750.575  21.270   0.000   0.000  1.208004  0.090028  0.013322  0.984623
    870   1      8   2   2    24    21.270   22541.439     9985.0     9164.7    266.422  21.270   0.000   0.000  1.208004  0.090028  0.013322  0.984623
    871   1      5   6   3    24    21.718   22861.193    16016.6    15345.1    166.927  21.718   0.000   0.000  1.225140  0.088607  0.012944  0.984407
    872   1      6   5   3    24    21.718   22861.193   104063.5    99700.5   1084.567  21.718   0.000   0.000  1.225140  0.088607  0.012944  0.984407
    873   1      2   8   0    12    22.191   23194.951    21460.3    22948.3    211.572  22.191   0.000   0.000  1.243026  0.087165  0.012577  0.984181
    874   1      6   4   4    24    22.191   23194.951    28963.4    30971.7    285.545  22.191   0.000   0.000  1.243026  0.087165  0.012577  0.984181
    875   1      8   2   0    12    22.191   23194.951    83785.6    89595.2    826.025  22.191   0.000   0.000  1.243026  0.087165  0.012577  0.984181
    876   1      4   7   1    24    22.691   23543.768     4732.8     3667.1    185.753  22.691   0.000   0.000  1.261719  0.085702  0.012221  0.983945
    877   1      5   5   4    24    22.691   23543.768     4751.4     3681.6    186.486  22.691   0.000   0.000  1.261719  0.085702  0.012221  0.983945
    878   1      7   4   1    24    22.691   23543.768     9345.3     7241.1    366.788  22.691   0.000   0.000  1.261719  0.085702  0.012221  0.983945
    879   1      8   1   1    24    22.691   23543.768     5111.7     3960.7    200.624  22.691   0.000   0.000  1.261719  0.085702  0.012221  0.983945
    880   1      8   0   0     6    23.221   23908.809    39020.5    27893.5    978.808  23.221   0.000   0.000  1.281282  0.084216  0.011875  0.983698
    881   1      3   7   2    24    23.783   24291.373   145834.2   151574.9    633.280  23.783   0.000   0.000  1.301784  0.082707  0.011540  0.983440
    882   1      5   6   1    24    23.783   24291.373    61427.8    63845.9    266.748  23.783   0.000   0.000  1.301784  0.082707  0.011540  0.983440
    883   1      6   5   1    24    23.783   24291.373   209164.9   217398.5    908.290  23.783   0.000   0.000  1.301784  0.082707  0.011540  0.983440
    884   1      7   3   2    24    23.783   24291.373    79311.9    82434.0    344.409  23.783   0.000   0.000  1.301784  0.082707  0.011540  0.983440
    885   1      3   7   0    12    25.020   25115.043     3310.4        0.0    174.293  25.020   0.000   0.000  1.345924  0.079614  0.010902  0.982884
    886   1      7   3   0    12    25.020   25115.043    13988.9        0.0    736.514  25.020   0.000   0.000  1.345924  0.079614  0.010902  0.982884
    887   1      4   6   2    24    25.703   25559.592    41892.8    42372.0    407.479  25.703   0.000   0.000  1.369748  0.078028  0.010599  0.982584
    888   1      6   4   2    24    25.703   25559.592    79476.8    80385.9    773.047  25.703   0.000   0.000  1.369748  0.078028  0.010599  0.982584
    889   1      2   7   1    24    26.434   26028.613    96889.6    98807.6    439.441  26.434   0.000   0.000  1.394883  0.076413  0.010306  0.982267
    890   1      5   5   2    24    26.434   26028.613    38947.2    39718.2    176.644  26.434   0.000   0.000  1.394883  0.076413  0.010306  0.982267
    891   1      6   3   3    24    26.434   26028.613     4823.0     4918.5     21.875  26.434   0.000   0.000  1.394883  0.076413  0.010306  0.982267
    892   1      7   2   1    24    26.434   26028.613   194476.4   198326.2    882.044  26.434   0.000   0.000  1.394883  0.076413  0.010306  0.982267
    893   1      4   6   0    12    27.219   26524.441   131682.5   144531.1    963.905  27.219   0.000   0.000  1.421455  0.074767  0.010024  0.981933
    894   1      6   4   0    12    27.219   26524.441    41927.9    46018.9    306.909  27.219   0.000   0.000  1.421455  0.074767  0.010024  0.981933
    895   1      1   7   0    12    28.065   27049.727     1677.0     1618.8      9.586  28.065   0.000   0.000  1.449605  0.073090  0.009753  0.981578
    896   1      4   5   3    24    28.065   27049.727     1561.9     1507.6      8.927  28.065   0.000   0.000  1.449605  0.073090  0.009753  0.981578
    897   1      5   4   3    24    28.065   27049.727   205119.5   197996.2   1172.428  28.065   0.000   0.000  1.449605  0.073090  0.009753  0.981578
    898   1      5   5   0    12    28.065   27049.727     5173.9     4994.2     29.573  28.065   0.000   0.000  1.449605  0.073090  0.009753  0.981578
    899   1      7   1   0    12    28.065   27049.727    19619.5    18938.2    112.142  28.065   0.000   0.000  1.449605  0.073090  0.009753  0.981578
    900   1      4   4   4     8    28.979   27607.514    87856.1    78613.8   1073.614  28.979   0.000   0.000  1.479497  0.071379  0.009492  0.981202

   No.  Code     H   K   L  Mult     Hw     2theta/TOF      Icalc       Iobs      Sigma    HwG     HwL     ETA     d-hkl  TOF_alpha  TOF_beta     CORR

    901   1      3   6   1    24    29.971   28201.289   159137.8   160073.6    937.652  29.971   0.000   0.000  1.511318  0.069632  0.009242  0.980802
    902   1      6   3   1    24    29.971   28201.289    64620.4    65000.3    380.748  29.971   0.000   0.000  1.511318  0.069632  0.009242  0.980802
    903   1      6   2   2    24    31.050   28835.105   179373.9   191315.9   1267.712  31.050   0.000   0.000  1.545284  0.067847  0.009003  0.980375
    904   1      4   5   1    24    32.229   29513.674   122849.3   117332.4    871.165  32.229   0.000   0.000  1.581649  0.066020  0.008774  0.979919
    905   1      5   4   1    24    32.229   29513.674    53965.7    51542.3    382.689  32.229   0.000   0.000  1.581649  0.066020  0.008774  0.979919
    906   1      2   6   0    12    33.523   30242.516      413.7      365.1      9.622  33.523   0.000   0.000  1.620708  0.064149  0.008556  0.979428
    907   1      6   2   0    12    33.523   30242.516    43692.9    38560.9   1016.309  33.523   0.000   0.000  1.620708  0.064149  0.008556  0.979428
    908   1      3   5   2    24    34.950   31028.166   294203.6   309630.5    707.873  34.950   0.000   0.000  1.662811  0.062231  0.008348  0.978900
    909   1      5   3   2    24    34.950   31028.166   223327.1   235037.6    537.340  34.950   0.000   0.000  1.662811  0.062231  0.008348  0.978900
    910   1      6   1   1    24    34.950   31028.166   310512.3   326794.4    747.113  34.950   0.000   0.000  1.662811  0.062231  0.008348  0.978900
    911   1      4   4   2    24    36.532   31878.412   194838.7   196663.9   1096.242  36.532   0.000   0.000  1.708376  0.060262  0.008152  0.978329
    912   1      6   0   0     6    36.532   31878.412    51374.3    51855.6    289.053  36.532   0.000   0.000  1.708376  0.060262  0.008152  0.978329
    913   1      3   5   0    12    38.296   32802.613      920.1      813.5     10.225  38.296   0.000   0.000  1.757904  0.058238  0.007965  0.977708
    914   1      4   3   3    24    38.296   32802.613    28297.3    25018.5    314.478  38.296   0.000   0.000  1.757904  0.058238  0.007965  0.977708
    915   1      5   3   0    12    38.296   32802.613    80821.2    71456.6    898.197  38.296   0.000   0.000  1.757904  0.058238  0.007965  0.977708
    916   1      4   4   0    12    40.277   33812.164   932150.2   922424.8   2131.689  40.277   0.000   0.000  1.812006  0.056152  0.007790  0.977030
    917   1      2   5   1    24    42.518   34921.051   939776.9  1035059.1   1964.884  42.518   0.000   0.000  1.871432  0.054001  0.007625  0.976287
    918   1      5   2   1    24    42.518   34921.051   417083.4   459370.6    872.037  42.518   0.000   0.000  1.871432  0.054001  0.007625  0.976287
    919   1      1   5   0    12    48.017   37511.227   109088.3   109387.8    181.901  48.017   0.000   0.000  2.010241  0.049471  0.007327  0.974552
    920   1      3   4   1    24    48.017   37511.227  1144301.9  1147443.8   1908.083  48.017   0.000   0.000  2.010241  0.049471  0.007327  0.974552
    921   1      4   3   1    24    48.017   37511.227   542330.4   543819.5    904.317  48.017   0.000   0.000  2.010241  0.049471  0.007327  0.974552
    922   1      5   1   0    12    48.017   37511.227    20793.7    20850.8     34.673  48.017   0.000   0.000  2.010241  0.049471  0.007327  0.974552
    923   1      4   2   2    24    51.444   39042.918    50429.7    30045.6   1564.731  51.444   0.000   0.000  2.092324  0.047075  0.007194  0.973528
    924   1      3   3   2    24    55.487   40779.000  2487333.2  2492780.0   3761.155  55.487   0.000   0.000  2.185362  0.044578  0.007072  0.972369
    925   1      2   4   0    12    60.331   42769.379   579788.9   593142.0   1549.202  60.331   0.000   0.000  2.292027  0.041963  0.006960  0.971041
    926   1      4   2   0    12    60.331   42769.379   542472.2   554965.8   1449.492  60.331   0.000   0.000  2.292027  0.041963  0.006960  0.971041
    927   1      3   3   0    12    66.243   45082.879    11899.4    12111.2     37.782  66.243   0.000   0.000  2.416008  0.039215  0.006859  0.969501
    928   1      4   1   1    24    66.243   45082.879   889600.9   905432.9   2824.586  66.243   0.000   0.000  2.416008  0.039215  0.006859  0.969501
    929   1      4   0   0     6    73.621   47817.617   454007.6   444472.3   2441.833  73.621   0.000   0.000  2.562564  0.036308  0.006768  0.967683
    930   1      2   3   1    24    83.095   51119.184   214380.1   214208.0    926.539  83.095   0.000   0.000  2.739496  0.033214  0.006689  0.965494
    931   1      3   2   1    24    83.095   51119.184   449740.1   449379.0   1943.751  83.095   0.000   0.000  2.739496  0.033214  0.006689  0.965494
    932   1      2   2   2     8    95.711   55215.027   473944.7   467392.8   2983.379  95.711   0.000   0.000  2.958994  0.029890  0.006620  0.962785
    933   1      1   3   0    12   113.354   60485.031    37406.5    36437.3    359.412 113.354   0.000   0.000  3.241415  0.026275  0.006561  0.959312
    934   1      3   1   0    12   113.354   60485.031   307001.2   299046.5   2949.748 113.354   0.000   0.000  3.241415  0.026275  0.006561  0.959312
    935   1      2   2   0    12   139.793   67624.328  2574321.5  2573369.2   7457.377 139.793   0.000   0.000  3.624013  0.022277  0.006513  0.954628
    936   1      2   1   1    24   183.824   78085.836  1981522.5  2040791.1   9393.654 183.824   0.000   0.000  4.184649  0.017738  0.006476  0.947810
    937   1      2   0   0     6   271.832   95635.234  2108842.8  2184511.0  17116.467 271.832   0.000   0.000  5.125128  0.012355  0.006449  0.936489

     -----------------------------------------------------
     BRAGG R-Factors and weight fractions for Pattern #  2
     -----------------------------------------------------

 => Phase:  1     Y5Al3O12 Nuclear
 => Bragg R-factor:   6.60       Vol: 1076.971( 0.000)  Fract(%):  100.00( 3.16)
 => Rf-factor=  31.7             ATZ:        1944.635   Brindley:  1.0000

 --------------------------------------------------------------------------------------------------------------------------------------------------------
 Pattern#  3 Phase No.:   1 Phase name: Y5Al3O12 Nuclear
 --------------------------------------------------------------------------------------------------------------------------------------------------------

   No.  Code     H   K   L  Mult     Hw     2theta/TOF      Icalc       Iobs      Sigma    HwG     HwL     ETA     d-hkl  TOF_alpha  TOF_beta     CORR

      1   1      6  16   2    24    11.587    8999.544     1987.8     2443.4   1084.924  11.587   0.000   0.000  0.595784  0.194141  0.225538  0.998431
      2   1      8  14   6    24    11.587    8999.544      216.4      266.0    118.126  11.587   0.000   0.000  0.595784  0.194141  0.225538  0.998431
      3   1     10  14   0    12    11.587    8999.544      439.0      539.6    239.586  11.587   0.000   0.000  0.595784  0.194141  0.225538  0.998431
      4   1     14   8   6    24    11.587    8999.544     1046.9     1286.8    571.384  11.587   0.000   0.000  0.595784  0.194141  0.225538  0.998431
      5   1     14  10   0    12    11.587    8999.544      959.4     1179.2    523.608  11.587   0.000   0.000  0.595784  0.194141  0.225538  0.998431
      6   1     16   6   2    24    11.587    8999.544       66.1       81.3     36.079  11.587   0.000   0.000  0.595784  0.194141  0.225538  0.998431
      7   1      2  17   1    24    11.630    9030.104      920.0     6792.9   2679.105  11.630   0.000   0.000  0.597807  0.193443  0.222582  0.998426
      8   1     10  13   5    24    11.630    9030.104     1217.2     8987.3   3544.554  11.630   0.000   0.000  0.597807  0.193443  0.222582  0.998426
      9   1     11  13   2    24    11.630    9030.104      103.4      763.5    301.130  11.630   0.000   0.000  0.597807  0.193443  0.222582  0.998426
     10   1     13  10   5    24    11.630    9030.104     1176.0     8682.5   3424.366  11.630   0.000   0.000  0.597807  0.193443  0.222582  0.998426
     11   1     13  11   2    24    11.630    9030.104      388.7     2870.0   1131.902  11.630   0.000   0.000  0.597807  0.193443  0.222582  0.998426
     12   1     14   7   7    24    11.630    9030.104      255.7     1888.0    744.640  11.630   0.000   0.000  0.597807  0.193443  0.222582  0.998426
     13   1     17   2   1    24    11.630    9030.104      138.0     1019.0    401.888  11.630   0.000   0.000  0.597807  0.193443  0.222582  0.998426
     14   1      6  16   0    12    11.673    9060.975      577.8      454.2    244.853  11.673   0.000   0.000  0.599851  0.192742  0.219645  0.998421
     15   1     12  12   2    24    11.673    9060.975       23.9       18.8     10.122  11.673   0.000   0.000  0.599851  0.192742  0.219645  0.998421
     16   1     16   6   0    12    11.673    9060.975       13.7       10.8      5.816  11.673   0.000   0.000  0.599851  0.192742  0.219645  0.998421
     17   1      1  17   0    12    11.717    9092.165      822.4     1683.0    485.752  11.717   0.000   0.000  0.601916  0.192039  0.216728  0.998415
     18   1      5  16   3    24    11.717    9092.165     1191.5     2438.5    703.788  11.717   0.000   0.000  0.601916  0.192039  0.216728  0.998415
     19   1      7  15   4    24    11.717    9092.165      428.4      876.7    253.030  11.717   0.000   0.000  0.601916  0.192039  0.216728  0.998415
     20   1      8  15   1    24    11.717    9092.165      636.0     1301.5    375.634  11.717   0.000   0.000  0.601916  0.192039  0.216728  0.998415
     21   1     11  12   5    24    11.717    9092.165      373.9      765.1    220.830  11.717   0.000   0.000  0.601916  0.192039  0.216728  0.998415
     22   1     11  13   0    12    11.717    9092.165       11.2       23.0      6.645  11.717   0.000   0.000  0.601916  0.192039  0.216728  0.998415
     23   1     12  11   5    24    11.717    9092.165     2789.2     5708.3   1647.493  11.717   0.000   0.000  0.601916  0.192039  0.216728  0.998415
     24   1     13  11   0    12    11.717    9092.165       87.0      178.1     51.416  11.717   0.000   0.000  0.601916  0.192039  0.216728  0.998415
     25   1     15   7   4    24    11.717    9092.165      560.5     1147.2    331.089  11.717   0.000   0.000  0.601916  0.192039  0.216728  0.998415
     26   1     15   8   1    24    11.717    9092.165       53.0      108.4     31.300  11.717   0.000   0.000  0.601916  0.192039  0.216728  0.998415
     27   1     16   5   3    24    11.717    9092.165      607.2     1242.6    358.629  11.717   0.000   0.000  0.601916  0.192039  0.216728  0.998415
     28   1     17   1   0    12    11.717    9092.165       15.7       32.1      9.271  11.717   0.000   0.000  0.601916  0.192039  0.216728  0.998415
     29   1     12  12   0    12    11.761    9123.681     2044.1     1835.7    702.147  11.761   0.000   0.000  0.604002  0.191334  0.213831  0.998410
     30   1     16   4   4    24    11.761    9123.681     1976.8     1775.3    679.043  11.761   0.000   0.000  0.604002  0.191334  0.213831  0.998410
     31   1      6  15   5    24    11.806    9155.526      685.7    36030.4  13965.910  11.806   0.000   0.000  0.606110  0.190627  0.210955  0.998404
     32   1      9  13   6    24    11.806    9155.526      234.4    12315.4   4773.626  11.806   0.000   0.000  0.606110  0.190627  0.210955  0.998404
     33   1      9  14   3    24    11.806    9155.526     4133.5   217209.8  84193.750  11.806   0.000   0.000  0.606110  0.190627  0.210955  0.998404
     34   1     13   9   6    24    11.806    9155.526      560.7    29462.1  11419.937  11.806   0.000   0.000  0.606110  0.190627  0.210955  0.998404
     35   1     14   9   3    24    11.806    9155.526     1092.5    57407.4  22251.975  11.806   0.000   0.000  0.606110  0.190627  0.210955  0.998404
     36   1     15   6   5    24    11.806    9155.526       92.5     4861.9   1884.546  11.806   0.000   0.000  0.606110  0.190627  0.210955  0.998404
     37   1      5  16   1    24    11.897    9220.231      220.5      874.4    495.223  11.897   0.000   0.000  0.610394  0.189204  0.205262  0.998393
     38   1      8  13   7    24    11.897    9220.231      663.2     2630.2   1489.653  11.897   0.000   0.000  0.610394  0.189204  0.205262  0.998393
     39   1     13   8   7    24    11.897    9220.231      421.1     1669.9    945.763  11.897   0.000   0.000  0.610394  0.189204  0.205262  0.998393
     40   1     16   5   1    24    11.897    9220.231      700.1     2776.4   1572.464  11.897   0.000   0.000  0.610394  0.189204  0.205262  0.998393
     41   1     10  12   6    24    11.943    9253.103      289.7      264.6    132.804  11.943   0.000   0.000  0.612570  0.188488  0.202445  0.998387
     42   1     12  10   6    24    11.943    9253.103      554.5      506.4    254.138  11.943   0.000   0.000  0.612570  0.188488  0.202445  0.998387
     43   1      7  15   2    24    11.990    9286.327     1953.8     3226.5   1664.341  11.990   0.000   0.000  0.614769  0.187771  0.199649  0.998381
     44   1      9  14   1    24    11.990    9286.327     1214.3     2005.2   1034.359  11.990   0.000   0.000  0.614769  0.187771  0.199649  0.998381
     45   1     10  13   3    24    11.990    9286.327     1391.8     2298.3   1185.536  11.990   0.000   0.000  0.614769  0.187771  0.199649  0.998381
     46   1     11  11   6    24    11.990    9286.327     1374.4     2269.6   1170.754  11.990   0.000   0.000  0.614769  0.187771  0.199649  0.998381
     47   1     13  10   3    24    11.990    9286.327      529.8      874.8    451.259  11.990   0.000   0.000  0.614769  0.187771  0.199649  0.998381
     48   1     14   9   1    24    11.990    9286.327      143.3      236.7    122.105  11.990   0.000   0.000  0.614769  0.187771  0.199649  0.998381
     49   1     15   7   2    24    11.990    9286.327     2391.4     3949.1   2037.106  11.990   0.000   0.000  0.614769  0.187771  0.199649  0.998381
     50   1      4  16   2    24    12.038    9319.913      621.4      607.7    363.953  12.038   0.000   0.000  0.616993  0.187050  0.196872  0.998376
     51   1      8  14   4    24    12.038    9319.913      216.7      211.9    126.937  12.038   0.000   0.000  0.616993  0.187050  0.196872  0.998376
     52   1     14   8   4    24    12.038    9319.913      997.7      975.7    584.371  12.038   0.000   0.000  0.616993  0.187050  0.196872  0.998376
     53   1     16   4   2    24    12.038    9319.913      672.2      657.3    393.694  12.038   0.000   0.000  0.616993  0.187050  0.196872  0.998376
     54   1      7  15   0    12    12.086    9353.865        5.2        9.6      4.355  12.086   0.000   0.000  0.619241  0.186327  0.194116  0.998370
     55   1      9  12   7    24    12.086    9353.865     1617.3     2969.0   1349.468  12.086   0.000   0.000  0.619241  0.186327  0.194116  0.998370
     56   1     11  12   3    24    12.086    9353.865      105.3      193.2     87.820  12.086   0.000   0.000  0.619241  0.186327  0.194116  0.998370
     57   1     12   9   7    24    12.086    9353.865       92.5      169.7     77.153  12.086   0.000   0.000  0.619241  0.186327  0.194116  0.998370
     58   1     12  11   3    24    12.086    9353.865     2112.6     3878.1   1762.700  12.086   0.000   0.000  0.619241  0.186327  0.194116  0.998370
     59   1     15   7   0    12    12.086    9353.865      233.2      428.0    194.546  12.086   0.000   0.000  0.619241  0.186327  0.194116  0.998370
     60   1     16   3   3    24    12.086    9353.865      777.9     1428.0    649.040  12.086   0.000   0.000  0.619241  0.186327  0.194116  0.998370

   No.  Code     H   K   L  Mult     Hw     2theta/TOF      Icalc       Iobs      Sigma    HwG     HwL     ETA     d-hkl  TOF_alpha  TOF_beta     CORR

     61   1      4  16   0    12    12.134    9388.190      371.7      290.7    239.835  12.134   0.000   0.000  0.621513  0.185602  0.191379  0.998364
     62   1     12   8   8    24    12.134    9388.190     1519.7     1188.7    980.664  12.134   0.000   0.000  0.621513  0.185602  0.191379  0.998364
     63   1     16   4   0    12    12.134    9388.190      823.8      644.4    531.611  12.134   0.000   0.000  0.621513  0.185602  0.191379  0.998364
     64   1      6  15   3    24    12.183    9422.897      671.1    20775.4   6934.961  12.183   0.000   0.000  0.623811  0.184873  0.188663  0.998358
     65   1      7  14   5    24    12.183    9422.897      103.6     3206.1   1070.212  12.183   0.000   0.000  0.623811  0.184873  0.188663  0.998358
     66   1     10  11   7    24    12.183    9422.897      348.8    10796.6   3603.973  12.183   0.000   0.000  0.623811  0.184873  0.188663  0.998358
     67   1     10  13   1    24    12.183    9422.897       96.8     2997.7   1000.660  12.183   0.000   0.000  0.623811  0.184873  0.188663  0.998358
     68   1     11  10   7    24    12.183    9422.897     1481.2    45851.8  15305.592  12.183   0.000   0.000  0.623811  0.184873  0.188663  0.998358
     69   1     13  10   1    24    12.183    9422.897     1864.6    57721.1  19267.637  12.183   0.000   0.000  0.623811  0.184873  0.188663  0.998358
     70   1     14   7   5    24    12.183    9422.897      254.1     7865.9   2625.688  12.183   0.000   0.000  0.623811  0.184873  0.188663  0.998358
     71   1     15   6   3    24    12.183    9422.897       11.6      360.2    120.244  12.183   0.000   0.000  0.623811  0.184873  0.188663  0.998358
     72   1     14   6   6    24    12.233    9457.992       44.9       72.8     28.213  12.233   0.000   0.000  0.626134  0.184142  0.185967  0.998352
     73   1      3  16   1    24    12.283    9493.481      619.5     1335.6    455.529  12.283   0.000   0.000  0.628483  0.183409  0.183291  0.998345
     74   1      5  15   4    24    12.283    9493.481      404.2      871.3    297.184  12.283   0.000   0.000  0.628483  0.183409  0.183291  0.998345
     75   1      9  11   8    24    12.283    9493.481       13.2       28.5      9.707  12.283   0.000   0.000  0.628483  0.183409  0.183291  0.998345
     76   1      9  13   4    24    12.283    9493.481      695.0     1498.2    511.004  12.283   0.000   0.000  0.628483  0.183409  0.183291  0.998345
     77   1     11   9   8    24    12.283    9493.481     1297.7     2797.6    954.180  12.283   0.000   0.000  0.628483  0.183409  0.183291  0.998345
     78   1     11  12   1    24    12.283    9493.481      526.6     1135.2    387.193  12.283   0.000   0.000  0.628483  0.183409  0.183291  0.998345
     79   1     12  11   1    24    12.283    9493.481     1381.7     2978.7   1015.951  12.283   0.000   0.000  0.628483  0.183409  0.183291  0.998345
     80   1     13   9   4    24    12.283    9493.481     2796.3     6028.3   2056.108  12.283   0.000   0.000  0.628483  0.183409  0.183291  0.998345
     81   1     15   5   4    24    12.283    9493.481     2426.4     5230.9   1784.119  12.283   0.000   0.000  0.628483  0.183409  0.183291  0.998345
     82   1     16   3   1    24    12.283    9493.481     1270.3     2738.5    934.021  12.283   0.000   0.000  0.628483  0.183409  0.183291  0.998345
     83   1      8  14   2    24    12.334    9529.375      361.7     1052.4    457.137  12.334   0.000   0.000  0.630860  0.182672  0.180635  0.998339
     84   1     10  10   8    24    12.334    9529.375      468.3     1362.3    591.753  12.334   0.000   0.000  0.630860  0.182672  0.180635  0.998339
     85   1     14   8   2    24    12.334    9529.375     2064.4     6005.6   2608.732  12.334   0.000   0.000  0.630860  0.182672  0.180635  0.998339
     86   1     16   2   2    24    12.334    9529.375      260.0      756.5    328.604  12.334   0.000   0.000  0.630860  0.182672  0.180635  0.998339
     87   1      6  15   1    24    12.386    9565.677     2038.2     2916.2   1663.590  12.386   0.000   0.000  0.633263  0.181933  0.177999  0.998333
     88   1     10   9   9    24    12.386    9565.677       50.6       72.4     41.317  12.386   0.000   0.000  0.633263  0.181933  0.177999  0.998333
     89   1     15   6   1    24    12.386    9565.677       43.2       61.8     35.226  12.386   0.000   0.000  0.633263  0.181933  0.177999  0.998333
     90   1      2  16   0    12    12.438    9602.396      441.6      922.0    476.151  12.438   0.000   0.000  0.635694  0.181191  0.175383  0.998326
     91   1      8  14   0    12    12.438    9602.396      122.0      254.7    131.533  12.438   0.000   0.000  0.635694  0.181191  0.175383  0.998326
     92   1     10  12   4    24    12.438    9602.396      905.8     1891.2    976.650  12.438   0.000   0.000  0.635694  0.181191  0.175383  0.998326
     93   1     12  10   4    24    12.438    9602.396      159.3      332.5    171.707  12.438   0.000   0.000  0.635694  0.181191  0.175383  0.998326
     94   1     14   8   0    12    12.438    9602.396     1403.2     2929.6   1512.932  12.438   0.000   0.000  0.635694  0.181191  0.175383  0.998326
     95   1     16   2   0    12    12.438    9602.396     1803.7     3765.7   1944.689  12.438   0.000   0.000  0.635694  0.181191  0.175383  0.998326
     96   1      8  13   5    24    12.491    9639.544     2292.3     4591.3   3711.400  12.491   0.000   0.000  0.638153  0.180446  0.172787  0.998320
     97   1     11  11   4    24    12.491    9639.544        8.5       17.1     13.797  12.491   0.000   0.000  0.638153  0.180446  0.172787  0.998320
     98   1     13   8   5    24    12.491    9639.544      126.1      252.6    204.215  12.491   0.000   0.000  0.638153  0.180446  0.172787  0.998320
     99   1     16   1   1    24    12.491    9639.544      333.8      668.6    540.481  12.491   0.000   0.000  0.638153  0.180446  0.172787  0.998320
    100   1     16   0   0     6    12.545    9677.126     1728.1     1022.3   1292.871  12.545   0.000   0.000  0.640641  0.179698  0.170210  0.998313
    101   1      5  15   2    24    12.599    9715.150     1322.3    28658.3  13663.597  12.599   0.000   0.000  0.643158  0.178947  0.167655  0.998307
    102   1      7  13   6    24    12.599    9715.150     1173.6    25436.2  12127.394  12.599   0.000   0.000  0.643158  0.178947  0.167655  0.998307
    103   1      7  14   3    24    12.599    9715.150     1381.1    29931.7  14270.715  12.599   0.000   0.000  0.643158  0.178947  0.167655  0.998307
    104   1      9  13   2    24    12.599    9715.150      338.8     7343.2   3501.068  12.599   0.000   0.000  0.643158  0.178947  0.167655  0.998307
    105   1     13   7   6    24    12.599    9715.150       69.1     1497.6    713.998  12.599   0.000   0.000  0.643158  0.178947  0.167655  0.998307
    106   1     13   9   2    24    12.599    9715.150      150.4     3260.2   1554.384  12.599   0.000   0.000  0.643158  0.178947  0.167655  0.998307
    107   1     14   7   3    24    12.599    9715.150      884.7    19173.3   9141.370  12.599   0.000   0.000  0.643158  0.178947  0.167655  0.998307
    108   1     15   5   2    24    12.599    9715.150      104.7     2268.3   1081.481  12.599   0.000   0.000  0.643158  0.178947  0.167655  0.998307
    109   1      4  15   3    24    12.709    9792.562      648.2     1394.3    379.492  12.709   0.000   0.000  0.648283  0.177437  0.162603  0.998293
    110   1      5  15   0    12    12.709    9792.562     2300.4     4948.6   1346.840  12.709   0.000   0.000  0.648283  0.177437  0.162603  0.998293
    111   1      9  12   5    24    12.709    9792.562     1885.4     4055.8   1103.858  12.709   0.000   0.000  0.648283  0.177437  0.162603  0.998293
    112   1      9  13   0    12    12.709    9792.562     2413.4     5191.5   1412.958  12.709   0.000   0.000  0.648283  0.177437  0.162603  0.998293
    113   1     12   9   5    24    12.709    9792.562      922.2     1983.8    539.927  12.709   0.000   0.000  0.648283  0.177437  0.162603  0.998293
    114   1     13   9   0    12    12.709    9792.562       55.6      119.6     32.549  12.709   0.000   0.000  0.648283  0.177437  0.162603  0.998293
    115   1     15   4   3    24    12.709    9792.562      221.3      476.1    129.570  12.709   0.000   0.000  0.648283  0.177437  0.162603  0.998293
    116   1     15   5   0    12    12.709    9792.562      129.9      279.5     76.068  12.709   0.000   0.000  0.648283  0.177437  0.162603  0.998293
    117   1      6  14   4    24    12.766    9831.969      600.8     1203.9    405.142  12.766   0.000   0.000  0.650892  0.176677  0.160107  0.998286
    118   1     10  12   2    24    12.766    9831.969     4411.2     8839.3   2974.629  12.766   0.000   0.000  0.650892  0.176677  0.160107  0.998286
    119   1     12  10   2    24    12.766    9831.969      538.4     1078.8    363.028  12.766   0.000   0.000  0.650892  0.176677  0.160107  0.998286
    120   1     14   6   4    24    12.766    9831.969     1257.3     2519.4    847.820  12.766   0.000   0.000  0.650892  0.176677  0.160107  0.998286

   No.  Code     H   K   L  Mult     Hw     2theta/TOF      Icalc       Iobs      Sigma    HwG     HwL     ETA     d-hkl  TOF_alpha  TOF_beta     CORR

    121   1      7  14   1    24    12.823    9871.856     1548.0     7421.6   2159.375  12.823   0.000   0.000  0.653532  0.175914  0.157631  0.998280
    122   1     10  11   5    24    12.823    9871.856      381.6     1829.7    532.363  12.823   0.000   0.000  0.653532  0.175914  0.157631  0.998280
    123   1     11  10   5    24    12.823    9871.856      223.8     1073.2    312.247  12.823   0.000   0.000  0.653532  0.175914  0.157631  0.998280
    124   1     11  11   2    24    12.823    9871.856     2247.7    10776.1   3135.391  12.823   0.000   0.000  0.653532  0.175914  0.157631  0.998280
    125   1     14   5   5    24    12.823    9871.856      783.5     3756.2   1092.912  12.823   0.000   0.000  0.653532  0.175914  0.157631  0.998280
    126   1     14   7   1    24    12.823    9871.856     1057.8     5071.6   1475.615  12.823   0.000   0.000  0.653532  0.175914  0.157631  0.998280
    127   1      8  12   6    24    12.881    9912.231      456.7     1035.9    521.145  12.881   0.000   0.000  0.656205  0.175148  0.155176  0.998273
    128   1     10  12   0    12    12.881    9912.231        8.2       18.6      9.349  12.881   0.000   0.000  0.656205  0.175148  0.155176  0.998273
    129   1     12   8   6    24    12.881    9912.231     1118.3     2536.2   1275.944  12.881   0.000   0.000  0.656205  0.175148  0.155176  0.998273
    130   1     12  10   0    12    12.881    9912.231      233.9      530.5    266.872  12.881   0.000   0.000  0.656205  0.175148  0.155176  0.998273
    131   1      4  15   1    24    12.940    9953.106      221.5        0.0   1925.666  12.940   0.000   0.000  0.658911  0.174379  0.152740  0.998265
    132   1      8  13   3    24    12.940    9953.106       44.7        0.0    388.144  12.940   0.000   0.000  0.658911  0.174379  0.152740  0.998265
    133   1     11  11   0    12    12.940    9953.106      231.1        0.0   2009.117  12.940   0.000   0.000  0.658911  0.174379  0.152740  0.998265
    134   1     12   7   7    24    12.940    9953.106     1371.0        0.0  11917.916  12.940   0.000   0.000  0.658911  0.174379  0.152740  0.998265
    135   1     13   8   3    24    12.940    9953.106      753.8        0.0   6553.006  12.940   0.000   0.000  0.658911  0.174379  0.152740  0.998265
    136   1     15   4   1    24    12.940    9953.106     2457.0        0.0  21358.510  12.940   0.000   0.000  0.658911  0.174379  0.152740  0.998265
    137   1      3  15   2    24    13.059   10036.397      600.8      627.3    779.827  13.059   0.000   0.000  0.664425  0.172831  0.147929  0.998251
    138   1      9  11   6    24    13.059   10036.397      533.0      556.5    691.713  13.059   0.000   0.000  0.664425  0.172831  0.147929  0.998251
    139   1     11   9   6    24    13.059   10036.397      701.6      732.5    910.609  13.059   0.000   0.000  0.664425  0.172831  0.147929  0.998251
    140   1     15   3   2    24    13.059   10036.397     3225.4     3367.6   4186.159  13.059   0.000   0.000  0.664425  0.172831  0.147929  0.998251
    141   1      6  14   2    24    13.121   10078.835      760.2        0.0    583.135  13.121   0.000   0.000  0.667235  0.172053  0.145554  0.998244
    142   1     10  10   6    24    13.121   10078.835      308.6        0.0    236.726  13.121   0.000   0.000  0.667235  0.172053  0.145554  0.998244
    143   1     14   6   2    24    13.121   10078.835      970.4        0.0    744.377  13.121   0.000   0.000  0.667235  0.172053  0.145554  0.998244
    144   1      3  15   0    12    13.183   10121.816       61.7       75.9    153.141  13.183   0.000   0.000  0.670080  0.171270  0.143198  0.998236
    145   1      7  13   4    24    13.183   10121.816     4474.2     5507.6  11108.887  13.183   0.000   0.000  0.670080  0.171270  0.143198  0.998236
    146   1      8  11   7    24    13.183   10121.816      317.4      390.7    787.969  13.183   0.000   0.000  0.670080  0.171270  0.143198  0.998236
    147   1      8  13   1    24    13.183   10121.816      599.2      737.6   1487.821  13.183   0.000   0.000  0.670080  0.171270  0.143198  0.998236
    148   1      9  12   3    24    13.183   10121.816       20.9       25.7     51.887  13.183   0.000   0.000  0.670080  0.171270  0.143198  0.998236
    149   1     11   8   7    24    13.183   10121.816      472.9      582.1   1174.105  13.183   0.000   0.000  0.670080  0.171270  0.143198  0.998236
    150   1     12   9   3    24    13.183   10121.816      328.6      404.4    815.761  13.183   0.000   0.000  0.670080  0.171270  0.143198  0.998236
    151   1     13   7   4    24    13.183   10121.816      770.3      948.2   1912.518  13.183   0.000   0.000  0.670080  0.171270  0.143198  0.998236
    152   1     13   8   1    24    13.183   10121.816      284.8      350.6    707.142  13.183   0.000   0.000  0.670080  0.171270  0.143198  0.998236
    153   1     15   3   0    12    13.183   10121.816     1025.7     1262.6   2546.685  13.183   0.000   0.000  0.670080  0.171270  0.143198  0.998236
    154   1      6  14   0    12    13.245   10165.351      158.9      224.9    153.126  13.245   0.000   0.000  0.672962  0.170485  0.140863  0.998228
    155   1     14   6   0    12    13.245   10165.351       28.2       39.9     27.131  13.245   0.000   0.000  0.672962  0.170485  0.140863  0.998228
    156   1      2  15   1    24    13.309   10209.452     2119.3     3989.9   1067.525  13.309   0.000   0.000  0.675882  0.169696  0.138547  0.998221
    157   1      5  14   3    24    13.309   10209.452     1486.7     2798.9    748.883  13.309   0.000   0.000  0.675882  0.169696  0.138547  0.998221
    158   1      6  13   5    24    13.309   10209.452      987.3     1858.8    497.328  13.309   0.000   0.000  0.675882  0.169696  0.138547  0.998221
    159   1      9  10   7    24    13.309   10209.452     3076.7     5792.3   1549.792  13.309   0.000   0.000  0.675882  0.169696  0.138547  0.998221
    160   1     10   9   7    24    13.309   10209.452       27.8       52.3     13.984  13.309   0.000   0.000  0.675882  0.169696  0.138547  0.998221
    161   1     10  11   3    24    13.309   10209.452      373.9      703.8    188.321  13.309   0.000   0.000  0.675882  0.169696  0.138547  0.998221
    162   1     11  10   3    24    13.309   10209.452     2168.6     4082.7   1092.375  13.309   0.000   0.000  0.675882  0.169696  0.138547  0.998221
    163   1     13   6   5    24    13.309   10209.452     4482.5     8438.9   2257.917  13.309   0.000   0.000  0.675882  0.169696  0.138547  0.998221
    164   1     14   5   3    24    13.309   10209.452     1306.4     2459.4    658.042  13.309   0.000   0.000  0.675882  0.169696  0.138547  0.998221
    165   1     15   2   1    24    13.309   10209.452      492.4      927.1    248.054  13.309   0.000   0.000  0.675882  0.169696  0.138547  0.998221
    166   1     10   8   8    24    13.374   10254.133     2469.1     9958.7   3114.820  13.374   0.000   0.000  0.678840  0.168904  0.136252  0.998213
    167   1     14   4   4    24    13.374   10254.133     3889.5    15687.5   4906.633  13.374   0.000   0.000  0.678840  0.168904  0.136252  0.998213
    168   1      1  15   0    12    13.440   10299.405        0.4        3.0      2.991  13.440   0.000   0.000  0.681837  0.168108  0.133977  0.998205
    169   1      9   9   8    24    13.440   10299.405      452.2     3108.9   3057.136  13.440   0.000   0.000  0.681837  0.168108  0.133977  0.998205
    170   1      9  12   1    24    13.440   10299.405      647.5     4451.1   4376.957  13.440   0.000   0.000  0.681837  0.168108  0.133977  0.998205
    171   1     12   9   1    24    13.440   10299.405     1516.4    10424.2  10250.532  13.440   0.000   0.000  0.681837  0.168108  0.133977  0.998205
    172   1     15   1   0    12    13.440   10299.405       73.2      503.5    495.103  13.440   0.000   0.000  0.681837  0.168108  0.133977  0.998205
    173   1      8  12   4    24    13.506   10345.282       42.4        0.0     56.191  13.506   0.000   0.000  0.684874  0.167309  0.131722  0.998197
    174   1     12   8   4    24    13.506   10345.282       34.2        0.0     45.395  13.506   0.000   0.000  0.684874  0.167309  0.131722  0.998197
    175   1      5  14   1    24    13.574   10391.777     1489.5     8791.1   3306.687  13.574   0.000   0.000  0.687952  0.166506  0.129486  0.998189
    176   1      7  13   2    24    13.574   10391.777       55.2      326.0    122.605  13.574   0.000   0.000  0.687952  0.166506  0.129486  0.998189
    177   1     10  11   1    24    13.574   10391.777    10851.3    64046.4  24090.486  13.574   0.000   0.000  0.687952  0.166506  0.129486  0.998189
    178   1     11  10   1    24    13.574   10391.777     2066.7    12197.9   4588.151  13.574   0.000   0.000  0.687952  0.166506  0.129486  0.998189
    179   1     13   7   2    24    13.574   10391.777     1789.8    10564.0   3973.548  13.574   0.000   0.000  0.687952  0.166506  0.129486  0.998189
    180   1     14   5   1    24    13.574   10391.777      203.3     1199.8    451.288  13.574   0.000   0.000  0.687952  0.166506  0.129486  0.998189

   No.  Code     H   K   L  Mult     Hw     2theta/TOF      Icalc       Iobs      Sigma    HwG     HwL     ETA     d-hkl  TOF_alpha  TOF_beta     CORR

    181   1      7  12   5    24    13.712   10486.683      887.8     2396.0    671.061  13.712   0.000   0.000  0.694235  0.164889  0.125076  0.998173
    182   1      7  13   0    12    13.712   10486.683       10.7       29.0      8.116  13.712   0.000   0.000  0.694235  0.164889  0.125076  0.998173
    183   1      9  11   4    24    13.712   10486.683     2280.3     6154.6   1723.741  13.712   0.000   0.000  0.694235  0.164889  0.125076  0.998173
    184   1     11   9   4    24    13.712   10486.683     4639.1    12520.9   3506.772  13.712   0.000   0.000  0.694235  0.164889  0.125076  0.998173
    185   1     12   7   5    24    13.712   10486.683     3586.8     9680.7   2711.320  13.712   0.000   0.000  0.694235  0.164889  0.125076  0.998173
    186   1     13   7   0    12    13.712   10486.683       70.5      190.2     53.277  13.712   0.000   0.000  0.694235  0.164889  0.125076  0.998173
    187   1      4  14   2    24    13.783   10535.120       75.7      120.0     82.726  13.783   0.000   0.000  0.697442  0.164076  0.122901  0.998164
    188   1     10  10   4    24    13.783   10535.120     2972.1     4709.1   3246.679  13.783   0.000   0.000  0.697442  0.164076  0.122901  0.998164
    189   1     12   6   6    24    13.783   10535.120      845.3     1339.4    923.453  13.783   0.000   0.000  0.697442  0.164076  0.122901  0.998164
    190   1     14   4   2    24    13.783   10535.120      724.7     1148.2    791.610  13.783   0.000   0.000  0.697442  0.164076  0.122901  0.998164
    191   1      6  13   3    24    13.855   10584.234      701.8      661.8    713.335  13.855   0.000   0.000  0.700693  0.163258  0.120746  0.998156
    192   1     13   6   3    24    13.855   10584.234     1101.3     1038.6   1119.421  13.855   0.000   0.000  0.700693  0.163258  0.120746  0.998156
    193   1     14   3   3    24    13.855   10584.234     2843.1     2681.1   2889.865  13.855   0.000   0.000  0.700693  0.163258  0.120746  0.998156
    194   1      4  14   0    12    13.927   10634.043     4086.1     9023.0   4919.247  13.927   0.000   0.000  0.703990  0.162436  0.118611  0.998147
    195   1      8  12   2    24    13.927   10634.043      309.0      682.3    371.988  13.927   0.000   0.000  0.703990  0.162436  0.118611  0.998147
    196   1     12   8   2    24    13.927   10634.043     1547.6     3417.5   1863.178  13.927   0.000   0.000  0.703990  0.162436  0.118611  0.998147
    197   1     14   4   0    12    13.927   10634.043      430.6      950.9    518.426  13.927   0.000   0.000  0.703990  0.162436  0.118611  0.998147
    198   1      5  13   4    24    14.002   10684.562     1659.4        0.0   5522.720  14.002   0.000   0.000  0.707335  0.161611  0.116496  0.998138
    199   1      8  11   5    24    14.002   10684.562      614.6        0.0   2045.431  14.002   0.000   0.000  0.707335  0.161611  0.116496  0.998138
    200   1     11   8   5    24    14.002   10684.562      162.2        0.0    539.902  14.002   0.000   0.000  0.707335  0.161611  0.116496  0.998138
    201   1     13   5   4    24    14.002   10684.562      284.9        0.0    948.354  14.002   0.000   0.000  0.707335  0.161611  0.116496  0.998138
    202   1      8  12   0    12    14.077   10735.807      453.8      398.1    638.942  14.077   0.000   0.000  0.710727  0.160782  0.114402  0.998129
    203   1     12   8   0    12    14.077   10735.807       75.8       66.5    106.698  14.077   0.000   0.000  0.710727  0.160782  0.114402  0.998129
    204   1      3  14   1    24    14.153   10787.797     4318.8     9403.7   2172.933  14.153   0.000   0.000  0.714169  0.159948  0.112327  0.998120
    205   1      6  13   1    24    14.153   10787.797     3832.4     8344.7   1928.211  14.153   0.000   0.000  0.714169  0.159948  0.112327  0.998120
    206   1      7  11   6    24    14.153   10787.797     1443.6     3143.2    726.300  14.153   0.000   0.000  0.714169  0.159948  0.112327  0.998120
    207   1      9  10   5    24    14.153   10787.797     2325.5     5063.5   1170.023  14.153   0.000   0.000  0.714169  0.159948  0.112327  0.998120
    208   1      9  11   2    24    14.153   10787.797       25.4       55.4     12.791  14.153   0.000   0.000  0.714169  0.159948  0.112327  0.998120
    209   1     10   9   5    24    14.153   10787.797     4351.8     9475.6   2189.538  14.153   0.000   0.000  0.714169  0.159948  0.112327  0.998120
    210   1     11   7   6    24    14.153   10787.797       96.0      209.1     48.322  14.153   0.000   0.000  0.714169  0.159948  0.112327  0.998120
    211   1     11   9   2    24    14.153   10787.797      875.8     1906.9    440.627  14.153   0.000   0.000  0.714169  0.159948  0.112327  0.998120
    212   1     13   6   1    24    14.153   10787.797      433.0      942.8    217.846  14.153   0.000   0.000  0.714169  0.159948  0.112327  0.998120
    213   1     14   3   1    24    14.153   10787.797     1690.7     3681.3    850.632  14.153   0.000   0.000  0.714169  0.159948  0.112327  0.998120
    214   1     10  10   2    24    14.231   10840.550      208.6      542.2    217.130  14.231   0.000   0.000  0.717661  0.159111  0.110272  0.998111
    215   1     14   2   2    24    14.231   10840.550     5091.0    13231.5   5299.111  14.231   0.000   0.000  0.717661  0.159111  0.110272  0.998111
    216   1      7  12   3    24    14.310   10894.084     2288.3     1817.1   1765.307  14.310   0.000   0.000  0.721206  0.158270  0.108237  0.998102
    217   1      9  11   0    12    14.310   10894.084     1073.3      852.3    827.957  14.310   0.000   0.000  0.721206  0.158270  0.108237  0.998102
    218   1     11   9   0    12    14.310   10894.084     1004.5      797.7    774.934  14.310   0.000   0.000  0.721206  0.158270  0.108237  0.998102
    219   1     12   7   3    24    14.310   10894.084     2621.5     2081.7   2022.307  14.310   0.000   0.000  0.721206  0.158270  0.108237  0.998102
    220   1      2  14   0    12    14.390   10948.417       12.7        9.5      6.773  14.390   0.000   0.000  0.724802  0.157424  0.106223  0.998092
    221   1      8  10   6    24    14.390   10948.417      239.6      177.9    127.469  14.390   0.000   0.000  0.724802  0.157424  0.106223  0.998092
    222   1     10   8   6    24    14.390   10948.417     4388.6     3258.8   2334.452  14.390   0.000   0.000  0.724802  0.157424  0.106223  0.998092
    223   1     10  10   0    12    14.390   10948.417        0.9        0.7      0.466  14.390   0.000   0.000  0.724802  0.157424  0.106223  0.998092
    224   1     14   2   0    12    14.390   10948.417     4151.7     3082.9   2208.440  14.390   0.000   0.000  0.724802  0.157424  0.106223  0.998092
    225   1      5  13   2    24    14.472   11003.574      950.1     3735.6    634.259  14.472   0.000   0.000  0.728454  0.156574  0.104228  0.998083
    226   1      9   9   6    24    14.472   11003.574     5235.2    20582.6   3494.663  14.472   0.000   0.000  0.728454  0.156574  0.104228  0.998083
    227   1     10   7   7    24    14.472   11003.574     1859.3     7309.9   1241.133  14.472   0.000   0.000  0.728454  0.156574  0.104228  0.998083
    228   1     13   5   2    24    14.472   11003.574     7088.8    27870.6   4732.061  14.472   0.000   0.000  0.728454  0.156574  0.104228  0.998083
    229   1     14   1   1    24    14.472   11003.574      514.3     2022.0    343.311  14.472   0.000   0.000  0.728454  0.156574  0.104228  0.998083
    230   1      6  12   4    24    14.555   11059.572     2739.1     3590.0   1647.180  14.555   0.000   0.000  0.732161  0.155720  0.102253  0.998073
    231   1     12   6   4    24    14.555   11059.572     1684.5     2207.7   1012.950  14.555   0.000   0.000  0.732161  0.155720  0.102253  0.998073
    232   1     14   0   0     6    14.555   11059.572      231.5      303.4    139.193  14.555   0.000   0.000  0.732161  0.155720  0.102253  0.998073
    233   1      4  13   3    24    14.639   11116.434      933.4     2361.3    323.871  14.639   0.000   0.000  0.735925  0.154861  0.100299  0.998063
    234   1      5  13   0    12    14.639   11116.434     2097.5     5306.5    727.813  14.639   0.000   0.000  0.735925  0.154861  0.100299  0.998063
    235   1      7  12   1    24    14.639   11116.434      597.3     1511.2    207.262  14.639   0.000   0.000  0.735925  0.154861  0.100299  0.998063
    236   1      8   9   7    24    14.639   11116.434     1969.1     4981.6    683.257  14.639   0.000   0.000  0.735925  0.154861  0.100299  0.998063
    237   1      8  11   3    24    14.639   11116.434     3854.6     9751.8   1337.506  14.639   0.000   0.000  0.735925  0.154861  0.100299  0.998063
    238   1      9   8   7    24    14.639   11116.434     1125.3     2847.0    390.475  14.639   0.000   0.000  0.735925  0.154861  0.100299  0.998063
    239   1     11   8   3    24    14.639   11116.434     2204.6     5577.4    764.975  14.639   0.000   0.000  0.735925  0.154861  0.100299  0.998063
    240   1     12   5   5    24    14.639   11116.434     7239.0    18314.1   2511.873  14.639   0.000   0.000  0.735925  0.154861  0.100299  0.998063

   No.  Code     H   K   L  Mult     Hw     2theta/TOF      Icalc       Iobs      Sigma    HwG     HwL     ETA     d-hkl  TOF_alpha  TOF_beta     CORR

    241   1     12   7   1    24    14.639   11116.434    10467.1    26480.8   3631.978  14.639   0.000   0.000  0.735925  0.154861  0.100299  0.998063
    242   1     13   4   3    24    14.639   11116.434     2955.3     7476.6   1025.447  14.639   0.000   0.000  0.735925  0.154861  0.100299  0.998063
    243   1     13   5   0    12    14.639   11116.434        3.9       10.0      1.365  14.639   0.000   0.000  0.735925  0.154861  0.100299  0.998063
    244   1      8   8   8     8    14.725   11174.183     6503.8     4611.9   6781.743  14.725   0.000   0.000  0.739748  0.153998  0.098364  0.998053
    245   1      9  10   3    24    14.812   11232.840     3054.8    40092.8  14410.436  14.812   0.000   0.000  0.743632  0.153131  0.096450  0.998043
    246   1     10   9   3    24    14.812   11232.840      685.6     8998.5   3234.311  14.812   0.000   0.000  0.743632  0.153131  0.096450  0.998043
    247   1      4  13   1    24    14.992   11352.980     2994.5     5236.9   1434.538  14.992   0.000   0.000  0.751585  0.151382  0.092681  0.998022
    248   1      7  11   4    24    14.992   11352.980      316.8      554.0    151.766  14.992   0.000   0.000  0.751585  0.151382  0.092681  0.998022
    249   1      8  11   1    24    14.992   11352.980     5064.6     8857.2   2426.255  14.992   0.000   0.000  0.751585  0.151382  0.092681  0.998022
    250   1     11   7   4    24    14.992   11352.980      433.1      757.5    207.499  14.992   0.000   0.000  0.751585  0.151382  0.092681  0.998022
    251   1     11   8   1    24    14.992   11352.980     1471.1     2572.7    704.755  14.992   0.000   0.000  0.751585  0.151382  0.092681  0.998022
    252   1     13   4   1    24    14.992   11352.980     6911.0    12086.2   3310.771  14.992   0.000   0.000  0.751585  0.151382  0.092681  0.998022
    253   1      6  12   2    24    15.084   11414.514     3810.8     5905.1   2011.611  15.084   0.000   0.000  0.755659  0.150501  0.090827  0.998011
    254   1     12   6   2    24    15.084   11414.514     3123.5     4840.0   1648.772  15.084   0.000   0.000  0.755659  0.150501  0.090827  0.998011
    255   1      3  13   2    24    15.178   11477.061     8680.1    17175.2   1704.635  15.178   0.000   0.000  0.759799  0.149614  0.088993  0.998000
    256   1      6  11   5    24    15.178   11477.061    22776.1    45066.8   4472.879  15.178   0.000   0.000  0.759799  0.149614  0.088993  0.998000
    257   1      9  10   1    24    15.178   11477.061      361.9      716.2     71.079  15.178   0.000   0.000  0.759799  0.149614  0.088993  0.998000
    258   1     10   9   1    24    15.178   11477.061      638.2     1262.8    125.333  15.178   0.000   0.000  0.759799  0.149614  0.088993  0.998000
    259   1     11   6   5    24    15.178   11477.061     6394.7    12653.1   1255.817  15.178   0.000   0.000  0.759799  0.149614  0.088993  0.998000
    260   1     13   3   2    24    15.178   11477.061     3438.6     6804.0    675.295  15.178   0.000   0.000  0.759799  0.149614  0.088993  0.998000
    261   1      6  12   0    12    15.273   11540.646     1631.6     3261.7    390.317  15.273   0.000   0.000  0.764009  0.148723  0.087179  0.997989
    262   1      8  10   4    24    15.273   11540.646    12741.0    25470.1   3047.886  15.273   0.000   0.000  0.764009  0.148723  0.087179  0.997989
    263   1     10   8   4    24    15.273   11540.646    13654.8    27296.8   3266.488  15.273   0.000   0.000  0.764009  0.148723  0.087179  0.997989
    264   1     12   6   0    12    15.273   11540.646     7643.7    15280.3   1828.519  15.273   0.000   0.000  0.764009  0.148723  0.087179  0.997989
    265   1      3  13   0    12    15.370   11605.299     2746.4     8196.5   1578.544  15.370   0.000   0.000  0.768289  0.147827  0.085384  0.997978
    266   1      5  12   3    24    15.370   11605.299     1121.3     3346.4    644.472  15.370   0.000   0.000  0.768289  0.147827  0.085384  0.997978
    267   1      9   9   4    24    15.370   11605.299     6622.5    19764.6   3806.409  15.370   0.000   0.000  0.768289  0.147827  0.085384  0.997978
    268   1     12   5   3    24    15.370   11605.299     6889.0    20560.0   3959.591  15.370   0.000   0.000  0.768289  0.147827  0.085384  0.997978
    269   1     13   3   0    12    15.370   11605.299       39.8      118.8     22.884  15.370   0.000   0.000  0.768289  0.147827  0.085384  0.997978
    270   1     12   4   4    24    15.470   11671.052     1128.8      829.1   1652.682  15.470   0.000   0.000  0.772642  0.146926  0.083610  0.997966
    271   1      2  13   1    24    15.571   11737.937     6917.9    17918.5   2116.447  15.571   0.000   0.000  0.777070  0.146020  0.081856  0.997955
    272   1      7  10   5    24    15.571   11737.937     4183.8    10836.8   1279.993  15.571   0.000   0.000  0.777070  0.146020  0.081856  0.997955
    273   1      7  11   2    24    15.571   11737.937     7498.3    19421.9   2294.022  15.571   0.000   0.000  0.777070  0.146020  0.081856  0.997955
    274   1     10   7   5    24    15.571   11737.937     8552.5    22152.3   2616.534  15.571   0.000   0.000  0.777070  0.146020  0.081856  0.997955
    275   1     11   7   2    24    15.571   11737.937     5625.9    14572.1   1721.193  15.571   0.000   0.000  0.777070  0.146020  0.081856  0.997955
    276   1     13   2   1    24    15.571   11737.937     5403.9    13996.9   1653.255  15.571   0.000   0.000  0.777070  0.146020  0.081856  0.997955
    277   1     10   6   6    24    15.674   11805.982      971.9     3602.8   2064.135  15.674   0.000   0.000  0.781575  0.145108  0.080122  0.997943
    278   1      1  13   0    12    15.779   11875.227        5.5       12.6      1.814  15.779   0.000   0.000  0.786159  0.144191  0.078408  0.997931
    279   1      5  12   1    24    15.779   11875.227     1918.7     4450.7    638.453  15.779   0.000   0.000  0.786159  0.144191  0.078408  0.997931
    280   1      7  11   0    12    15.779   11875.227     3531.2     8191.1   1175.012  15.779   0.000   0.000  0.786159  0.144191  0.078408  0.997931
    281   1      8   9   5    24    15.779   11875.227     4379.7    10159.3   1457.347  15.779   0.000   0.000  0.786159  0.144191  0.078408  0.997931
    282   1      9   8   5    24    15.779   11875.227     4140.7     9605.0   1377.836  15.779   0.000   0.000  0.786159  0.144191  0.078408  0.997931
    283   1     11   7   0    12    15.779   11875.227     2498.5     5795.6    831.382  15.779   0.000   0.000  0.786159  0.144191  0.078408  0.997931
    284   1     12   5   1    24    15.779   11875.227     7848.4    18205.5   2611.580  15.779   0.000   0.000  0.786159  0.144191  0.078408  0.997931
    285   1     13   1   0    12    15.779   11875.227        2.7        6.3      0.901  15.779   0.000   0.000  0.786159  0.144191  0.078408  0.997931
    286   1      8  10   2    24    15.886   11945.703     3234.8     7980.5   2292.935  15.886   0.000   0.000  0.790824  0.143269  0.076714  0.997919
    287   1     10   8   2    24    15.886   11945.703     4426.9    10921.4   3137.902  15.886   0.000   0.000  0.790824  0.143269  0.076714  0.997919
    288   1      6  11   3    24    15.995   12017.450      828.0      363.7    331.527  15.995   0.000   0.000  0.795574  0.142341  0.075041  0.997906
    289   1      7   9   6    24    15.995   12017.450      628.6      276.1    251.697  15.995   0.000   0.000  0.795574  0.142341  0.075041  0.997906
    290   1      9   7   6    24    15.995   12017.450     4047.9     1777.9   1620.744  15.995   0.000   0.000  0.795574  0.142341  0.075041  0.997906
    291   1      9   9   2    24    15.995   12017.450     2157.0      947.4    863.671  15.995   0.000   0.000  0.795574  0.142341  0.075041  0.997906
    292   1     11   6   3    24    15.995   12017.450     2575.8     1131.3   1031.325  15.995   0.000   0.000  0.795574  0.142341  0.075041  0.997906
    293   1      4  12   2    24    16.107   12090.506    15056.6    21565.4   3552.116  16.107   0.000   0.000  0.800411  0.141408  0.073387  0.997893
    294   1      8   8   6    24    16.107   12090.506     2088.9     2992.0    492.815  16.107   0.000   0.000  0.800411  0.141408  0.073387  0.997893
    295   1      8  10   0    12    16.107   12090.506      668.0      956.8    157.597  16.107   0.000   0.000  0.800411  0.141408  0.073387  0.997893
    296   1     10   8   0    12    16.107   12090.506     5690.7     8150.8   1342.538  16.107   0.000   0.000  0.800411  0.141408  0.073387  0.997893
    297   1     12   4   2    24    16.107   12090.506     4235.1     6065.8    999.123  16.107   0.000   0.000  0.800411  0.141408  0.073387  0.997893
    298   1      5  11   4    24    16.221   12164.909     7931.1    14418.0   3466.904  16.221   0.000   0.000  0.805336  0.140469  0.071753  0.997880
    299   1      8   7   7    24    16.221   12164.909      621.1     1129.1    271.511  16.221   0.000   0.000  0.805336  0.140469  0.071753  0.997880
    300   1      9   9   0    12    16.221   12164.909      146.0      265.3     63.799  16.221   0.000   0.000  0.805336  0.140469  0.071753  0.997880

   No.  Code     H   K   L  Mult     Hw     2theta/TOF      Icalc       Iobs      Sigma    HwG     HwL     ETA     d-hkl  TOF_alpha  TOF_beta     CORR

    301   1     11   5   4    24    16.221   12164.909     1532.5     2785.9    669.897  16.221   0.000   0.000  0.805336  0.140469  0.071753  0.997880
    302   1     12   3   3    24    16.221   12164.909     3463.5     6296.4   1514.007  16.221   0.000   0.000  0.805336  0.140469  0.071753  0.997880
    303   1      4  12   0    12    16.337   12240.703     3243.3     6686.2   1802.789  16.337   0.000   0.000  0.810354  0.139524  0.070139  0.997867
    304   1     12   4   0    12    16.337   12240.703     4769.1     9831.7   2650.914  16.337   0.000   0.000  0.810354  0.139524  0.070139  0.997867
    305   1      6  11   1    24    16.456   12317.933    18967.6    27631.4   7768.470  16.456   0.000   0.000  0.815467  0.138573  0.068546  0.997854
    306   1      7  10   3    24    16.456   12317.933     1468.8     2139.7    601.574  16.456   0.000   0.000  0.815467  0.138573  0.068546  0.997854
    307   1     10   7   3    24    16.456   12317.933     3172.7     4621.9   1299.420  16.456   0.000   0.000  0.815467  0.138573  0.068546  0.997854
    308   1     11   6   1    24    16.456   12317.933     1559.6     2271.9    638.740  16.456   0.000   0.000  0.815467  0.138573  0.068546  0.997854
    309   1      3  12   1    24    16.701   12476.880      115.5      167.0     59.194  16.701   0.000   0.000  0.825989  0.136653  0.065418  0.997826
    310   1      8   9   3    24    16.701   12476.880      276.9      400.2    141.857  16.701   0.000   0.000  0.825989  0.136653  0.065418  0.997826
    311   1      9   8   3    24    16.701   12476.880     2276.0     3289.8   1165.981  16.701   0.000   0.000  0.825989  0.136653  0.065418  0.997826
    312   1     12   3   1    24    16.701   12476.880     6592.1     9528.3   3377.029  16.701   0.000   0.000  0.825989  0.136653  0.065418  0.997826
    313   1      6  10   4    24    16.828   12558.696     2004.0     2477.5    848.857  16.828   0.000   0.000  0.831405  0.135684  0.063885  0.997812
    314   1     10   6   4    24    16.828   12558.696     5334.0     6594.5   2259.410  16.828   0.000   0.000  0.831405  0.135684  0.063885  0.997812
    315   1     12   2   2    24    16.828   12558.696     1529.9     1891.4    648.025  16.828   0.000   0.000  0.831405  0.135684  0.063885  0.997812
    316   1      5  11   2    24    16.958   12642.144     5385.1     8900.4    865.732  16.958   0.000   0.000  0.836930  0.134708  0.062371  0.997797
    317   1      7  10   1    24    16.958   12642.144    13358.6    22078.9   2147.586  16.958   0.000   0.000  0.836930  0.134708  0.062371  0.997797
    318   1     10   5   5    24    16.958   12642.144     7662.6    12664.7   1231.877  16.958   0.000   0.000  0.836930  0.134708  0.062371  0.997797
    319   1     10   7   1    24    16.958   12642.144    14900.4    24627.3   2395.464  16.958   0.000   0.000  0.836930  0.134708  0.062371  0.997797
    320   1     11   5   2    24    16.958   12642.144      540.5      893.3     86.890  16.958   0.000   0.000  0.836930  0.134708  0.062371  0.997797
    321   1      2  12   0    12    17.090   12727.277     1590.7     2948.2   2128.585  17.090   0.000   0.000  0.842566  0.133726  0.060878  0.997783
    322   1     12   2   0    12    17.090   12727.277      739.4     1370.4    989.420  17.090   0.000   0.000  0.842566  0.133726  0.060878  0.997783
    323   1      4  11   3    24    17.226   12814.153     1341.0     1521.4    355.489  17.226   0.000   0.000  0.848317  0.132737  0.059404  0.997767
    324   1      5  11   0    12    17.226   12814.153     2189.9     2484.5    580.518  17.226   0.000   0.000  0.848317  0.132737  0.059404  0.997767
    325   1      7   9   4    24    17.226   12814.153     4144.9     4702.6   1098.787  17.226   0.000   0.000  0.848317  0.132737  0.059404  0.997767
    326   1      8   9   1    24    17.226   12814.153      697.7      791.6    184.952  17.226   0.000   0.000  0.848317  0.132737  0.059404  0.997767
    327   1      9   7   4    24    17.226   12814.153      648.4      735.7    171.895  17.226   0.000   0.000  0.848317  0.132737  0.059404  0.997767
    328   1      9   8   1    24    17.226   12814.153     1651.5     1873.7    437.804  17.226   0.000   0.000  0.848317  0.132737  0.059404  0.997767
    329   1     11   4   3    24    17.226   12814.153      612.8      695.2    162.446  17.226   0.000   0.000  0.848317  0.132737  0.059404  0.997767
    330   1     11   5   0    12    17.226   12814.153      148.5      168.5     39.368  17.226   0.000   0.000  0.848317  0.132737  0.059404  0.997767
    331   1     12   1   1    24    17.226   12814.153     2465.4     2797.1    653.548  17.226   0.000   0.000  0.848317  0.132737  0.059404  0.997767
    332   1      8   8   4    24    17.365   12902.835    54267.0    66429.8   5294.429  17.365   0.000   0.000  0.854188  0.131742  0.057951  0.997752
    333   1     12   0   0     6    17.365   12902.835     5092.7     6234.1    496.857  17.365   0.000   0.000  0.854188  0.131742  0.057951  0.997752
    334   1      6   9   5    24    17.507   12993.380       70.6      305.8     51.749  17.507   0.000   0.000  0.860182  0.130739  0.056518  0.997736
    335   1      9   6   5    24    17.507   12993.380     5418.6    23469.0   3971.828  17.507   0.000   0.000  0.860182  0.130739  0.056518  0.997736
    336   1      6  10   2    24    17.653   13085.862     4265.4    10976.9   2106.494  17.653   0.000   0.000  0.866305  0.129730  0.055105  0.997720
    337   1     10   6   2    24    17.653   13085.862     3774.6     9713.9   1864.116  17.653   0.000   0.000  0.866305  0.129730  0.055105  0.997720
    338   1      4  11   1    24    17.802   13180.345     2974.2     2899.3    841.646  17.802   0.000   0.000  0.872560  0.128713  0.053711  0.997704
    339   1      7   8   5    24    17.802   13180.345     4524.2     4410.2   1280.264  17.802   0.000   0.000  0.872560  0.128713  0.053711  0.997704
    340   1      8   7   5    24    17.802   13180.345     4612.8     4496.6   1305.346  17.802   0.000   0.000  0.872560  0.128713  0.053711  0.997704
    341   1     11   4   1    24    17.802   13180.345     1281.0     1248.8    362.510  17.802   0.000   0.000  0.872560  0.128713  0.053711  0.997704
    342   1      6  10   0    12    17.955   13276.907      510.2      766.5    160.118  17.955   0.000   0.000  0.878952  0.127688  0.052338  0.997687
    343   1      8   6   6    24    17.955   13276.907     7287.8    10949.4   2287.215  17.955   0.000   0.000  0.878952  0.127688  0.052338  0.997687
    344   1     10   6   0    12    17.955   13276.907     3173.9     4768.6    996.101  17.955   0.000   0.000  0.878952  0.127688  0.052338  0.997687
    345   1      3  11   2    24    18.112   13375.620      988.7      976.1    136.486  18.112   0.000   0.000  0.885487  0.126656  0.050985  0.997670
    346   1      5  10   3    24    18.112   13375.620     4059.5     4007.7    560.394  18.112   0.000   0.000  0.885487  0.126656  0.050985  0.997670
    347   1      7   7   6    24    18.112   13375.620     3661.6     3615.0    505.473  18.112   0.000   0.000  0.885487  0.126656  0.050985  0.997670
    348   1      7   9   2    24    18.112   13375.620    16095.9    15890.7   2221.969  18.112   0.000   0.000  0.885487  0.126656  0.050985  0.997670
    349   1      9   7   2    24    18.112   13375.620       50.8       50.2      7.016  18.112   0.000   0.000  0.885487  0.126656  0.050985  0.997670
    350   1     10   5   3    24    18.112   13375.620     2980.2     2942.2    411.403  18.112   0.000   0.000  0.885487  0.126656  0.050985  0.997670
    351   1     11   3   2    24    18.112   13375.620     2303.8     2274.4    318.031  18.112   0.000   0.000  0.885487  0.126656  0.050985  0.997670
    352   1      8   8   2    24    18.273   13476.571     3111.5     3662.7   1765.121  18.273   0.000   0.000  0.892170  0.125617  0.049652  0.997652
    353   1     10   4   4    24    18.273   13476.571     2371.4     2791.6   1345.296  18.273   0.000   0.000  0.892170  0.125617  0.049652  0.997652
    354   1      3  11   0    12    18.438   13579.841      602.7       34.2    208.619  18.438   0.000   0.000  0.899007  0.124569  0.048339  0.997634
    355   1      7   9   0    12    18.438   13579.841     5652.1      320.5   1956.459  18.438   0.000   0.000  0.899007  0.124569  0.048339  0.997634
    356   1      9   7   0    12    18.438   13579.841     2580.8      146.4    893.332  18.438   0.000   0.000  0.899007  0.124569  0.048339  0.997634
    357   1     11   3   0    12    18.438   13579.841     1545.5       87.6    534.961  18.438   0.000   0.000  0.899007  0.124569  0.048339  0.997634
    358   1      8   8   0    12    18.607   13685.523      718.7        0.0   1667.418  18.607   0.000   0.000  0.906003  0.123514  0.047046  0.997616
    359   1      2  11   1    24    18.781   13793.710    27488.2    39604.8   2325.755  18.781   0.000   0.000  0.913165  0.122450  0.045773  0.997597
    360   1      5  10   1    24    18.781   13793.710     3245.5     4676.0    274.596  18.781   0.000   0.000  0.913165  0.122450  0.045773  0.997597

   No.  Code     H   K   L  Mult     Hw     2theta/TOF      Icalc       Iobs      Sigma    HwG     HwL     ETA     d-hkl  TOF_alpha  TOF_beta     CORR

    361   1      6   9   3    24    18.781   13793.710     6636.1     9561.2    561.475  18.781   0.000   0.000  0.913165  0.122450  0.045773  0.997597
    362   1      9   6   3    24    18.781   13793.710    10317.5    14865.4    872.955  18.781   0.000   0.000  0.913165  0.122450  0.045773  0.997597
    363   1     10   5   1    24    18.781   13793.710    20137.4    29013.8   1703.806  18.781   0.000   0.000  0.913165  0.122450  0.045773  0.997597
    364   1     11   2   1    24    18.781   13793.710     2806.6     4043.7    237.461  18.781   0.000   0.000  0.913165  0.122450  0.045773  0.997597
    365   1      1  11   0    12    19.144   14018.013     5150.2     5191.6    484.720  19.144   0.000   0.000  0.928015  0.120297  0.043287  0.997558
    366   1      5   9   4    24    19.144   14018.013     3136.8     3162.1    295.230  19.144   0.000   0.000  0.928015  0.120297  0.043287  0.997558
    367   1      7   8   3    24    19.144   14018.013     1194.8     1204.4    112.451  19.144   0.000   0.000  0.928015  0.120297  0.043287  0.997558
    368   1      8   7   3    24    19.144   14018.013     8090.7     8155.8    761.473  19.144   0.000   0.000  0.928015  0.120297  0.043287  0.997558
    369   1      9   5   4    24    19.144   14018.013    13504.7    13613.5   1271.028  19.144   0.000   0.000  0.928015  0.120297  0.043287  0.997558
    370   1     11   1   0    12    19.144   14018.013     3719.9     3749.9    350.112  19.144   0.000   0.000  0.928015  0.120297  0.043287  0.997558
    371   1      4  10   2    24    19.334   14134.347    14804.0    16295.6   2465.907  19.334   0.000   0.000  0.935716  0.119207  0.042074  0.997538
    372   1     10   4   2    24    19.334   14134.347     1726.2     1900.1    287.531  19.334   0.000   0.000  0.935716  0.119207  0.042074  0.997538
    373   1      6   9   1    24    19.529   14253.626    16225.0    15996.3   1252.307  19.529   0.000   0.000  0.943612  0.118108  0.040882  0.997517
    374   1      9   6   1    24    19.529   14253.626     5523.2     5445.3    426.299  19.529   0.000   0.000  0.943612  0.118108  0.040882  0.997517
    375   1     10   3   3    24    19.529   14253.626    17737.0    17487.0   1369.005  19.529   0.000   0.000  0.943612  0.118108  0.040882  0.997517
    376   1      4  10   0    12    19.729   14375.977     8501.1     8390.9    504.155  19.729   0.000   0.000  0.951712  0.116999  0.039709  0.997496
    377   1      6   8   4    24    19.729   14375.977     8610.8     8499.1    510.657  19.729   0.000   0.000  0.951712  0.116999  0.039709  0.997496
    378   1      8   6   4    24    19.729   14375.977    14801.8    14609.8    877.809  19.729   0.000   0.000  0.951712  0.116999  0.039709  0.997496
    379   1     10   4   0    12    19.729   14375.977    20432.9    20167.8   1211.758  19.729   0.000   0.000  0.951712  0.116999  0.039709  0.997496
    380   1      7   7   4    24    19.936   14501.533     2825.6     4566.1    241.481  19.936   0.000   0.000  0.960024  0.115881  0.038556  0.997474
    381   1      7   8   1    24    19.936   14501.533    21831.0    35278.2   1865.724  19.936   0.000   0.000  0.960024  0.115881  0.038556  0.997474
    382   1      8   5   5    24    19.936   14501.533    11162.5    18038.3    953.973  19.936   0.000   0.000  0.960024  0.115881  0.038556  0.997474
    383   1      8   7   1    24    19.936   14501.533    19490.6    31496.3   1665.713  19.936   0.000   0.000  0.960024  0.115881  0.038556  0.997474
    384   1      3  10   1    24    20.369   14762.844      144.1      141.3      8.580  20.369   0.000   0.000  0.977323  0.113615  0.036311  0.997428
    385   1      5   9   2    24    20.369   14762.844     2419.3     2372.7    144.028  20.369   0.000   0.000  0.977323  0.113615  0.036311  0.997428
    386   1      6   7   5    24    20.369   14762.844    18949.0    18583.9   1128.097  20.369   0.000   0.000  0.977323  0.113615  0.036311  0.997428
    387   1      7   6   5    24    20.369   14762.844     1113.8     1092.3     66.307  20.369   0.000   0.000  0.977323  0.113615  0.036311  0.997428
    388   1      9   5   2    24    20.369   14762.844     7289.0     7148.6    433.940  20.369   0.000   0.000  0.977323  0.113615  0.036311  0.997428
    389   1     10   3   1    24    20.369   14762.844    17755.8    17413.8   1057.066  20.369   0.000   0.000  0.977323  0.113615  0.036311  0.997428
    390   1      6   6   6     8    20.595   14898.910    11293.9     9572.9    753.804  20.595   0.000   0.000  0.986331  0.112467  0.035219  0.997405
    391   1     10   2   2    24    20.595   14898.910    27906.8    23654.1   1862.616  20.595   0.000   0.000  0.986331  0.112467  0.035219  0.997405
    392   1      4   9   3    24    20.830   15038.807     2713.9     2413.1    186.398  20.830   0.000   0.000  0.995593  0.111308  0.034146  0.997380
    393   1      5   9   0    12    20.830   15038.807     5977.2     5314.8    410.531  20.830   0.000   0.000  0.995593  0.111308  0.034146  0.997380
    394   1      9   4   3    24    20.830   15038.807    27339.0    24309.0   1877.710  20.830   0.000   0.000  0.995593  0.111308  0.034146  0.997380
    395   1      9   5   0    12    20.830   15038.807     2388.2     2123.5    164.026  20.830   0.000   0.000  0.995593  0.111308  0.034146  0.997380
    396   1      2  10   0    12    21.072   15182.725      253.3      140.3     26.914  21.072   0.000   0.000  1.005120  0.110138  0.033094  0.997355
    397   1      6   8   2    24    21.072   15182.725     4540.0     2515.5    482.431  21.072   0.000   0.000  1.005120  0.110138  0.033094  0.997355
    398   1      8   6   2    24    21.072   15182.725    16285.0     9023.3   1730.497  21.072   0.000   0.000  1.005120  0.110138  0.033094  0.997355
    399   1     10   2   0    12    21.072   15182.725        7.4        4.1      0.784  21.072   0.000   0.000  1.005120  0.110138  0.033094  0.997355
    400   1      7   7   2    24    21.322   15330.851    19250.6    10375.7   1769.511  21.322   0.000   0.000  1.014926  0.108957  0.032061  0.997330
    401   1     10   1   1    24    21.322   15330.851     6295.7     3393.3    578.703  21.322   0.000   0.000  1.014926  0.108957  0.032061  0.997330
    402   1      6   8   0    12    21.581   15483.400     1026.7      204.3    273.550  21.581   0.000   0.000  1.025025  0.107764  0.031049  0.997303
    403   1      8   6   0    12    21.581   15483.400     1908.3      379.8    508.438  21.581   0.000   0.000  1.025025  0.107764  0.031049  0.997303
    404   1     10   0   0     6    21.581   15483.400     4240.3      843.8   1129.736  21.581   0.000   0.000  1.025025  0.107764  0.031049  0.997303
    405   1      4   9   1    24    21.850   15640.597      365.8      176.8     25.237  21.850   0.000   0.000  1.035432  0.106559  0.030057  0.997276
    406   1      5   8   3    24    21.850   15640.597     8119.8     3923.5    560.174  21.850   0.000   0.000  1.035432  0.106559  0.030057  0.997276
    407   1      7   7   0    12    21.850   15640.597      575.3      278.0     39.691  21.850   0.000   0.000  1.035432  0.106559  0.030057  0.997276
    408   1      8   5   3    24    21.850   15640.597      839.3      405.6     57.902  21.850   0.000   0.000  1.035432  0.106559  0.030057  0.997276
    409   1      9   4   1    24    21.850   15640.597    21868.7    10567.1   1508.696  21.850   0.000   0.000  1.035432  0.106559  0.030057  0.997276
    410   1      8   4   4    24    22.128   15802.679    12411.9     9599.9   1750.680  22.128   0.000   0.000  1.046162  0.105341  0.029084  0.997248
    411   1      3   9   2    24    22.416   15969.908   149147.8   165842.0   2440.862  22.416   0.000   0.000  1.057233  0.104111  0.028132  0.997218
    412   1      6   7   3    24    22.416   15969.908     1124.6     1250.5     18.404  22.416   0.000   0.000  1.057233  0.104111  0.028132  0.997218
    413   1      7   6   3    24    22.416   15969.908    89807.4    99859.5   1469.733  22.416   0.000   0.000  1.057233  0.104111  0.028132  0.997218
    414   1      9   3   2    24    22.416   15969.908    17857.8    19856.6    292.250  22.416   0.000   0.000  1.057233  0.104111  0.028132  0.997218
    415   1      3   9   0    12    23.027   16320.938        0.5        0.4      0.016  23.027   0.000   0.000  1.080472  0.101611  0.026288  0.997157
    416   1      5   7   4    24    23.027   16320.938    10532.2    10223.8    371.458  23.027   0.000   0.000  1.080472  0.101611  0.026288  0.997157
    417   1      5   8   1    24    23.027   16320.938     5377.8     5220.3    189.668  23.027   0.000   0.000  1.080472  0.101611  0.026288  0.997157
    418   1      7   5   4    24    23.027   16320.938    32590.1    31635.7   1149.413  23.027   0.000   0.000  1.080472  0.101611  0.026288  0.997157
    419   1      8   5   1    24    23.027   16320.938    16667.1    16179.0    587.828  23.027   0.000   0.000  1.080472  0.101611  0.026288  0.997157
    420   1      9   3   0    12    23.027   16320.938      162.0      157.3      5.714  23.027   0.000   0.000  1.080472  0.101611  0.026288  0.997157

   No.  Code     H   K   L  Mult     Hw     2theta/TOF      Icalc       Iobs      Sigma    HwG     HwL     ETA     d-hkl  TOF_alpha  TOF_beta     CORR

    421   1      6   6   4    24    23.351   16505.361     7524.3    11940.7   1489.645  23.351   0.000   0.000  1.092681  0.100340  0.025396  0.997125
    422   1      2   9   1    24    23.688   16696.180    31097.7    32250.6    286.019  23.688   0.000   0.000  1.105313  0.099055  0.024524  0.997092
    423   1      6   5   5    24    23.688   16696.180    81965.2    85003.9    753.870  23.688   0.000   0.000  1.105313  0.099055  0.024524  0.997092
    424   1      6   7   1    24    23.688   16696.180   151373.7   156985.6   1392.249  23.688   0.000   0.000  1.105313  0.099055  0.024524  0.997092
    425   1      7   6   1    24    23.688   16696.180     3902.5     4047.2     35.893  23.688   0.000   0.000  1.105313  0.099055  0.024524  0.997092
    426   1      9   2   1    24    23.688   16696.180    95160.5    98688.4    875.232  23.688   0.000   0.000  1.105313  0.099055  0.024524  0.997092
    427   1      4   8   2    24    24.039   16893.775    43160.7    65371.8   1458.112  24.039   0.000   0.000  1.118394  0.097755  0.023672  0.997058
    428   1      8   4   2    24    24.039   16893.775    17752.9    26888.9    599.754  24.039   0.000   0.000  1.118394  0.097755  0.023672  0.997058
    429   1      1   9   0    12    24.405   17098.557     4404.8     4956.4    123.238  24.405   0.000   0.000  1.131951  0.096439  0.022840  0.997022
    430   1      8   3   3    24    24.405   17098.557    47643.3    53609.6   1332.958  24.405   0.000   0.000  1.131951  0.096439  0.022840  0.997022
    431   1      9   1   0    12    24.405   17098.557    20778.9    23381.0    581.349  24.405   0.000   0.000  1.131951  0.096439  0.022840  0.997022
    432   1      4   8   0    12    24.788   17310.971    18696.6    20022.0    915.490  24.788   0.000   0.000  1.146013  0.095106  0.022028  0.996985
    433   1      8   4   0    12    24.788   17310.971    16496.9    17666.4    807.780  24.788   0.000   0.000  1.146013  0.095106  0.022028  0.996985
    434   1      5   7   2    24    25.188   17531.498    16904.9    13032.2    944.365  25.188   0.000   0.000  1.160613  0.093758  0.021236  0.996947
    435   1      7   5   2    24    25.188   17531.498    11862.1     9144.7    662.659  25.188   0.000   0.000  1.160613  0.093758  0.021236  0.996947
    436   1      6   6   2    24    25.607   17760.680    21213.1    11026.7   1441.699  25.607   0.000   0.000  1.175785  0.092391  0.020464  0.996907
    437   1      3   8   1    24    26.046   17999.088     3484.1     3161.3     83.809  26.046   0.000   0.000  1.191568  0.091007  0.019713  0.996866
    438   1      4   7   3    24    26.046   17999.088     4398.8     3991.2    105.811  26.046   0.000   0.000  1.191568  0.091007  0.019713  0.996866
    439   1      5   7   0    12    26.046   17999.088     2701.3     2451.0     64.978  26.046   0.000   0.000  1.191568  0.091007  0.019713  0.996866
    440   1      7   4   3    24    26.046   17999.088    55654.6    50498.2   1338.758  26.046   0.000   0.000  1.191568  0.091007  0.019713  0.996866
    441   1      7   5   0    12    26.046   17999.088     2493.9     2262.9     59.991  26.046   0.000   0.000  1.191568  0.091007  0.019713  0.996866
    442   1      8   3   1    24    26.046   17999.088     3535.1     3207.5     85.035  26.046   0.000   0.000  1.191568  0.091007  0.019713  0.996866
    443   1      6   6   0    12    26.507   18247.361    22718.1    18161.3   1057.141  26.507   0.000   0.000  1.208004  0.089604  0.018981  0.996822
    444   1      8   2   2    24    26.507   18247.361     8063.9     6446.5    375.240  26.507   0.000   0.000  1.208004  0.089604  0.018981  0.996822
    445   1      5   6   3    24    26.992   18506.205    12937.5    11650.9    226.447  26.992   0.000   0.000  1.225140  0.088181  0.018269  0.996777
    446   1      6   5   3    24    26.992   18506.205    84057.8    75698.5   1471.283  26.992   0.000   0.000  1.225140  0.088181  0.018269  0.996777
    447   1      2   8   0    12    27.502   18776.381    17337.8    17399.1    284.472  27.502   0.000   0.000  1.243026  0.086737  0.017578  0.996730
    448   1      6   4   4    24    27.502   18776.381    23399.6    23482.4    383.931  27.502   0.000   0.000  1.243026  0.086737  0.017578  0.996730
    449   1      8   2   0    12    27.502   18776.381    67690.4    67930.0   1110.639  27.502   0.000   0.000  1.243026  0.086737  0.017578  0.996730
    450   1      4   7   1    24    28.040   19058.750     3824.4     2485.9    254.686  28.040   0.000   0.000  1.261719  0.085273  0.016906  0.996681
    451   1      5   5   4    24    28.040   19058.750     3839.5     2495.7    255.690  28.040   0.000   0.000  1.261719  0.085273  0.016906  0.996681
    452   1      7   4   1    24    28.040   19058.750     7551.6     4908.6    502.903  28.040   0.000   0.000  1.261719  0.085273  0.016906  0.996681
    453   1      8   1   1    24    28.040   19058.750     4130.5     2684.9    275.076  28.040   0.000   0.000  1.261719  0.085273  0.016906  0.996681
    454   1      8   0   0     6    28.609   19354.252    31537.0    21011.0   1277.949  28.609   0.000   0.000  1.281282  0.083786  0.016255  0.996630
    455   1      3   7   2    24    29.210   19663.938   117890.9   117452.0    805.200  29.210   0.000   0.000  1.301784  0.082275  0.015623  0.996576
    456   1      5   6   1    24    29.210   19663.938    49657.6    49472.7    339.164  29.210   0.000   0.000  1.301784  0.082275  0.015623  0.996576
    457   1      6   5   1    24    29.210   19663.938   169086.7   168457.3   1154.870  29.210   0.000   0.000  1.301784  0.082275  0.015623  0.996576
    458   1      7   3   2    24    29.210   19663.938    64114.9    63876.3    437.908  29.210   0.000   0.000  1.301784  0.082275  0.015623  0.996576
    459   1      3   7   0    12    30.527   20330.701     2677.3       92.5    219.444  30.527   0.000   0.000  1.345924  0.079179  0.014420  0.996460
    460   1      7   3   0    12    30.527   20330.701    11313.6      391.0    927.312  30.527   0.000   0.000  1.345924  0.079179  0.014420  0.996460
    461   1      4   6   2    24    31.249   20690.564    33889.2    32656.9    491.948  31.249   0.000   0.000  1.369748  0.077591  0.013849  0.996398
    462   1      6   4   2    24    31.249   20690.564    64292.7    61954.9    933.297  31.249   0.000   0.000  1.369748  0.077591  0.013849  0.996398
    463   1      2   7   1    24    32.021   21070.240    78399.0    76635.5    521.578  32.021   0.000   0.000  1.394883  0.075974  0.013298  0.996332
    464   1      5   5   2    24    32.021   21070.240    31514.5    30805.6    209.662  32.021   0.000   0.000  1.394883  0.075974  0.013298  0.996332
    465   1      6   3   3    24    32.021   21070.240     3902.6     3814.8     25.963  32.021   0.000   0.000  1.394883  0.075974  0.013298  0.996332
    466   1      7   2   1    24    32.021   21070.240   157362.2   153822.6   1046.910  32.021   0.000   0.000  1.394883  0.075974  0.013298  0.996332
    467   1      4   6   0    12    32.847   21471.613   106580.4   115079.5   1134.575  32.847   0.000   0.000  1.421455  0.074327  0.012767  0.996262
    468   1      6   4   0    12    32.847   21471.613    33935.4    36641.5    361.250  32.847   0.000   0.000  1.421455  0.074327  0.012767  0.996262
    469   1      1   7   0    12    33.733   21896.834     1357.8     1270.0     11.010  33.733   0.000   0.000  1.449605  0.072649  0.012255  0.996188
    470   1      4   5   3    24    33.733   21896.834     1264.5     1182.7     10.254  33.733   0.000   0.000  1.449605  0.072649  0.012255  0.996188
    471   1      5   4   3    24    33.733   21896.834   166066.9   155328.4   1346.611  33.733   0.000   0.000  1.449605  0.072649  0.012255  0.996188
    472   1      5   5   0    12    33.733   21896.834     4188.9     3918.0     33.967  33.733   0.000   0.000  1.449605  0.072649  0.012255  0.996188
    473   1      7   1   0    12    33.733   21896.834    15884.2    14857.0    128.802  33.733   0.000   0.000  1.449605  0.072649  0.012255  0.996188
    474   1      4   4   4     8    34.688   22348.365    71150.7    64164.4   1215.836  34.688   0.000   0.000  1.479497  0.070936  0.011764  0.996110
    475   1      3   6   1    24    35.720   22829.027   128919.8   123859.1   1027.928  35.720   0.000   0.000  1.511318  0.069187  0.011293  0.996026
    476   1      6   3   1    24    35.720   22829.027    52349.9    50294.9    417.406  35.720   0.000   0.000  1.511318  0.069187  0.011293  0.996026
    477   1      6   2   2    24    36.839   23342.104   145363.5   152587.6   1372.983  36.839   0.000   0.000  1.545284  0.067399  0.010842  0.995937
    478   1      4   5   1    24    38.057   23891.406    99593.0    92317.2    923.423  38.057   0.000   0.000  1.581649  0.065571  0.010411  0.995842
    479   1      5   4   1    24    38.057   23891.406    43749.6    40553.5    405.645  38.057   0.000   0.000  1.581649  0.065571  0.010411  0.995842
    480   1      2   6   0    12    39.388   24481.406      335.5      279.4      9.926  39.388   0.000   0.000  1.620708  0.063699  0.010000  0.995739

   No.  Code     H   K   L  Mult     Hw     2theta/TOF      Icalc       Iobs      Sigma    HwG     HwL     ETA     d-hkl  TOF_alpha  TOF_beta     CORR

    481   1      6   2   0    12    39.388   24481.406    35435.5    29513.7   1048.443  39.388   0.000   0.000  1.620708  0.063699  0.010000  0.995739
    482   1      3   5   2    24    40.851   25117.393   238705.1   246155.3    716.997  40.851   0.000   0.000  1.662811  0.061779  0.009609  0.995629
    483   1      5   3   2    24    40.851   25117.393   181198.8   186854.1    544.266  40.851   0.000   0.000  1.662811  0.061779  0.009609  0.995629
    484   1      6   1   1    24    40.851   25117.393   251937.3   259800.5    756.743  40.851   0.000   0.000  1.662811  0.061779  0.009609  0.995629
    485   1      4   4   2    24    42.467   25805.670   158157.7   148876.8   1088.961  42.467   0.000   0.000  1.708376  0.059807  0.009239  0.995509
    486   1      6   0   0     6    42.467   25805.670    41702.4    39255.2    287.133  42.467   0.000   0.000  1.708376  0.059807  0.009239  0.995509
    487   1      3   5   0    12    44.262   26553.814      747.2      567.7      9.781  44.262   0.000   0.000  1.757904  0.057781  0.008888  0.995380
    488   1      4   3   3    24    44.262   26553.814    22981.3    17459.0    300.815  44.262   0.000   0.000  1.757904  0.057781  0.008888  0.995380
    489   1      5   3   0    12    44.262   26553.814    65638.2    49865.5    859.171  44.262   0.000   0.000  1.757904  0.057781  0.008888  0.995380
    490   1      4   4   0    12    46.270   27371.047   757456.4   767272.0   2003.455  46.270   0.000   0.000  1.812006  0.055693  0.008557  0.995238
    491   1      2   5   1    24    48.531   28268.693   764113.7   855260.8   1831.436  48.531   0.000   0.000  1.871432  0.053540  0.008246  0.995082
    492   1      5   2   1    24    48.531   28268.693   339122.1   379574.2    812.812  48.531   0.000   0.000  1.871432  0.053540  0.008246  0.995082
    493   1      1   5   0    12    54.048   30365.449    88822.8    88910.0    152.188  54.048   0.000   0.000  2.010241  0.049005  0.007685  0.994718
    494   1      3   4   1    24    54.048   30365.449   931723.0   932637.9   1596.401  54.048   0.000   0.000  2.010241  0.049005  0.007685  0.994718
    495   1      4   3   1    24    54.048   30365.449   441580.8   442014.4    756.598  54.048   0.000   0.000  2.010241  0.049005  0.007685  0.994718
    496   1      5   1   0    12    54.048   30365.449    16930.8    16947.5     29.009  54.048   0.000   0.000  2.010241  0.049005  0.007685  0.994718
    497   1      4   2   2    24    57.467   31605.357    41095.6    24151.2   1232.544  57.467   0.000   0.000  2.092324  0.046607  0.007434  0.994503
    498   1      3   3   2    24    61.485   33010.723  2028874.5  2079716.4   2919.828  61.485   0.000   0.000  2.185362  0.044107  0.007204  0.994260
    499   1      2   4   0    12    66.280   34621.941   473435.6   479800.2   1172.606  66.280   0.000   0.000  2.292027  0.041490  0.006993  0.993980
    500   1      4   2   0    12    66.280   34621.941   442964.0   448919.0   1097.134  66.280   0.000   0.000  2.292027  0.041490  0.006993  0.993980
    501   1      3   3   0    12    72.109   36494.723     9728.9     9678.4     29.917  72.109   0.000   0.000  2.416008  0.038738  0.006803  0.993656
    502   1      4   1   1    24    72.109   36494.723   727335.6   723560.2   2236.573  72.109   0.000   0.000  2.416008  0.038738  0.006803  0.993656
    503   1      4   0   0     6    79.358   38708.504   371748.9   367183.3   2027.961  79.358   0.001   0.000  2.562564  0.035829  0.006632  0.993272
    504   1      2   3   1    24    88.632   41381.129   175853.8   177941.4    747.636  88.632   0.001   0.000  2.739496  0.032732  0.006482  0.992810
    505   1      3   2   1    24    88.632   41381.129   368917.3   373296.7   1568.439  88.632   0.001   0.000  2.739496  0.032732  0.006482  0.992810
    506   1      2   2   2     8   100.940   44696.730   389641.3   358043.1   2260.485 100.939   0.001   0.000  2.958994  0.029404  0.006352  0.992236
    507   1      1   3   0    12   118.096   48962.812    30841.2    29968.2    252.442 118.096   0.001   0.000  3.241415  0.025786  0.006242  0.991498
    508   1      3   1   0    12   118.096   48962.812   253118.4   245953.8   2071.827 118.096   0.001   0.000  3.241415  0.025786  0.006242  0.991498
    509   1      2   2   0    12   143.732   54742.094  2130757.8  2128325.5   4711.889 143.732   0.001   0.000  3.624013  0.021783  0.006151  0.990500
    510   1      2   1   1    24   186.314   63210.715  1649460.5  1658346.9   5637.017 186.314   0.001   0.000  4.184649  0.017240  0.006081  0.989039
    511   1      2   0   0     6   271.242   77417.008  1772275.4  1807805.4   9078.768 271.242   0.001   0.000  5.125128  0.011851  0.006031  0.986594
    512   1      1   1   0    12   525.511  109484.188   788819.1   806570.2  32007.631 525.511   0.001   0.000  7.248025  0.004828  0.006001  0.981097

     -----------------------------------------------------
     BRAGG R-Factors and weight fractions for Pattern #  3
     -----------------------------------------------------

 => Phase:  1     Y5Al3O12 Nuclear
 => Bragg R-factor:   10.2       Vol: 1076.971( 0.000)  Fract(%):  100.00( 2.91)
 => Rf-factor=  33.0             ATZ:        1944.635   Brindley:  1.0000

 --------------------------------------------------------------------------------------------------------------------------------------------------------
 Pattern#  4 Phase No.:   1 Phase name: Y5Al3O12 Nuclear
 --------------------------------------------------------------------------------------------------------------------------------------------------------

   No.  Code     H   K   L  Mult     Hw     2theta/TOF      Icalc       Iobs      Sigma    HwG     HwL     ETA     d-hkl  TOF_alpha  TOF_beta     CORR

      1   1      6  14   0    12    14.793    6992.012       54.9      105.1     44.122  14.185   1.134   0.102  0.672962  0.076009  0.412175  1.004507
      2   1     14   6   0    12    14.793    6992.012        9.7       18.6      7.818  14.185   1.134   0.102  0.672962  0.076009  0.412175  1.004507
      3   1      2  15   1    24    14.865    7022.346     1341.4     1501.8    450.453  14.255   1.139   0.102  0.675882  0.075856  0.405191  1.004526
      4   1      5  14   3    24    14.865    7022.346      941.0     1053.6    315.999  14.255   1.139   0.102  0.675882  0.075856  0.405191  1.004526
      5   1      6  13   5    24    14.865    7022.346      624.9      699.7    209.853  14.255   1.139   0.102  0.675882  0.075856  0.405191  1.004526
      6   1      9  10   7    24    14.865    7022.346     1947.4     2180.3    653.951  14.255   1.139   0.102  0.675882  0.075856  0.405191  1.004526
      7   1     10   9   7    24    14.865    7022.346       17.6       19.7      5.901  14.255   1.139   0.102  0.675882  0.075856  0.405191  1.004526
      8   1     10  11   3    24    14.865    7022.346      236.6      264.9     79.464  14.255   1.139   0.102  0.675882  0.075856  0.405191  1.004526
      9   1     11  10   3    24    14.865    7022.346     1372.6     1536.8    460.939  14.255   1.139   0.102  0.675882  0.075856  0.405191  1.004526
     10   1     13   6   5    24    14.865    7022.346     2837.2     3176.6    952.751  14.255   1.139   0.102  0.675882  0.075856  0.405191  1.004526
     11   1     14   5   3    24    14.865    7022.346      826.9      925.8    277.668  14.255   1.139   0.102  0.675882  0.075856  0.405191  1.004526
     12   1     15   2   1    24    14.865    7022.346      311.7      349.0    104.669  14.255   1.139   0.102  0.675882  0.075856  0.405191  1.004526
     13   1     10   8   8    24    14.938    7053.079     1642.1     1331.0    750.809  14.326   1.144   0.102  0.678840  0.075702  0.398267  1.004546
     14   1     14   4   4    24    14.938    7053.079     2586.7     2096.7   1182.714  14.326   1.144   0.102  0.678840  0.075702  0.398267  1.004546
     15   1      1  15   0    12    15.013    7084.218        0.3        1.3      0.444  14.397   1.149   0.102  0.681837  0.075548  0.391403  1.004566
     16   1      9   9   8    24    15.013    7084.218      302.6     1350.0    453.447  14.397   1.149   0.102  0.681837  0.075548  0.391403  1.004566
     17   1      9  12   1    24    15.013    7084.218      433.2     1932.8    649.208  14.397   1.149   0.102  0.681837  0.075548  0.391403  1.004566
     18   1     12   9   1    24    15.013    7084.218     1014.5     4526.5   1520.400  14.397   1.149   0.102  0.681837  0.075548  0.391403  1.004566
     19   1     15   1   0    12    15.013    7084.218       49.0      218.6     73.436  14.397   1.149   0.102  0.681837  0.075548  0.391403  1.004566
     20   1      8  12   4    24    15.088    7115.774       28.4      122.1     49.746  14.470   1.155   0.102  0.684874  0.075392  0.384600  1.004587
     21   1     12   8   4    24    15.088    7115.774       22.9       98.6     40.188  14.470   1.155   0.102  0.684874  0.075392  0.384600  1.004587
     22   1      5  14   1    24    15.165    7147.754      998.2     1893.0    415.249  14.544   1.160   0.102  0.687952  0.075236  0.377857  1.004607
     23   1      7  13   2    24    15.165    7147.754       37.0       70.2     15.397  14.544   1.160   0.102  0.687952  0.075236  0.377857  1.004607
     24   1     10  11   1    24    15.165    7147.754     7272.1    13791.4   3025.251  14.544   1.160   0.102  0.687952  0.075236  0.377857  1.004607
     25   1     11  10   1    24    15.165    7147.754     1385.0     2626.6    576.174  14.544   1.160   0.102  0.687952  0.075236  0.377857  1.004607
     26   1     13   7   2    24    15.165    7147.754     1199.5     2274.8    498.993  14.544   1.160   0.102  0.687952  0.075236  0.377857  1.004607
     27   1     14   5   1    24    15.165    7147.754      136.2      258.4     56.672  14.544   1.160   0.102  0.687952  0.075236  0.377857  1.004607
     28   1      7  12   5    24    15.321    7213.033      595.3      986.6    284.557  14.695   1.170   0.102  0.694235  0.074922  0.364554  1.004649
     29   1      7  13   0    12    15.321    7213.033        7.2       11.9      3.442  14.695   1.170   0.102  0.694235  0.074922  0.364554  1.004649
     30   1      9  11   4    24    15.321    7213.033     1529.0     2534.2    730.936  14.695   1.170   0.102  0.694235  0.074922  0.364554  1.004649
     31   1     11   9   4    24    15.321    7213.033     3110.6     5155.5   1487.013  14.695   1.170   0.102  0.694235  0.074922  0.364554  1.004649
     32   1     12   7   5    24    15.321    7213.033     2405.0     3986.0   1149.709  14.695   1.170   0.102  0.694235  0.074922  0.364554  1.004649
     33   1     13   7   0    12    15.321    7213.033       47.3       78.3     22.592  14.695   1.170   0.102  0.694235  0.074922  0.364554  1.004649
     34   1      4  14   2    24    15.402    7246.349       50.8       76.1     31.700  14.772   1.176   0.102  0.697442  0.074764  0.357993  1.004671
     35   1     10  10   4    24    15.402    7246.349     1993.2     2986.9   1244.111  14.772   1.176   0.102  0.697442  0.074764  0.357993  1.004671
     36   1     12   6   6    24    15.402    7246.349      566.9      849.6    353.862  14.772   1.176   0.102  0.697442  0.074764  0.357993  1.004671
     37   1     14   4   2    24    15.402    7246.349      486.0      728.3    303.341  14.772   1.176   0.102  0.697442  0.074764  0.357993  1.004671
     38   1      6  13   3    24    15.483    7280.132      470.7      882.1    364.485  14.851   1.181   0.101  0.700693  0.074606  0.351492  1.004693
     39   1     13   6   3    24    15.483    7280.132      738.7     1384.3    571.978  14.851   1.181   0.101  0.700693  0.074606  0.351492  1.004693
     40   1     14   3   3    24    15.483    7280.132     1907.0     3573.7   1476.601  14.851   1.181   0.101  0.700693  0.074606  0.351492  1.004693
     41   1      4  14   0    12    15.566    7314.392     2741.0     5950.0   1927.178  14.930   1.187   0.101  0.703990  0.074446  0.345052  1.004715
     42   1      8  12   2    24    15.566    7314.392      207.3      449.9    145.731  14.930   1.187   0.101  0.703990  0.074446  0.345052  1.004715
     43   1     12   8   2    24    15.566    7314.392     1038.2     2253.6    729.924  14.930   1.187   0.101  0.703990  0.074446  0.345052  1.004715
     44   1     14   4   0    12    15.566    7314.392      288.9      627.1    203.100  14.930   1.187   0.101  0.703990  0.074446  0.345052  1.004715
     45   1      5  13   4    24    15.650    7349.140     1113.3     4664.2   1773.868  15.011   1.192   0.101  0.707335  0.074286  0.338672  1.004737
     46   1      8  11   5    24    15.650    7349.140      412.3     1727.5    656.982  15.011   1.192   0.101  0.707335  0.074286  0.338672  1.004737
     47   1     11   8   5    24    15.650    7349.140      108.8      456.0    173.414  15.011   1.192   0.101  0.707335  0.074286  0.338672  1.004737
     48   1     13   5   4    24    15.650    7349.140      191.2      800.9    304.606  15.011   1.192   0.101  0.707335  0.074286  0.338672  1.004737
     49   1      8  12   0    12    15.735    7384.388      304.5     1044.1    424.252  15.094   1.198   0.101  0.710727  0.074125  0.332353  1.004760
     50   1     12   8   0    12    15.735    7384.388       50.8      174.4     70.847  15.094   1.198   0.101  0.710727  0.074125  0.332353  1.004760
     51   1      3  14   1    24    15.822    7420.147     2898.0     4244.8    883.448  15.177   1.204   0.101  0.714169  0.073963  0.326094  1.004783
     52   1      6  13   1    24    15.822    7420.147     2571.6     3766.8    783.952  15.177   1.204   0.101  0.714169  0.073963  0.326094  1.004783
     53   1      7  11   6    24    15.822    7420.147      968.6     1418.8    295.291  15.177   1.204   0.101  0.714169  0.073963  0.326094  1.004783
     54   1      9  10   5    24    15.822    7420.147     1560.4     2285.7    475.696  15.177   1.204   0.101  0.714169  0.073963  0.326094  1.004783
     55   1      9  11   2    24    15.822    7420.147       17.1       25.0      5.201  15.177   1.204   0.101  0.714169  0.073963  0.326094  1.004783
     56   1     10   9   5    24    15.822    7420.147     2920.1     4277.3    890.199  15.177   1.204   0.101  0.714169  0.073963  0.326094  1.004783
     57   1     11   7   6    24    15.822    7420.147       64.4       94.4     19.646  15.177   1.204   0.101  0.714169  0.073963  0.326094  1.004783
     58   1     11   9   2    24    15.822    7420.147      587.6      860.8    179.145  15.177   1.204   0.101  0.714169  0.073963  0.326094  1.004783
     59   1     13   6   1    24    15.822    7420.147      290.5      425.6     88.570  15.177   1.204   0.101  0.714169  0.073963  0.326094  1.004783
     60   1     14   3   1    24    15.822    7420.147     1134.5     1661.7    345.841  15.177   1.204   0.101  0.714169  0.073963  0.326094  1.004783

   No.  Code     H   K   L  Mult     Hw     2theta/TOF      Icalc       Iobs      Sigma    HwG     HwL     ETA     d-hkl  TOF_alpha  TOF_beta     CORR

     61   1     10  10   2    24    15.910    7456.432      140.0      405.3    107.676  15.262   1.210   0.101  0.717661  0.073800  0.319895  1.004807
     62   1     14   2   2    24    15.910    7456.432     3416.4     9891.9   2627.858  15.262   1.210   0.101  0.717661  0.073800  0.319895  1.004807
     63   1      7  12   3    24    16.000    7493.255     1535.7     3909.5   1009.048  15.349   1.216   0.101  0.721206  0.073637  0.313757  1.004830
     64   1      9  11   0    12    16.000    7493.255      720.3     1833.6    473.259  15.349   1.216   0.101  0.721206  0.073637  0.313757  1.004830
     65   1     11   9   0    12    16.000    7493.255      674.1     1716.2    442.952  15.349   1.216   0.101  0.721206  0.073637  0.313757  1.004830
     66   1     12   7   3    24    16.000    7493.255     1759.3     4478.6   1155.949  15.349   1.216   0.101  0.721206  0.073637  0.313757  1.004830
     67   1      2  14   0    12    16.091    7530.626        8.5       16.3      4.415  15.437   1.222   0.101  0.724802  0.073473  0.307680  1.004855
     68   1      8  10   6    24    16.091    7530.626      160.8      306.3     83.092  15.437   1.222   0.101  0.724802  0.073473  0.307680  1.004855
     69   1     10   8   6    24    16.091    7530.626     2945.4     5608.9   1521.732  15.437   1.222   0.101  0.724802  0.073473  0.307680  1.004855
     70   1     10  10   0    12    16.091    7530.626        0.6        1.1      0.304  15.437   1.222   0.101  0.724802  0.073473  0.307680  1.004855
     71   1     14   2   0    12    16.091    7530.626     2786.4     5306.2   1439.589  15.437   1.222   0.101  0.724802  0.073473  0.307680  1.004855
     72   1      5  13   2    24    16.183    7568.565      637.7      878.1    204.307  15.526   1.228   0.101  0.728454  0.073308  0.301663  1.004879
     73   1      9   9   6    24    16.183    7568.565     3513.8     4838.0   1125.700  15.526   1.228   0.101  0.728454  0.073308  0.301663  1.004879
     74   1     10   7   7    24    16.183    7568.565     1247.9     1718.2    399.793  15.526   1.228   0.101  0.728454  0.073308  0.301663  1.004879
     75   1     13   5   2    24    16.183    7568.565     4758.0     6551.0   1524.290  15.526   1.228   0.101  0.728454  0.073308  0.301663  1.004879
     76   1     14   1   1    24    16.183    7568.565      345.2      475.3    110.587  15.526   1.228   0.101  0.728454  0.073308  0.301663  1.004879
     77   1      6  12   4    24    16.278    7607.083     1838.6     4121.2   1130.514  15.617   1.234   0.101  0.732161  0.073142  0.295707  1.004904
     78   1     12   6   4    24    16.278    7607.083     1130.7     2534.4    695.221  15.617   1.234   0.101  0.732161  0.073142  0.295707  1.004904
     79   1     14   0   0     6    16.278    7607.083      155.4      348.3     95.533  15.617   1.234   0.101  0.732161  0.073142  0.295707  1.004904
     80   1      4  13   3    24    16.373    7646.193      626.5      577.5     92.954  15.709   1.241   0.101  0.735925  0.072975  0.289811  1.004929
     81   1      5  13   0    12    16.373    7646.193     1408.0     1297.8    208.890  15.709   1.241   0.101  0.735925  0.072975  0.289811  1.004929
     82   1      7  12   1    24    16.373    7646.193      401.0      369.6     59.487  15.709   1.241   0.101  0.735925  0.072975  0.289811  1.004929
     83   1      8   9   7    24    16.373    7646.193     1321.8     1218.4    196.102  15.709   1.241   0.101  0.735925  0.072975  0.289811  1.004929
     84   1      8  11   3    24    16.373    7646.193     2587.5     2385.0    383.878  15.709   1.241   0.101  0.735925  0.072975  0.289811  1.004929
     85   1      9   8   7    24    16.373    7646.193      755.4      696.3    112.070  15.709   1.241   0.101  0.735925  0.072975  0.289811  1.004929
     86   1     11   8   3    24    16.373    7646.193     1479.9     1364.1    219.556  15.709   1.241   0.101  0.735925  0.072975  0.289811  1.004929
     87   1     12   5   5    24    16.373    7646.193     4859.3     4479.2    720.934  15.709   1.241   0.101  0.735925  0.072975  0.289811  1.004929
     88   1     12   7   1    24    16.373    7646.193     7026.3     6476.5   1042.417  15.709   1.241   0.101  0.735925  0.072975  0.289811  1.004929
     89   1     13   4   3    24    16.373    7646.193     1983.8     1828.6    294.314  15.709   1.241   0.101  0.735925  0.072975  0.289811  1.004929
     90   1     13   5   0    12    16.373    7646.193        2.6        2.4      0.392  15.709   1.241   0.101  0.735925  0.072975  0.289811  1.004929
     91   1      8   8   8     8    16.471    7685.915     4366.0     4740.0   1916.494  15.803   1.247   0.101  0.739748  0.072807  0.283975  1.004955
     92   1      9  10   3    24    16.570    7726.260     2050.8     2792.0   1840.841  15.899   1.254   0.101  0.743632  0.072639  0.278200  1.004981
     93   1     10   9   3    24    16.570    7726.260      460.3      626.6    413.163  15.899   1.254   0.101  0.743632  0.072639  0.278200  1.004981
     94   1      4  13   1    24    16.774    7808.896     2010.4     3086.6    710.037  16.096   1.267   0.101  0.751585  0.072299  0.266831  1.005035
     95   1      7  11   4    24    16.774    7808.896      212.7      326.5     75.118  16.096   1.267   0.101  0.751585  0.072299  0.266831  1.005035
     96   1      8  11   1    24    16.774    7808.896     3400.2     5220.4   1200.896  16.096   1.267   0.101  0.751585  0.072299  0.266831  1.005035
     97   1     11   7   4    24    16.774    7808.896      290.8      446.5    102.703  16.096   1.267   0.101  0.751585  0.072299  0.266831  1.005035
     98   1     11   8   1    24    16.774    7808.896      987.7     1516.4    348.824  16.096   1.267   0.101  0.751585  0.072299  0.266831  1.005035
     99   1     13   4   1    24    16.774    7808.896     4639.8     7123.6   1638.694  16.096   1.267   0.101  0.751585  0.072299  0.266831  1.005035
    100   1      6  12   2    24    16.879    7851.221     2558.6     3832.7   1008.880  16.197   1.274   0.100  0.755659  0.072128  0.261238  1.005062
    101   1     12   6   2    24    16.879    7851.221     2097.1     3141.4    826.907  16.197   1.274   0.100  0.755659  0.072128  0.261238  1.005062
    102   1      3  13   2    24    16.986    7894.242     5828.0     6351.1    870.911  16.300   1.281   0.100  0.759799  0.071956  0.255705  1.005090
    103   1      6  11   5    24    16.986    7894.242    15292.4    16664.9   2285.228  16.300   1.281   0.100  0.759799  0.071956  0.255705  1.005090
    104   1      9  10   1    24    16.986    7894.242      243.0      264.8     36.315  16.300   1.281   0.100  0.759799  0.071956  0.255705  1.005090
    105   1     10   9   1    24    16.986    7894.242      428.5      467.0     64.034  16.300   1.281   0.100  0.759799  0.071956  0.255705  1.005090
    106   1     11   6   5    24    16.986    7894.242     4293.5     4678.9    641.606  16.300   1.281   0.100  0.759799  0.071956  0.255705  1.005090
    107   1     13   3   2    24    16.986    7894.242     2308.8     2516.0    345.013  16.300   1.281   0.100  0.759799  0.071956  0.255705  1.005090
    108   1      6  12   0    12    17.094    7937.978     1095.6     1427.5    184.094  16.405   1.288   0.100  0.764009  0.071783  0.250232  1.005118
    109   1      8  10   4    24    17.094    7937.978     8554.9    11146.8   1437.542  16.405   1.288   0.100  0.764009  0.071783  0.250232  1.005118
    110   1     10   8   4    24    17.094    7937.978     9168.5    11946.3   1540.646  16.405   1.288   0.100  0.764009  0.071783  0.250232  1.005118
    111   1     12   6   0    12    17.094    7937.978     5132.4     6687.3    862.425  16.405   1.288   0.100  0.764009  0.071783  0.250232  1.005118
    112   1      3  13   0    12    17.205    7982.449     1844.1     2759.0    503.030  16.512   1.295   0.100  0.768289  0.071609  0.244820  1.005147
    113   1      5  12   3    24    17.205    7982.449      752.9     1126.4    205.372  16.512   1.295   0.100  0.768289  0.071609  0.244820  1.005147
    114   1      9   9   4    24    17.205    7982.449     4446.8     6652.9   1212.978  16.512   1.295   0.100  0.768289  0.071609  0.244820  1.005147
    115   1     12   5   3    24    17.205    7982.449     4625.8     6920.7   1261.792  16.512   1.295   0.100  0.768289  0.071609  0.244820  1.005147
    116   1     13   3   0    12    17.205    7982.449       26.7       40.0      7.292  16.512   1.295   0.100  0.768289  0.071609  0.244820  1.005147
    117   1     12   4   4    24    17.318    8027.675      758.0     2427.5    836.088  16.621   1.303   0.100  0.772642  0.071434  0.239468  1.005176
    118   1      2  13   1    24    17.433    8073.680     4645.6     4649.8    811.829  16.732   1.310   0.100  0.777070  0.071258  0.234177  1.005206
    119   1      7  10   5    24    17.433    8073.680     2809.6     2812.1    490.981  16.732   1.310   0.100  0.777070  0.071258  0.234177  1.005206
    120   1      7  11   2    24    17.433    8073.680     5035.4     5039.9    879.943  16.732   1.310   0.100  0.777070  0.071258  0.234177  1.005206

   No.  Code     H   K   L  Mult     Hw     2theta/TOF      Icalc       Iobs      Sigma    HwG     HwL     ETA     d-hkl  TOF_alpha  TOF_beta     CORR

    121   1     10   7   5    24    17.433    8073.680     5743.3     5748.5   1003.653  16.732   1.310   0.100  0.777070  0.071258  0.234177  1.005206
    122   1     11   7   2    24    17.433    8073.680     3778.0     3781.4    660.217  16.732   1.310   0.100  0.777070  0.071258  0.234177  1.005206
    123   1     13   2   1    24    17.433    8073.680     3628.9     3632.2    634.157  16.732   1.310   0.100  0.777070  0.071258  0.234177  1.005206
    124   1     10   6   6    24    17.550    8120.484      652.7     2155.4    749.540  16.845   1.318   0.100  0.781575  0.071081  0.228946  1.005236
    125   1      1  13   0    12    17.670    8168.112        3.7        5.1      0.794  16.961   1.325   0.100  0.786159  0.070903  0.223776  1.005267
    126   1      5  12   1    24    17.670    8168.112     1288.6     1788.0    279.286  16.961   1.325   0.100  0.786159  0.070903  0.223776  1.005267
    127   1      7  11   0    12    17.670    8168.112     2371.5     3290.6    513.999  16.961   1.325   0.100  0.786159  0.070903  0.223776  1.005267
    128   1      8   9   5    24    17.670    8168.112     2941.3     4081.3    637.504  16.961   1.325   0.100  0.786159  0.070903  0.223776  1.005267
    129   1      9   8   5    24    17.670    8168.112     2780.9     3858.6    602.723  16.961   1.325   0.100  0.786159  0.070903  0.223776  1.005267
    130   1     11   7   0    12    17.670    8168.112     1678.0     2328.3    363.681  16.961   1.325   0.100  0.786159  0.070903  0.223776  1.005267
    131   1     12   5   1    24    17.670    8168.112     5270.9     7313.7   1142.414  16.961   1.325   0.100  0.786159  0.070903  0.223776  1.005267
    132   1     13   1   0    12    17.670    8168.112        1.8        2.5      0.394  16.961   1.325   0.100  0.786159  0.070903  0.223776  1.005267
    133   1      8  10   2    24    17.792    8216.588     2172.6     5548.9   1279.472  17.079   1.333   0.100  0.790824  0.070724  0.218666  1.005298
    134   1     10   8   2    24    17.792    8216.588     2973.2     7593.7   1750.969  17.079   1.333   0.100  0.790824  0.070724  0.218666  1.005298
    135   1      6  11   3    24    17.917    8265.938      556.1      887.5    217.533  17.199   1.341   0.100  0.795574  0.070543  0.213616  1.005330
    136   1      7   9   6    24    17.917    8265.938      422.2      673.8    165.152  17.199   1.341   0.100  0.795574  0.070543  0.213616  1.005330
    137   1      9   7   6    24    17.917    8265.938     2718.8     4339.0   1063.457  17.199   1.341   0.100  0.795574  0.070543  0.213616  1.005330
    138   1      9   9   2    24    17.917    8265.938     1448.8     2312.2    566.701  17.199   1.341   0.100  0.795574  0.070543  0.213616  1.005330
    139   1     11   6   3    24    17.917    8265.938     1730.0     2761.0    676.708  17.199   1.341   0.100  0.795574  0.070543  0.213616  1.005330
    140   1      4  12   2    24    18.044    8316.188    10113.2    15405.4   2260.616  17.322   1.349   0.100  0.800411  0.070362  0.208628  1.005363
    141   1      8   8   6    24    18.044    8316.188     1403.1     2137.3    313.634  17.322   1.349   0.100  0.800411  0.070362  0.208628  1.005363
    142   1      8  10   0    12    18.044    8316.188      448.7      683.5    100.297  17.322   1.349   0.100  0.800411  0.070362  0.208628  1.005363
    143   1     10   8   0    12    18.044    8316.188     3822.3     5822.6    854.410  17.322   1.349   0.100  0.800411  0.070362  0.208628  1.005363
    144   1     12   4   2    24    18.044    8316.188     2844.6     4333.2    635.856  17.322   1.349   0.100  0.800411  0.070362  0.208628  1.005363
    145   1      5  11   4    24    18.174    8367.363     5327.4     8229.8   1748.152  17.447   1.358   0.099  0.805336  0.070180  0.203699  1.005396
    146   1      8   7   7    24    18.174    8367.363      417.2      644.5    136.907  17.447   1.358   0.099  0.805336  0.070180  0.203699  1.005396
    147   1      9   9   0    12    18.174    8367.363       98.0      151.4     32.170  17.447   1.358   0.099  0.805336  0.070180  0.203699  1.005396
    148   1     11   5   4    24    18.174    8367.363     1029.4     1590.2    337.789  17.447   1.358   0.099  0.805336  0.070180  0.203699  1.005396
    149   1     12   3   3    24    18.174    8367.363     2326.5     3594.0    763.423  17.447   1.358   0.099  0.805336  0.070180  0.203699  1.005396
    150   1      4  12   0    12    18.306    8419.497     2178.7     6329.7   1296.630  17.575   1.366   0.099  0.810354  0.069996  0.198831  1.005429
    151   1     12   4   0    12    18.306    8419.497     3203.7     9307.6   1906.632  17.575   1.366   0.099  0.810354  0.069996  0.198831  1.005429
    152   1      6  11   1    24    18.442    8472.617    12742.0    18193.9   2616.688  17.706   1.375   0.099  0.815467  0.069812  0.194024  1.005464
    153   1      7  10   3    24    18.442    8472.617      986.7     1408.9    202.631  17.706   1.375   0.099  0.815467  0.069812  0.194024  1.005464
    154   1     10   7   3    24    18.442    8472.617     2131.3     3043.3    437.689  17.706   1.375   0.099  0.815467  0.069812  0.194024  1.005464
    155   1     11   6   1    24    18.442    8472.617     1047.7     1495.9    215.150  17.706   1.375   0.099  0.815467  0.069812  0.194024  1.005464
    156   1      3  12   1    24    18.722    8581.945       77.6      197.0     41.163  17.977   1.392   0.099  0.825989  0.069439  0.184590  1.005534
    157   1      8   9   3    24    18.722    8581.945      186.0      472.1     98.645  17.977   1.392   0.099  0.825989  0.069439  0.184590  1.005534
    158   1      9   8   3    24    18.722    8581.945     1529.2     3880.6    810.804  17.977   1.392   0.099  0.825989  0.069439  0.184590  1.005534
    159   1     12   3   1    24    18.722    8581.945     4428.9    11239.3   2348.329  17.977   1.392   0.099  0.825989  0.069439  0.184590  1.005534
    160   1      6  10   4    24    18.867    8638.222     1346.4     3346.5    733.111  18.116   1.402   0.099  0.831405  0.069251  0.179964  1.005571
    161   1     10   6   4    24    18.867    8638.222     3583.9     8907.3   1951.328  18.116   1.402   0.099  0.831405  0.069251  0.179964  1.005571
    162   1     12   2   2    24    18.867    8638.222     1027.9     2554.7    559.664  18.116   1.402   0.099  0.831405  0.069251  0.179964  1.005571
    163   1      5  11   2    24    19.015    8695.619     3618.3     3956.2    505.429  18.259   1.411   0.099  0.836930  0.069061  0.175398  1.005608
    164   1      7  10   1    24    19.015    8695.619     8975.8     9814.1   1253.798  18.259   1.411   0.099  0.836930  0.069061  0.175398  1.005608
    165   1     10   5   5    24    19.015    8695.619     5148.6     5629.4    719.191  18.259   1.411   0.099  0.836930  0.069061  0.175398  1.005608
    166   1     10   7   1    24    19.015    8695.619    10011.8    10946.8   1398.513  18.259   1.411   0.099  0.836930  0.069061  0.175398  1.005608
    167   1     11   5   2    24    19.015    8695.619      363.2      397.1     50.728  18.259   1.411   0.099  0.836930  0.069061  0.175398  1.005608
    168   1      2  12   0    12    19.166    8754.176     1068.9     5547.6   1442.589  18.406   1.420   0.099  0.842566  0.068870  0.170893  1.005646
    169   1     12   2   0    12    19.166    8754.176      496.9     2578.7    670.552  18.406   1.420   0.099  0.842566  0.068870  0.170893  1.005646
    170   1      4  11   3    24    19.321    8813.933      901.1     1172.0    265.362  18.555   1.430   0.099  0.848317  0.068678  0.166449  1.005684
    171   1      5  11   0    12    19.321    8813.933     1471.6     1914.0    433.339  18.555   1.430   0.099  0.848317  0.068678  0.166449  1.005684
    172   1      7   9   4    24    19.321    8813.933     2785.3     3622.7    820.211  18.555   1.430   0.099  0.848317  0.068678  0.166449  1.005684
    173   1      8   9   1    24    19.321    8813.933      468.8      609.8    138.061  18.555   1.430   0.099  0.848317  0.068678  0.166449  1.005684
    174   1      9   7   4    24    19.321    8813.933      435.7      566.7    128.314  18.555   1.430   0.099  0.848317  0.068678  0.166449  1.005684
    175   1      9   8   1    24    19.321    8813.933     1109.8     1443.4    326.807  18.555   1.430   0.099  0.848317  0.068678  0.166449  1.005684
    176   1     11   4   3    24    19.321    8813.933      411.8      535.6    121.261  18.555   1.430   0.099  0.848317  0.068678  0.166449  1.005684
    177   1     11   5   0    12    19.321    8813.933       99.8      129.8     29.387  18.555   1.430   0.099  0.848317  0.068678  0.166449  1.005684
    178   1     12   1   1    24    19.321    8813.933     1656.7     2154.7    487.853  18.555   1.430   0.099  0.848317  0.068678  0.166449  1.005684
    179   1      8   8   4    24    19.480    8874.930    36468.7    35547.9   3892.597  18.709   1.440   0.098  0.854188  0.068485  0.162064  1.005724
    180   1     12   0   0     6    19.480    8874.930     3422.4     3336.0    365.302  18.709   1.440   0.098  0.854188  0.068485  0.162064  1.005724

   No.  Code     H   K   L  Mult     Hw     2theta/TOF      Icalc       Iobs      Sigma    HwG     HwL     ETA     d-hkl  TOF_alpha  TOF_beta     CORR

    181   1      6   9   5    24    19.642    8937.209       47.4      204.6     37.527  18.866   1.450   0.098  0.860182  0.068290  0.157741  1.005764
    182   1      9   6   5    24    19.642    8937.209     3641.6    15702.4   2880.264  18.866   1.450   0.098  0.860182  0.068290  0.157741  1.005764
    183   1      6  10   2    24    19.809    9000.821     2866.8     9756.2   1829.192  19.027   1.460   0.098  0.866305  0.068094  0.153477  1.005805
    184   1     10   6   2    24    19.809    9000.821     2536.9     8633.7   1618.721  19.027   1.460   0.098  0.866305  0.068094  0.153477  1.005805
    185   1      4  11   1    24    19.979    9065.810     1999.1     3740.1    733.341  19.192   1.471   0.098  0.872560  0.067897  0.149275  1.005847
    186   1      7   8   5    24    19.979    9065.810     3040.9     5689.2   1115.515  19.192   1.471   0.098  0.872560  0.067897  0.149275  1.005847
    187   1      8   7   5    24    19.979    9065.810     3100.5     5800.6   1137.370  19.192   1.471   0.098  0.872560  0.067897  0.149275  1.005847
    188   1     11   4   1    24    19.979    9065.810      861.0     1610.9    315.861  19.192   1.471   0.098  0.872560  0.067897  0.149275  1.005847
    189   1      6  10   0    12    20.154    9132.227      342.9      832.7    159.000  19.361   1.482   0.098  0.878952  0.067698  0.145132  1.005890
    190   1      8   6   6    24    20.154    9132.227     4898.8    11894.5   2271.239  19.361   1.482   0.098  0.878952  0.067698  0.145132  1.005890
    191   1     10   6   0    12    20.154    9132.227     2133.5     5180.2    989.143  19.361   1.482   0.098  0.878952  0.067698  0.145132  1.005890
    192   1      3  11   2    24    20.334    9200.125      664.6      810.0    121.046  19.535   1.493   0.098  0.885487  0.067497  0.141051  1.005934
    193   1      5  10   3    24    20.334    9200.125     2728.9     3325.9    497.000  19.535   1.493   0.098  0.885487  0.067497  0.141051  1.005934
    194   1      7   7   6    24    20.334    9200.125     2461.4     2999.9    448.292  19.535   1.493   0.098  0.885487  0.067497  0.141051  1.005934
    195   1      7   9   2    24    20.334    9200.125    10820.0    13187.1   1970.611  19.535   1.493   0.098  0.885487  0.067497  0.141051  1.005934
    196   1      9   7   2    24    20.334    9200.125       34.2       41.6      6.222  19.535   1.493   0.098  0.885487  0.067497  0.141051  1.005934
    197   1     10   5   3    24    20.334    9200.125     2003.4     2441.6    364.864  19.535   1.493   0.098  0.885487  0.067497  0.141051  1.005934
    198   1     11   3   2    24    20.334    9200.125     1548.7     1887.5    282.054  19.535   1.493   0.098  0.885487  0.067497  0.141051  1.005934
    199   1      8   8   2    24    20.518    9269.562     2091.7     5756.9   1661.491  19.713   1.504   0.098  0.892170  0.067296  0.137029  1.005979
    200   1     10   4   4    24    20.518    9269.562     1594.2     4387.7   1266.313  19.713   1.504   0.098  0.892170  0.067296  0.137029  1.005979
    201   1      3  11   0    12    20.707    9340.594      405.2     1051.7    219.155  19.896   1.516   0.097  0.899007  0.067092  0.133068  1.006025
    202   1      7   9   0    12    20.707    9340.594     3799.9     9863.2   2055.268  19.896   1.516   0.097  0.899007  0.067092  0.133068  1.006025
    203   1      9   7   0    12    20.707    9340.594     1735.1     4503.6    938.449  19.896   1.516   0.097  0.899007  0.067092  0.133068  1.006025
    204   1     11   3   0    12    20.707    9340.594     1039.0     2696.9    561.979  19.896   1.516   0.097  0.899007  0.067092  0.133068  1.006025
    205   1      8   8   0    12    20.901    9413.284      483.2     2268.7   1134.636  20.083   1.527   0.097  0.906003  0.066887  0.129168  1.006072
    206   1      2  11   1    24    21.101    9487.698    18483.1    21989.1   2291.611  20.277   1.539   0.097  0.913165  0.066680  0.125328  1.006120
    207   1      5  10   1    24    21.101    9487.698     2182.3     2596.2    270.564  20.277   1.539   0.097  0.913165  0.066680  0.125328  1.006120
    208   1      6   9   3    24    21.101    9487.698     4462.1     5308.5    553.232  20.277   1.539   0.097  0.913165  0.066680  0.125328  1.006120
    209   1      9   6   3    24    21.101    9487.698     6937.5     8253.4    860.139  20.277   1.539   0.097  0.913165  0.066680  0.125328  1.006120
    210   1     10   5   1    24    21.101    9487.698    13540.4    16108.8   1678.793  20.277   1.539   0.097  0.913165  0.066680  0.125328  1.006120
    211   1     11   2   1    24    21.101    9487.698     1887.1     2245.1    233.975  20.277   1.539   0.097  0.913165  0.066680  0.125328  1.006120
    212   1      1  11   0    12    21.517    9641.980     3463.5     4430.1    657.186  20.679   1.564   0.097  0.928015  0.066262  0.117829  1.006220
    213   1      5   9   4    24    21.517    9641.980     2109.5     2698.3    400.274  20.679   1.564   0.097  0.928015  0.066262  0.117829  1.006220
    214   1      7   8   3    24    21.517    9641.980      803.5     1027.8    152.462  20.679   1.564   0.097  0.928015  0.066262  0.117829  1.006220
    215   1      8   7   3    24    21.517    9641.980     5440.9     6959.5   1032.410  20.679   1.564   0.097  0.928015  0.066262  0.117829  1.006220
    216   1      9   5   4    24    21.517    9641.980     9081.8    11616.7   1723.268  20.679   1.564   0.097  0.928015  0.066262  0.117829  1.006220
    217   1     11   1   0    12    21.517    9641.980     2501.6     3199.9    474.684  20.679   1.564   0.097  0.928015  0.066262  0.117829  1.006220
    218   1      4  10   2    24    21.734    9721.998     9956.4     9542.7   2436.885  20.889   1.577   0.097  0.935716  0.066051  0.114171  1.006272
    219   1     10   4   2    24    21.734    9721.998     1160.9     1112.7    284.147  20.889   1.577   0.097  0.935716  0.066051  0.114171  1.006272
    220   1      6   9   1    24    21.957    9804.041    10912.9     8842.8   1461.670  21.106   1.591   0.097  0.943612  0.065837  0.110573  1.006325
    221   1      9   6   1    24    21.957    9804.041     3714.9     3010.2    497.568  21.106   1.591   0.097  0.943612  0.065837  0.110573  1.006325
    222   1     10   3   3    24    21.957    9804.041    11929.8     9666.8   1597.877  21.106   1.591   0.097  0.943612  0.065837  0.110573  1.006325
    223   1      4  10   0    12    22.187    9888.198     5718.3     4930.5    550.054  21.329   1.604   0.096  0.951712  0.065622  0.107035  1.006380
    224   1      6   8   4    24    22.187    9888.198     5792.0     4994.1    557.148  21.329   1.604   0.096  0.951712  0.065622  0.107035  1.006380
    225   1      8   6   4    24    22.187    9888.198     9956.4     8584.7    957.726  21.329   1.604   0.096  0.951712  0.065622  0.107035  1.006380
    226   1     10   4   0    12    22.187    9888.198    13744.1    11850.6   1322.078  21.329   1.604   0.096  0.951712  0.065622  0.107035  1.006380
    227   1      7   7   4    24    22.425    9974.560     1900.8     2384.4    271.765  21.558   1.618   0.096  0.960024  0.065405  0.103558  1.006436
    228   1      7   8   1    24    22.425    9974.560    14685.7    18422.2   2099.702  21.558   1.618   0.096  0.960024  0.065405  0.103558  1.006436
    229   1      8   5   5    24    22.425    9974.560     7509.0     9419.6   1073.610  21.558   1.618   0.096  0.960024  0.065405  0.103558  1.006436
    230   1      8   7   1    24    22.425    9974.560    13111.3    16447.3   1874.609  21.558   1.618   0.096  0.960024  0.065405  0.103558  1.006436
    231   1      3  10   1    24    22.922   10154.296       97.0      113.6     14.250  22.040   1.648   0.096  0.977323  0.064965  0.096785  1.006552
    232   1      5   9   2    24    22.922   10154.296     1627.7     1907.2    239.211  22.040   1.648   0.096  0.977323  0.064965  0.096785  1.006552
    233   1      6   7   5    24    22.922   10154.296    12749.1    14938.1   1873.611  22.040   1.648   0.096  0.977323  0.064965  0.096785  1.006552
    234   1      7   6   5    24    22.922   10154.296      749.4      878.0    110.126  22.040   1.648   0.096  0.977323  0.064965  0.096785  1.006552
    235   1      9   5   2    24    22.922   10154.296     4904.1     5746.2    720.713  22.040   1.648   0.096  0.977323  0.064965  0.096785  1.006552
    236   1     10   3   1    24    22.922   10154.296    11946.3    13997.5   1755.637  22.040   1.648   0.096  0.977323  0.064965  0.096785  1.006552
    237   1      6   6   6     8    23.182   10247.886     7599.3     8695.9   1106.807  22.292   1.663   0.096  0.986331  0.064742  0.093490  1.006613
    238   1     10   2   2    24    23.182   10247.886    18777.6    21487.2   2734.868  22.292   1.663   0.096  0.986331  0.064742  0.093490  1.006613
    239   1      4   9   3    24    23.452   10344.111     1826.3     2284.0    273.258  22.553   1.678   0.095  0.995593  0.064517  0.090254  1.006675
    240   1      5   9   0    12    23.452   10344.111     4022.2     5030.3    601.835  22.553   1.678   0.095  0.995593  0.064517  0.090254  1.006675

   No.  Code     H   K   L  Mult     Hw     2theta/TOF      Icalc       Iobs      Sigma    HwG     HwL     ETA     d-hkl  TOF_alpha  TOF_beta     CORR

    241   1      9   4   3    24    23.452   10344.111    18397.1    23007.9   2752.708  22.553   1.678   0.095  0.995593  0.064517  0.090254  1.006675
    242   1      9   5   0    12    23.452   10344.111     1607.1     2009.8    240.460  22.553   1.678   0.095  0.995593  0.064517  0.090254  1.006675
    243   1      2  10   0    12    23.730   10443.102      170.5      173.3     33.873  22.823   1.694   0.095  1.005120  0.064289  0.087080  1.006739
    244   1      6   8   2    24    23.730   10443.102     3055.3     3107.0    607.172  22.823   1.694   0.095  1.005120  0.064289  0.087080  1.006739
    245   1      8   6   2    24    23.730   10443.102    10959.6    11144.8   2177.947  22.823   1.694   0.095  1.005120  0.064289  0.087080  1.006739
    246   1     10   2   0    12    23.730   10443.102        5.0        5.1      0.987  22.823   1.694   0.095  1.005120  0.064289  0.087080  1.006739
    247   1      7   7   2    24    24.018   10544.986    12956.6    12685.7   2202.538  23.102   1.711   0.095  1.014926  0.064060  0.083965  1.006805
    248   1     10   1   1    24    24.018   10544.986     4237.4     4148.7    720.321  23.102   1.711   0.095  1.014926  0.064060  0.083965  1.006805
    249   1      6   8   0    12    24.316   10649.915      691.1      972.9    312.592  23.391   1.728   0.095  1.025025  0.063828  0.080912  1.006873
    250   1      8   6   0    12    24.316   10649.915     1284.5     1808.3    581.004  23.391   1.728   0.095  1.025025  0.063828  0.080912  1.006873
    251   1     10   0   0     6    24.316   10649.915     2854.2     4017.9   1290.976  23.391   1.728   0.095  1.025025  0.063828  0.080912  1.006873
    252   1      4   9   1    24    24.625   10758.038      246.3      232.1     32.440  23.691   1.746   0.094  1.035432  0.063594  0.077918  1.006943
    253   1      5   8   3    24    24.625   10758.038     5466.1     5152.5    720.060  23.691   1.746   0.094  1.035432  0.063594  0.077918  1.006943
    254   1      7   7   0    12    24.625   10758.038      387.3      365.1     51.020  23.691   1.746   0.094  1.035432  0.063594  0.077918  1.006943
    255   1      8   5   3    24    24.625   10758.038      565.0      532.6     74.429  23.691   1.746   0.094  1.035432  0.063594  0.077918  1.006943
    256   1      9   4   1    24    24.625   10758.038    14721.6    13877.0   1939.310  23.691   1.746   0.094  1.035432  0.063594  0.077918  1.006943
    257   1      8   4   4    24    24.946   10869.523     8356.3     7855.5   2023.389  24.002   1.764   0.094  1.046162  0.063358  0.074985  1.007015
    258   1      3   9   2    24    25.278   10984.549   100424.2    84589.8   2845.444  24.324   1.782   0.094  1.057233  0.063119  0.072113  1.007090
    259   1      6   7   3    24    25.278   10984.549      757.2      637.8     21.455  24.324   1.782   0.094  1.057233  0.063119  0.072113  1.007090
    260   1      7   6   3    24    25.278   10984.549    60469.1    50934.6   1713.347  24.324   1.782   0.094  1.057233  0.063119  0.072113  1.007090
    261   1      9   3   2    24    25.278   10984.549    12024.0    10128.1    340.691  24.324   1.782   0.094  1.057233  0.063119  0.072113  1.007090
    262   1      3   9   0    12    25.983   11225.996        0.3        0.3      0.023  25.008   1.821   0.093  1.080472  0.062633  0.066550  1.007246
    263   1      5   7   4    24    25.983   11225.996     7093.1     6785.6    526.658  25.008   1.821   0.093  1.080472  0.062633  0.066550  1.007246
    264   1      5   8   1    24    25.983   11225.996     3621.8     3464.8    268.914  25.008   1.821   0.093  1.080472  0.062633  0.066550  1.007246
    265   1      7   5   4    24    25.983   11225.996    21948.5    20996.9   1629.653  25.008   1.821   0.093  1.080472  0.062633  0.066550  1.007246
    266   1      8   5   1    24    25.983   11225.996    11224.8    10738.1    833.430  25.008   1.821   0.093  1.080472  0.062633  0.066550  1.007246
    267   1      9   3   0    12    25.983   11225.996      109.1      104.4      8.101  25.008   1.821   0.093  1.080472  0.062633  0.066550  1.007246
    268   1      6   6   4    24    26.356   11352.849     5068.0     9659.6   1732.922  25.370   1.842   0.093  1.092681  0.062387  0.063859  1.007328
    269   1      2   9   1    24    26.745   11484.099    20948.2    18819.9    439.396  25.748   1.863   0.093  1.105313  0.062137  0.061228  1.007414
    270   1      6   5   5    24    26.745   11484.099    55213.9    49604.3   1158.128  25.748   1.863   0.093  1.105313  0.062137  0.061228  1.007414
    271   1      6   7   1    24    26.745   11484.099   101969.2    91609.4   2138.835  25.748   1.863   0.093  1.105313  0.062137  0.061228  1.007414
    272   1      7   6   1    24    26.745   11484.099     2628.8     2361.7     55.140  25.748   1.863   0.093  1.105313  0.062137  0.061228  1.007414
    273   1      9   2   1    24    26.745   11484.099    64102.6    57589.9   1344.571  25.748   1.863   0.093  1.105313  0.062137  0.061228  1.007414
    274   1      4   8   2    24    27.151   11620.010    29077.9    49573.5   2169.880  26.142   1.885   0.093  1.118394  0.061885  0.058658  1.007502
    275   1      8   4   2    24    27.151   11620.010    11960.4    20390.7    892.520  26.142   1.885   0.093  1.118394  0.061885  0.058658  1.007502
    276   1      1   9   0    12    27.574   11760.864     2968.0     3705.8    187.892  26.553   1.908   0.092  1.131951  0.061629  0.056148  1.007593
    277   1      8   3   3    24    27.574   11760.864    32102.1    40083.0   2032.267  26.553   1.908   0.092  1.131951  0.061629  0.056148  1.007593
    278   1      9   1   0    12    27.574   11760.864    14000.8    17481.6    886.341  26.553   1.908   0.092  1.131951  0.061629  0.056148  1.007593
    279   1      4   8   0    12    28.017   11906.969    12599.4    16702.0   1321.654  26.983   1.932   0.092  1.146013  0.061370  0.053699  1.007688
    280   1      8   4   0    12    28.017   11906.969    11117.1    14737.0   1166.157  26.983   1.932   0.092  1.146013  0.061370  0.053699  1.007688
    281   1      5   7   2    24    28.480   12058.654    11393.6    11625.2   1367.229  27.432   1.957   0.092  1.160613  0.061108  0.051311  1.007786
    282   1      7   5   2    24    28.480   12058.654     7994.9     8157.4    959.383  27.432   1.957   0.092  1.160613  0.061108  0.051311  1.007786
    283   1      6   6   2    24    28.965   12216.291    14299.3    15493.1   2147.580  27.904   1.982   0.091  1.175785  0.060843  0.048983  1.007888
    284   1      3   8   1    24    29.473   12380.275     2348.9     2359.9    134.804  28.398   2.009   0.091  1.191568  0.060574  0.046715  1.007995
    285   1      4   7   3    24    29.473   12380.275     2965.6     2979.4    170.194  28.398   2.009   0.091  1.191568  0.060574  0.046715  1.007995
    286   1      5   7   0    12    29.473   12380.275     1821.1     1829.6    104.515  28.398   2.009   0.091  1.191568  0.060574  0.046715  1.007995
    287   1      7   4   3    24    29.473   12380.275    37521.3    37696.2   2153.341  28.398   2.009   0.091  1.191568  0.060574  0.046715  1.007995
    288   1      7   5   0    12    29.473   12380.275     1681.4     1689.2     96.492  28.398   2.009   0.091  1.191568  0.060574  0.046715  1.007995
    289   1      8   3   1    24    29.473   12380.275     2383.3     2394.4    136.775  28.398   2.009   0.091  1.191568  0.060574  0.046715  1.007995
    290   1      6   6   0    12    30.007   12551.045    15318.5    14056.1   1547.331  28.917   2.036   0.091  1.208004  0.060302  0.044508  1.008105
    291   1      8   2   2    24    30.007   12551.045     5437.4     4989.3    549.236  28.917   2.036   0.091  1.208004  0.060302  0.044508  1.008105
    292   1      5   6   3    24    30.569   12729.083     8725.0     7737.3    364.632  29.463   2.065   0.090  1.225140  0.060025  0.042361  1.008221
    293   1      6   5   3    24    30.569   12729.083    56688.4    50270.8   2369.102  29.463   2.065   0.090  1.225140  0.060025  0.042361  1.008221
    294   1      2   8   0    12    31.161   12914.919    11694.5    11599.2    452.499  30.039   2.095   0.090  1.243026  0.059745  0.040275  1.008341
    295   1      6   4   4    24    31.161   12914.919    15783.2    15654.6    610.705  30.039   2.095   0.090  1.243026  0.059745  0.040275  1.008341
    296   1      8   2   0    12    31.161   12914.919    45657.9    45285.7   1766.652  30.039   2.095   0.090  1.243026  0.059745  0.040275  1.008341
    297   1      4   7   1    24    31.785   13109.140     2580.0     3310.6    383.867  30.647   2.127   0.089  1.261719  0.059460  0.038249  1.008467
    298   1      5   5   4    24    31.785   13109.140     2590.2     3323.6    385.381  30.647   2.127   0.089  1.261719  0.059460  0.038249  1.008467
    299   1      7   4   1    24    31.785   13109.140     5094.5     6537.0    757.984  30.647   2.127   0.089  1.261719  0.059460  0.038249  1.008467
    300   1      8   1   1    24    31.785   13109.140     2786.6     3575.6    414.599  30.647   2.127   0.089  1.261719  0.059460  0.038249  1.008467

   No.  Code     H   K   L  Mult     Hw     2theta/TOF      Icalc       Iobs      Sigma    HwG     HwL     ETA     d-hkl  TOF_alpha  TOF_beta     CORR

    301   1      8   0   0     6    32.445   13312.395    21279.8    16459.5   1919.140  31.289   2.160   0.089  1.281282  0.059172  0.036283  1.008599
    302   1      3   7   2    24    33.145   13525.405    79562.9    78620.7   1259.186  31.970   2.195   0.088  1.301784  0.058878  0.034379  1.008737
    303   1      5   6   1    24    33.145   13525.405    33513.2    33116.3    530.390  31.970   2.195   0.088  1.301784  0.058878  0.034379  1.008737
    304   1      6   5   1    24    33.145   13525.405   114114.3   112762.8   1806.005  31.970   2.195   0.088  1.301784  0.058878  0.034379  1.008737
    305   1      7   3   2    24    33.145   13525.405    43270.3    42757.8    684.808  31.970   2.195   0.088  1.301784  0.058878  0.034379  1.008737
    306   1      3   7   0    12    34.675   13984.024     1807.6      986.7    316.170  33.461   2.269   0.087  1.345924  0.058277  0.030750  1.009035
    307   1      7   3   0    12    34.675   13984.024     7638.6     4169.6   1336.051  33.461   2.269   0.087  1.345924  0.058277  0.030750  1.009035
    308   1      4   6   2    24    35.516   14231.548    22886.2    25879.9    818.448  34.280   2.309   0.087  1.369748  0.057969  0.029027  1.009196
    309   1      6   4   2    24    35.516   14231.548    43418.5    49097.9   1552.715  34.280   2.309   0.087  1.369748  0.057969  0.029027  1.009196
    310   1      2   7   1    24    36.415   14492.698    52957.2    51344.9    837.263  35.156   2.351   0.086  1.394883  0.057655  0.027364  1.009365
    311   1      5   5   2    24    36.415   14492.698    21287.5    20639.4    336.559  35.156   2.351   0.086  1.394883  0.057655  0.027364  1.009365
    312   1      6   3   3    24    36.415   14492.698     2636.1     2555.9     41.677  35.156   2.351   0.086  1.394883  0.057655  0.027364  1.009365
    313   1      7   2   1    24    36.415   14492.698   106295.6   103059.3   1680.551  35.156   2.351   0.086  1.394883  0.057655  0.027364  1.009365
    314   1      4   6   0    12    37.377   14768.775    72011.9    83850.4   1782.832  36.095   2.396   0.086  1.421455  0.057335  0.025761  1.009545
    315   1      6   4   0    12    37.377   14768.775    22928.7    26698.1    567.657  36.095   2.396   0.086  1.421455  0.057335  0.025761  1.009545
    316   1      1   7   0    12    38.412   15061.253      917.6      913.6     17.500  37.103   2.444   0.085  1.449605  0.057009  0.024219  1.009735
    317   1      4   5   3    24    38.412   15061.253      854.6      850.9     16.298  37.103   2.444   0.085  1.449605  0.057009  0.024219  1.009735
    318   1      5   4   3    24    38.412   15061.253   112234.0   111745.6   2140.397  37.103   2.444   0.085  1.449605  0.057009  0.024219  1.009735
    319   1      5   5   0    12    38.412   15061.253     2831.0     2818.7     53.989  37.103   2.444   0.085  1.449605  0.057009  0.024219  1.009735
    320   1      7   1   0    12    38.412   15061.253    10735.1    10688.4    204.727  37.103   2.444   0.085  1.449605  0.057009  0.024219  1.009735
    321   1      4   4   4     8    39.526   15371.829    48099.8    49067.5   1767.978  38.191   2.494   0.084  1.479497  0.056676  0.022738  1.009937
    322   1      3   6   1    24    40.731   15702.442    87179.7    83647.3   1558.502  39.367   2.548   0.084  1.511318  0.056337  0.021317  1.010152
    323   1      6   3   1    24    40.731   15702.442    35400.6    33966.3    632.854  39.367   2.548   0.084  1.511318  0.056337  0.021317  1.010152
    324   1      6   2   2    24    42.038   16055.351    98331.3   104509.7   2031.204  40.643   2.605   0.083  1.545284  0.055989  0.019956  1.010381
    325   1      4   5   1    24    43.462   16433.176    67393.0    67876.7   1366.617  42.035   2.666   0.082  1.581649  0.055634  0.018656  1.010627
    326   1      5   4   1    24    43.462   16433.176    29604.7    29817.1    600.333  42.035   2.666   0.082  1.581649  0.055634  0.018656  1.010627
    327   1      2   6   0    12    45.021   16838.994      227.1      194.8     12.339  43.558   2.732   0.081  1.620708  0.055271  0.017416  1.010891
    328   1      6   2   0    12    45.021   16838.994    23987.5    20572.9   1303.317  43.558   2.732   0.081  1.620708  0.055271  0.017416  1.010891
    329   1      3   5   2    24    46.734   17276.443   161652.2   163810.2   1065.865  45.233   2.803   0.080  1.662811  0.054898  0.016237  1.011175
    330   1      5   3   2    24    46.734   17276.443   122708.6   124346.8    809.088  45.233   2.803   0.080  1.662811  0.054898  0.016237  1.011175
    331   1      6   1   1    24    46.734   17276.443   170613.1   172890.7   1124.949  45.233   2.803   0.080  1.662811  0.054898  0.016237  1.011175
    332   1      4   4   2    24    48.627   17749.859   107151.6   106846.3   1514.836  47.085   2.880   0.079  1.708376  0.054515  0.015118  1.011483
    333   1      6   0   0     6    48.627   17749.859    28253.3    28172.8    399.426  47.085   2.880   0.079  1.708376  0.054515  0.015118  1.011483
    334   1      3   5   0    12    50.732   18264.453      506.5      409.2     12.291  49.145   2.963   0.078  1.757904  0.054121  0.014060  1.011818
    335   1      4   3   3    24    50.732   18264.453    15577.2    12585.2    378.011  49.145   2.963   0.078  1.757904  0.054121  0.014060  1.011818
    336   1      5   3   0    12    50.732   18264.453    44490.8    35945.2   1079.656  49.145   2.963   0.078  1.757904  0.054121  0.014060  1.011818
    337   1      4   4   0    12    53.088   18826.568   513680.6   514031.6   2744.729  51.452   3.055   0.077  1.812006  0.053716  0.013062  1.012185
    338   1      2   5   1    24    55.743   19443.996   518487.1   568884.6   2211.229  54.054   3.155   0.076  1.871432  0.053298  0.012125  1.012587
    339   1      5   2   1    24    55.743   19443.996   230110.3   252477.2    981.368  54.054   3.155   0.076  1.871432  0.053298  0.012125  1.012587
    340   1      1   5   0    12    62.228   20886.203    60349.8    59815.5    193.036  60.414   3.389   0.073  2.010241  0.052417  0.010432  1.013527
    341   1      3   4   1    24    62.228   20886.203   633050.2   627446.0   2024.891  60.414   3.389   0.073  2.010241  0.052417  0.010432  1.013527
    342   1      4   3   1    24    62.228   20886.203   300027.8   297371.8    959.677  60.414   3.389   0.073  2.010241  0.052417  0.010432  1.013527
    343   1      5   1   0    12    62.228   20886.203    11503.5    11401.7     36.795  60.414   3.389   0.073  2.010241  0.052417  0.010432  1.013527
    344   1      4   2   2    24    66.251   21739.047    27943.8     3981.0    990.706  64.362   3.527   0.071  2.092324  0.051951  0.009676  1.014084
    345   1      3   3   2    24    70.981   22705.697  1380790.4  1425062.6   3148.323  69.008   3.684   0.070  2.185362  0.051466  0.008981  1.014715
    346   1      2   4   0    12    76.629   23813.938   322531.5   331716.7   1094.598  74.560   3.864   0.068  2.292027  0.050958  0.008346  1.015439
    347   1      4   2   0    12    76.629   23813.938   301772.6   310366.6   1024.147  74.560   3.864   0.068  2.292027  0.050958  0.008346  1.015439
    348   1      3   3   0    12    83.499   25102.090     6635.7     6663.0     24.813  81.318   4.073   0.066  2.416008  0.050423  0.007771  1.016281
    349   1      4   1   1    24    83.499   25102.090   496083.9   498128.8   1855.045  81.318   4.073   0.066  2.416008  0.050423  0.007771  1.016281
    350   1      4   0   0     6    92.046   26624.789   253906.0   244220.7   1470.895  89.732   4.320   0.063  2.562564  0.049858  0.007257  1.017278
    351   1      2   3   1    24   102.985   28463.096   120309.7   123630.9    542.967 100.511   4.618   0.060  2.739496  0.049257  0.006804  1.018483
    352   1      3   2   1    24   102.985   28463.096   252393.4   259360.8   1139.071 100.511   4.618   0.060  2.739496  0.049257  0.006804  1.018483
    353   1      2   2   2     8   117.506   30743.658   267124.2   257911.2   1570.786 114.833   4.988   0.057  2.958994  0.048611  0.006410  1.019980
    354   1      1   3   0    12   137.750   33677.988    21200.0    23111.5    166.274 134.821   5.464   0.053  3.241415  0.047908  0.006078  1.021909
    355   1      3   1   0    12   137.750   33677.988   173991.6   189679.8   1364.635 134.821   5.464   0.053  3.241415  0.047908  0.006078  1.021909
    356   1      2   2   0    12   167.994   37653.137  1469953.6  1462997.4   3074.061 164.719   6.109   0.049  3.624013  0.047131  0.005806  1.024529
    357   1      2   1   1    24   218.212   43478.094  1143935.8  1140111.8   3375.864 214.430   7.054   0.044  4.184649  0.046248  0.005594  1.028381
    358   1      2   0   0     6   318.292   53249.578  1240008.4  1253218.1   6074.215 313.656   8.640   0.037  5.125128  0.045202  0.005443  1.034879
    359   1      1   1   0    12   617.479   75306.273   563003.1   588880.2  14526.272 610.918  12.219   0.027  7.248025  0.043838  0.005352  1.049708

     -----------------------------------------------------
     BRAGG R-Factors and weight fractions for Pattern #  4
     -----------------------------------------------------

 => Phase:  1     Y5Al3O12 Nuclear
 => Bragg R-factor:   5.47       Vol: 1076.971( 0.000)  Fract(%):  100.00( 3.51)
 => Rf-factor=  14.8             ATZ:        1944.635   Brindley:  1.0000

 --------------------------------------------------------------------------------------------------------------------------------------------------------
 Pattern#  5 Phase No.:   1 Phase name: Y5Al3O12 Nuclear
 --------------------------------------------------------------------------------------------------------------------------------------------------------

   No.  Code     H   K   L  Mult     Hw     2theta/TOF      Icalc       Iobs      Sigma    HwG     HwL     ETA     d-hkl  TOF_alpha  TOF_beta     CORR

      1   1      4   6   0    12    25.665    7087.676    34255.4    42784.1   3748.971  18.676  11.784   0.537  1.421455  0.053181  0.038355  1.000000
      2   1      6   4   0    12    25.665    7087.676    10907.0    13622.5   1193.679  18.676  11.784   0.537  1.421455  0.053181  0.038355  1.000000
      3   1      1   7   0    12    26.533    7228.039      442.8      560.6     53.451  19.423  12.018   0.531  1.449605  0.052429  0.035816  1.000000
      4   1      4   5   3    24    26.533    7228.039      412.4      522.1     49.779  19.423  12.018   0.531  1.449605  0.052429  0.035816  1.000000
      5   1      5   4   3    24    26.533    7228.039    54154.8    68566.3   6537.557  19.423  12.018   0.531  1.449605  0.052429  0.035816  1.000000
      6   1      5   5   0    12    26.533    7228.039     1366.0     1729.5    164.902  19.423  12.018   0.531  1.449605  0.052429  0.035816  1.000000
      7   1      7   1   0    12    26.533    7228.039     5179.9     6558.3    625.312  19.423  12.018   0.531  1.449605  0.052429  0.035816  1.000000
      8   1      4   4   4     8    27.469    7377.087    23281.7    33749.7   3959.581  20.232  12.266   0.525  1.479497  0.051661  0.033377  1.000000
      9   1      3   6   1    24    28.485    7535.751    42255.0    62436.4   5308.578  21.111  12.529   0.518  1.511318  0.050877  0.031038  1.000000
     10   1      6   3   1    24    28.485    7535.751    17158.3    25353.3   2155.629  21.111  12.529   0.518  1.511318  0.050877  0.031038  1.000000
     11   1      6   2   2    24    29.589    7705.115    47693.3    67471.1   6174.518  22.071  12.811   0.511  1.545284  0.050076  0.028798  1.000000
     12   1      4   5   1    24    30.795    7886.437    32699.4    54070.8   4885.042  23.122  13.113   0.504  1.581649  0.049257  0.026658  1.000000
     13   1      5   4   1    24    30.795    7886.437    14364.3    23752.5   2145.921  23.122  13.113   0.504  1.581649  0.049257  0.026658  1.000000
     14   1      2   6   0    12    32.117    8081.193      110.2      203.3     31.389  24.278  13.436   0.496  1.620708  0.048418  0.024617  1.000000
     15   1      6   2   0    12    32.117    8081.193    11641.0    21474.7   3315.454  24.278  13.436   0.496  1.620708  0.048418  0.024617  1.000000
     16   1      3   5   2    24    33.574    8291.129    78452.9    74187.2   3292.855  25.556  13.785   0.488  1.662811  0.047558  0.022676  1.000000
     17   1      5   3   2    24    33.574    8291.129    59552.9    56314.8   2499.574  25.556  13.785   0.488  1.662811  0.047558  0.022676  1.000000
     18   1      6   1   1    24    33.574    8291.129    82801.8    78299.7   3475.389  25.556  13.785   0.488  1.662811  0.047558  0.022676  1.000000
     19   1      4   4   2    24    35.187    8518.326    51992.1    72087.8   4464.998  26.976  14.163   0.480  1.708376  0.046674  0.020834  1.000000
     20   1      6   0   0     6    35.187    8518.326    13709.1    19007.8   1177.313  26.976  14.163   0.480  1.708376  0.046674  0.020834  1.000000
     21   1      3   5   0    12    36.984    8765.285      245.7      449.8     37.967  28.563  14.574   0.471  1.757904  0.045766  0.019092  1.000000
     22   1      4   3   3    24    36.984    8765.285     7556.3    13834.0   1167.711  28.563  14.574   0.471  1.757904  0.045766  0.019092  1.000000
     23   1      5   3   0    12    36.984    8765.285    21582.1    39511.9   3335.157  28.563  14.574   0.471  1.757904  0.045766  0.019092  1.000000
     24   1      4   4   0    12    38.999    9035.050   249108.9   240742.4   9757.346  30.348  15.022   0.462  1.812006  0.044831  0.017449  1.000000
     25   1      2   5   1    24    41.275    9331.358   251356.4   267890.5   8777.354  32.371  15.515   0.452  1.871432  0.043866  0.015906  1.000000
     26   1      5   2   1    24    41.275    9331.358   111554.8   118892.8   3895.486  32.371  15.515   0.452  1.871432  0.043866  0.015906  1.000000
     27   1      1   5   0    12    46.844   10023.487    29234.0    28233.3    793.858  37.351  16.666   0.431  2.010241  0.041834  0.013119  1.000000
     28   1      3   4   1    24    46.844   10023.487   306655.6   296158.5   8327.317  37.351  16.666   0.431  2.010241  0.041834  0.013119  1.000000
     29   1      4   3   1    24    46.844   10023.487   145336.3   140361.4   3946.650  37.351  16.666   0.431  2.010241  0.041834  0.013119  1.000000
     30   1      5   1   0    12    46.844   10023.487     5572.4     5381.7    151.320  37.351  16.666   0.431  2.010241  0.041834  0.013119  1.000000
     31   1      4   2   2    24    50.306   10432.775    13529.7    28218.6   2815.116  40.464  17.346   0.419  2.092324  0.040759  0.011875  1.000000
     32   1      3   3   2    24    54.379   10896.680   668194.9   663888.8  12184.076  44.142  18.118   0.406  2.185362  0.039638  0.010730  1.000000
     33   1      2   4   0    12    59.247   11428.534   155982.3   181616.5   4543.409  48.556  19.002   0.393  2.292027  0.038466  0.009684  1.000000
     34   1      4   2   0    12    59.247   11428.534   145942.8   169927.1   4250.983  48.556  19.002   0.393  2.292027  0.038466  0.009684  1.000000
     35   1      3   3   0    12    65.170   12046.731     3206.8     3801.1    123.106  53.952  20.030   0.378  2.416008  0.037233  0.008739  1.000000
     36   1      4   1   1    24    65.170   12046.731   239740.7   284173.4   9203.384  53.952  20.030   0.378  2.416008  0.037233  0.008739  1.000000
     37   1      4   0   0     6    72.539   12777.489   122597.3   144655.3   7460.739  60.695  21.245   0.362  2.562564  0.035929  0.007893  1.000000
     38   1      2   3   1    24    81.965   13659.710    58029.3    71163.9   2454.517  69.366  22.712   0.344  2.739496  0.034541  0.007146  1.000000
     39   1      3   2   1    24    81.965   13659.710   121737.5   149292.1   5149.239  69.366  22.712   0.344  2.739496  0.034541  0.007146  1.000000
     40   1      2   2   2     8    94.465   14754.174   128671.1   159303.2   7186.183  80.927  24.531   0.325  2.958994  0.033050  0.006499  1.000000
     41   1      1   3   0    12   111.863   16162.387    10194.1    13341.8    691.843  97.113  26.873   0.302  3.241415  0.031428  0.005951  1.000000
     42   1      3   1   0    12   111.863   16162.387    83664.2   109498.2   5678.063  97.113  26.873   0.302  3.241415  0.031428  0.005951  1.000000
     43   1      2   2   0    12   137.788   18070.100   705144.2   758025.0   8144.168 121.391  30.045   0.276  3.624013  0.029635  0.005503  1.000000
     44   1      2   1   1    24   180.677   20865.551   546807.8   567565.2   4366.913 161.855  34.692   0.245  4.184649  0.027599  0.005155  1.000000
     45   1      2   0   0     6   265.697   25554.979   589160.2   600698.4   3968.412 242.782  42.489   0.207  5.125128  0.025184  0.004906  1.000000
     46   1      1   1   0    12   517.792   36140.199   263812.7   265619.6   6373.909 485.564  60.089   0.152  7.248025  0.022037  0.004757  1.000000

     -----------------------------------------------------
     BRAGG R-Factors and weight fractions for Pattern #  5
     -----------------------------------------------------

 => Phase:  1     Y5Al3O12 Nuclear
 => Bragg R-factor:   9.27       Vol: 1076.971( 0.000)  Fract(%):  100.00( 2.96)
 => Rf-factor=  9.58             ATZ:        1944.635   Brindley:  1.0000

     -----------------------------------------------------------------
      SYMBOLIC NAMES AND FINAL VALUES AND SIGMA OF REFINED PARAMETERS:
     -----------------------------------------------------------------

      ->  Parameter number    1 :                                        Bck_33_pat5     254.28760    ( +/-     59.814903     )
      ->  Parameter number    2 :                                     Scale_ph1_pat1     39.710052    ( +/-    0.98875582     )
      ->  Parameter number    3 :                                        Bck_32_pat5     222.32671    ( +/-     38.876759     )
      ->  Parameter number    4 :                                        Bck_31_pat5     210.31000    ( +/-     26.260693     )
      ->  Parameter number    5 :                                        Bck_30_pat5     222.94560    ( +/-     19.535397     )
      ->  Parameter number    6 :                                        Bck_29_pat5     210.98141    ( +/-     15.350011     )
      ->  Parameter number    7 :                                        Bck_28_pat5     211.30930    ( +/-     12.357852     )
      ->  Parameter number    8 :                                        Bck_27_pat5     212.59489    ( +/-     10.199420     )
      ->  Parameter number    9 :                                  TOF_Abs1_ph1_pat1    0.95593408E-02( +/-    0.28894984E-02 )
      ->  Parameter number   10 :                                          X_Ca1_ph1    0.46645921    ( +/-    0.38494924E-03 )
      ->  Parameter number   11 :                                          X_Al1_ph1    0.25195152    ( +/-    0.63868018E-03 )
      ->  Parameter number   12 :                                       Biso_Ca1_ph1     1.0150596    ( +/-    0.10348839     )
      ->  Parameter number   13 :                                       Biso_Al1_ph1    0.91257268    ( +/-    0.10620260     )
      ->  Parameter number   14 :                                          X_Na1_ph1    0.85161380E-01( +/-    0.35327964E-03 )
      ->  Parameter number   15 :                                       Biso_Na1_ph1     2.3501425    ( +/-    0.21692759     )
      ->  Parameter number   16 :                                        Biso_F1_ph1     1.0142126    ( +/-    0.75093783E-01 )
      ->  Parameter number   17 :                                           X_F1_ph1    0.13757992    ( +/-    0.26111348E-03 )
      ->  Parameter number   18 :                                           Y_F1_ph1    0.30552939    ( +/-    0.25032213E-03 )
      ->  Parameter number   19 :                                           Z_F1_ph1    0.11960959    ( +/-    0.29551235E-03 )
      ->  Parameter number   20 :                                           X_F2_ph1    0.36228991    ( +/-    0.35331666E-03 )
      ->  Parameter number   21 :                                           Y_F2_ph1    0.36316046    ( +/-    0.27886551E-03 )
      ->  Parameter number   22 :                                           Z_F2_ph1    0.18695171    ( +/-    0.27649486E-03 )
      ->  Parameter number   23 :                                           X_F3_ph1    0.46108896    ( +/-    0.16404530E-03 )
      ->  Parameter number   24 :                                        Biso_F2_ph1     1.5254135    ( +/-    0.89291468E-01 )
      ->  Parameter number   25 :                                        Biso_F3_ph1     1.0245718    ( +/-    0.10663488     )
      ->  Parameter number   26 :                                        Bck_26_pat5     212.38782    ( +/-     8.8617229     )
      ->  Parameter number   27 :                                         Bck_0_pat1     538.77087    ( +/-     26.876387     )
      ->  Parameter number   28 :                                         Bck_1_pat1     580.24017    ( +/-     45.319748     )
      ->  Parameter number   29 :                                         Bck_2_pat1     302.35226    ( +/-     242.40524     )
      ->  Parameter number   30 :                                         Bck_3_pat1     564.87421    ( +/-     33.472965     )
      ->  Parameter number   31 :                                         Bck_4_pat1     550.00342    ( +/-     29.402634     )
      ->  Parameter number   32 :                                         Bck_5_pat1     508.79675    ( +/-     24.089716     )
      ->  Parameter number   33 :                                         Bck_6_pat1     434.55350    ( +/-     17.968052     )
      ->  Parameter number   34 :                                         Bck_7_pat1     465.21622    ( +/-     17.788969     )
      ->  Parameter number   35 :                                         Bck_8_pat1     400.46722    ( +/-     16.233099     )
      ->  Parameter number   36 :                                        Bck_10_pat1     484.20370    ( +/-     15.878460     )
      ->  Parameter number   37 :                                        Bck_11_pat1     381.59750    ( +/-     10.166080     )
      ->  Parameter number   38 :                                        Bck_12_pat1     386.13651    ( +/-     9.2063856     )
      ->  Parameter number   39 :                                        Bck_13_pat1     378.15024    ( +/-     7.7460117     )
      ->  Parameter number   40 :                                        Bck_14_pat1     344.05988    ( +/-     6.8034816     )
      ->  Parameter number   41 :                                        Bck_15_pat1     327.21494    ( +/-     6.2117023     )
      ->  Parameter number   42 :                                        Bck_16_pat1     309.73572    ( +/-     6.0812016     )
      ->  Parameter number   43 :                                        Bck_17_pat1     322.68481    ( +/-     5.9842305     )
      ->  Parameter number   44 :                                        Bck_18_pat1     283.68054    ( +/-     5.8692460     )
      ->  Parameter number   45 :                                        Bck_19_pat1     271.73395    ( +/-     6.1623487     )
      ->  Parameter number   46 :                                        Bck_20_pat1     257.18045    ( +/-     6.2367167     )
      ->  Parameter number   47 :                                        Bck_21_pat1     259.38553    ( +/-     6.4663877     )
      ->  Parameter number   48 :                                        Bck_22_pat1     261.19339    ( +/-     6.9018445     )
      ->  Parameter number   49 :                                        Bck_23_pat1     262.23792    ( +/-     8.3100252     )
      ->  Parameter number   50 :                                        Bck_24_pat1     263.03607    ( +/-     10.187906     )
      ->  Parameter number   51 :                                        Bck_25_pat1     268.49350    ( +/-     9.7954216     )
      ->  Parameter number   52 :                                        Bck_26_pat1     269.11917    ( +/-     12.431114     )
      ->  Parameter number   53 :                                        Bck_27_pat1     261.63748    ( +/-     26.667326     )
      ->  Parameter number   54 :                                         Bck_9_pat1     477.78629    ( +/-     21.024704     )
      ->  Parameter number   55 :                                     Scale_ph1_pat2     37.911976    ( +/-    0.84783185     )
      ->  Parameter number   56 :                                        Bck_25_pat5     212.98906    ( +/-     7.4418373     )
      ->  Parameter number   57 :                                        Bck_24_pat5     216.21992    ( +/-     6.6389685     )
      ->  Parameter number   58 :                                        Bck_23_pat5     213.46254    ( +/-     5.8974061     )
      ->  Parameter number   59 :                                        Bck_22_pat5     216.90364    ( +/-     5.3225198     )
      ->  Parameter number   60 :                                        Bck_21_pat5     216.24338    ( +/-     4.6184278     )
      ->  Parameter number   61 :                                        Bck_20_pat5     224.67868    ( +/-     4.7401958     )
      ->  Parameter number   62 :                                        Bck_19_pat5     227.91708    ( +/-     6.4824519     )
      ->  Parameter number   63 :                                        Bck_18_pat5     221.61726    ( +/-     6.4207649     )
      ->  Parameter number   64 :                                        Bck_17_pat5     226.45433    ( +/-     6.4563818     )
      ->  Parameter number   65 :                                  TOF_Abs1_ph1_pat2    0.43013515E-02( +/-    0.27342774E-02 )
      ->  Parameter number   66 :                                         Bck_0_pat2     487.85562    ( +/-     85.435234     )
      ->  Parameter number   67 :                                         Bck_1_pat2     565.74640    ( +/-     63.531506     )
      ->  Parameter number   68 :                                         Bck_2_pat2     493.60977    ( +/-     47.932770     )
      ->  Parameter number   69 :                                         Bck_3_pat2     558.61908    ( +/-     39.915863     )
      ->  Parameter number   70 :                                         Bck_4_pat2     529.21600    ( +/-     30.222963     )
      ->  Parameter number   71 :                                         Bck_5_pat2     445.45352    ( +/-     23.382137     )
      ->  Parameter number   72 :                                         Bck_6_pat2     459.55573    ( +/-     21.335955     )
      ->  Parameter number   73 :                                         Bck_7_pat2     412.52103    ( +/-     18.433746     )
      ->  Parameter number   74 :                                         Bck_8_pat2     510.90100    ( +/-     18.630640     )
      ->  Parameter number   75 :                                         Bck_9_pat2     395.96603    ( +/-     12.060822     )
      ->  Parameter number   76 :                                        Bck_10_pat2     391.35663    ( +/-     10.569689     )
      ->  Parameter number   77 :                                        Bck_11_pat2     384.82443    ( +/-     8.9707422     )
      ->  Parameter number   78 :                                        Bck_12_pat2     349.06900    ( +/-     8.0051317     )
      ->  Parameter number   79 :                                        Bck_13_pat2     331.61185    ( +/-     7.0494204     )
      ->  Parameter number   80 :                                        Bck_14_pat2     308.57300    ( +/-     6.8662853     )
      ->  Parameter number   81 :                                        Bck_15_pat2     355.22092    ( +/-     8.1630497     )
      ->  Parameter number   82 :                                        Bck_16_pat2     317.53915    ( +/-     6.5029769     )
      ->  Parameter number   83 :                                        Bck_17_pat2     289.84662    ( +/-     5.4313745     )
      ->  Parameter number   84 :                                        Bck_18_pat2     259.83948    ( +/-     5.1384578     )
      ->  Parameter number   85 :                                        Bck_19_pat2     255.65855    ( +/-     6.1151338     )
      ->  Parameter number   86 :                                        Bck_20_pat2     245.59547    ( +/-     6.4847770     )
      ->  Parameter number   87 :                                        Bck_21_pat2     263.80841    ( +/-     6.1177073     )
      ->  Parameter number   88 :                                        Bck_22_pat2     250.25104    ( +/-     6.6211672     )
      ->  Parameter number   89 :                                        Bck_23_pat2     257.56436    ( +/-     7.9684663     )
      ->  Parameter number   90 :                                        Bck_24_pat2     257.40744    ( +/-     10.009166     )
      ->  Parameter number   91 :                                        Bck_25_pat2     254.52441    ( +/-     13.163524     )
      ->  Parameter number   92 :                                        Bck_26_pat2     259.73239    ( +/-     23.558180     )
      ->  Parameter number   93 :                                        Bck_27_pat2     239.14293    ( +/-     60.158810     )
      ->  Parameter number   94 :                                     Scale_ph1_pat3     37.345592    ( +/-    0.76914787     )
      ->  Parameter number   95 :                                        Bck_16_pat5     238.62234    ( +/-     7.2902794     )
      ->  Parameter number   96 :                                        Bck_15_pat5     234.77663    ( +/-     9.1626568     )
      ->  Parameter number   97 :                                  TOF_Abs1_ph1_pat3    0.10899166E-02( +/-    0.29054668E-02 )
      ->  Parameter number   98 :                                        Bck_14_pat5     236.91428    ( +/-     11.559868     )
      ->  Parameter number   99 :                                        Bck_13_pat5     232.52245    ( +/-     16.773294     )
      ->  Parameter number  100 :                                        Bck_12_pat5     220.61362    ( +/-     20.187389     )
      ->  Parameter number  101 :                                        Bck_11_pat5     230.89711    ( +/-     25.195152     )
      ->  Parameter number  102 :                                        Bck_10_pat5     255.07338    ( +/-     28.658667     )
      ->  Parameter number  103 :                                         Bck_9_pat5     211.11526    ( +/-     41.087936     )
      ->  Parameter number  104 :                                         Bck_8_pat5     215.97511    ( +/-     49.873016     )
      ->  Parameter number  105 :                                         Bck_0_pat3     440.90533    ( +/-     76.011421     )
      ->  Parameter number  106 :                                         Bck_1_pat3     512.30237    ( +/-     49.398087     )
      ->  Parameter number  107 :                                         Bck_2_pat3     416.85971    ( +/-     32.858494     )
      ->  Parameter number  108 :                                         Bck_3_pat3     474.37024    ( +/-     23.259127     )
      ->  Parameter number  109 :                                         Bck_4_pat3     407.44678    ( +/-     15.284036     )
      ->  Parameter number  110 :                                         Bck_5_pat3     377.52570    ( +/-     11.560688     )
      ->  Parameter number  111 :                                         Bck_6_pat3     346.08276    ( +/-     10.250073     )
      ->  Parameter number  112 :                                         Bck_7_pat3     331.75803    ( +/-     8.5263395     )
      ->  Parameter number  113 :                                         Bck_8_pat3     335.98059    ( +/-     7.6261959     )
      ->  Parameter number  114 :                                         Bck_9_pat3     353.37790    ( +/-     6.4925008     )
      ->  Parameter number  115 :                                        Bck_10_pat3     298.43500    ( +/-     5.9553499     )
      ->  Parameter number  116 :                                        Bck_11_pat3     283.43451    ( +/-     5.1217360     )
      ->  Parameter number  117 :                                        Bck_12_pat3     253.70073    ( +/-     4.4853277     )
      ->  Parameter number  118 :                                        Bck_13_pat3     254.31721    ( +/-     4.4383602     )
      ->  Parameter number  119 :                                        Bck_14_pat3     235.31355    ( +/-     4.7066183     )
      ->  Parameter number  120 :                                        Bck_15_pat3     240.58649    ( +/-     5.3528490     )
      ->  Parameter number  121 :                                        Bck_16_pat3     239.33914    ( +/-     6.4951487     )
      ->  Parameter number  122 :                                        Bck_17_pat3     242.93005    ( +/-     9.3502865     )
      ->  Parameter number  123 :                                        Bck_18_pat3     241.08440    ( +/-     12.718868     )
      ->  Parameter number  124 :                                        Bck_19_pat3     235.33989    ( +/-     17.927628     )
      ->  Parameter number  125 :                                        Bck_20_pat3     239.06392    ( +/-     30.857950     )
      ->  Parameter number  126 :                                        Bck_21_pat3     246.85553    ( +/-     73.125298     )
      ->  Parameter number  127 :                                         Bck_7_pat5     234.84941    ( +/-     67.797005     )
      ->  Parameter number  128 :                                         Bck_6_pat5     170.37564    ( +/-     81.970245     )
      ->  Parameter number  129 :                                         Bck_5_pat5     202.43562    ( +/-     79.480598     )
      ->  Parameter number  130 :                                     Scale_ph1_pat4     36.154526    ( +/-    0.89727557     )
      ->  Parameter number  131 :                                         Bck_4_pat5     291.13419    ( +/-     118.84558     )
      ->  Parameter number  132 :                                         Bck_3_pat5     123.34565    ( +/-     98.467041     )
      ->  Parameter number  133 :                                  TOF_Abs1_ph1_pat4   -0.40017166E-02( +/-    0.42587412E-02 )
      ->  Parameter number  134 :                                         Bck_2_pat5     144.64534    ( +/-     101.09293     )
      ->  Parameter number  135 :                                         Bck_1_pat5     116.83086    ( +/-     151.07965     )
      ->  Parameter number  136 :                                        Bck_34_pat5     123.62639    ( +/-     78.512848     )
      ->  Parameter number  137 :                                     Scale_ph1_pat5     37.047977    ( +/-    0.77634180     )
      ->  Parameter number  138 :                                        Bck_21_pat4     173.02942    ( +/-     72.634132     )
      ->  Parameter number  139 :                                         Bck_0_pat4     249.73718    ( +/-     101.43119     )
      ->  Parameter number  140 :                                         Bck_1_pat4     270.61273    ( +/-     77.836136     )
      ->  Parameter number  141 :                                         Bck_2_pat4     377.89578    ( +/-     55.300667     )
      ->  Parameter number  142 :                                         Bck_3_pat4     385.22485    ( +/-     33.058311     )
      ->  Parameter number  143 :                                         Bck_4_pat4     338.07489    ( +/-     24.575583     )
      ->  Parameter number  144 :                                         Bck_5_pat4     332.41544    ( +/-     20.616079     )
      ->  Parameter number  145 :                                         Bck_6_pat4     367.19186    ( +/-     17.710651     )
      ->  Parameter number  146 :                                         Bck_7_pat4     392.27789    ( +/-     13.875251     )
      ->  Parameter number  147 :                                         Bck_8_pat4     342.66754    ( +/-     11.107121     )
      ->  Parameter number  148 :                                         Bck_9_pat4     281.64151    ( +/-     7.0306520     )
      ->  Parameter number  149 :                                        Bck_10_pat4     265.47003    ( +/-     6.8405776     )
      ->  Parameter number  150 :                                        Bck_11_pat4     259.40094    ( +/-     4.9880114     )
      ->  Parameter number  151 :                                        Bck_12_pat4     253.63980    ( +/-     4.1703057     )
      ->  Parameter number  152 :                                        Bck_13_pat4     237.29788    ( +/-     3.9232953     )
      ->  Parameter number  153 :                                        Bck_14_pat4     227.83597    ( +/-     3.6171157     )
      ->  Parameter number  154 :                                        Bck_15_pat4     221.04567    ( +/-     4.3859577     )
      ->  Parameter number  155 :                                        Bck_16_pat4     220.32153    ( +/-     5.7939663     )
      ->  Parameter number  156 :                                        Bck_17_pat4     226.16663    ( +/-     8.0493498     )
      ->  Parameter number  157 :                                        Bck_18_pat4     218.73503    ( +/-     10.879884     )
      ->  Parameter number  158 :                                        Bck_19_pat4     220.24104    ( +/-     16.553881     )
      ->  Parameter number  159 :                                        Bck_20_pat4     217.63678    ( +/-     28.799688     )
      ->  Parameter number  160 :                                          Zero_pat1    -13.710958    ( +/-    0.93813246     )
      ->  Parameter number  161 :                                          Dtt1_pat1     20773.014    ( +/-    0.62900764     )
      ->  Parameter number  162 :                                     Sig-2_ph1_pat1     15.701022    ( +/-     1.3742611     )
      ->  Parameter number  163 :                                    Alpha0_ph1_pat1   -0.95020449E-02( +/-    0.17576033E-02 )
      ->  Parameter number  164 :                                     Beta0_ph1_pat1    0.66721500E-02( +/-    0.61349347E-04 )
      ->  Parameter number  165 :                                    Alpha1_ph1_pat1    0.11022878    ( +/-    0.41719838E-02 )
      ->  Parameter number  166 :                                     Beta1_ph1_pat1    0.10072559E-01( +/-    0.43383628E-03 )
      ->  Parameter number  167 :                                          Zero_pat2    -15.052434    ( +/-     1.1049657     )
      ->  Parameter number  168 :                                          Dtt1_pat2     18660.068    ( +/-    0.72256982     )
      ->  Parameter number  169 :                                     Sig-2_ph1_pat2     18.196608    ( +/-     2.2084541     )
      ->  Parameter number  170 :                                     Sig-1_ph1_pat2     29.356300    ( +/-     10.415397     )
      ->  Parameter number  171 :                                    Alpha0_ph1_pat2   -0.11598180E-01( +/-    0.20241404E-02 )
      ->  Parameter number  172 :                                     Beta0_ph1_pat2    0.64279921E-02( +/-    0.67363915E-04 )
      ->  Parameter number  173 :                                    Alpha1_ph1_pat2    0.12276432    ( +/-    0.64729704E-02 )
      ->  Parameter number  174 :                                     Beta1_ph1_pat2    0.14680085E-01( +/-    0.63950516E-03 )
      ->  Parameter number  175 :                                          Zero_pat3    -12.725882    ( +/-     1.4022503     )
      ->  Parameter number  176 :                                          Dtt1_pat3     15105.377    ( +/-    0.83689314     )
      ->  Parameter number  177 :                                     Sig-2_ph1_pat3     16.860033    ( +/-     2.0452769     )
      ->  Parameter number  178 :                                     Sig-1_ph1_pat3     62.243042    ( +/-     12.899829     )
      ->  Parameter number  179 :                                    Alpha0_ph1_pat3   -0.12131125E-01( +/-    0.16786298E-02 )
      ->  Parameter number  180 :                                     Beta0_ph1_pat3    0.59909560E-02( +/-    0.79869693E-04 )
      ->  Parameter number  181 :                                    Alpha1_ph1_pat3    0.12289749    ( +/-    0.70678685E-02 )
      ->  Parameter number  182 :                                     Beta1_ph1_pat3    0.27662959E-01( +/-    0.12051102E-02 )
      ->  Parameter number  183 :                                          Zero_pat4     13.994124    ( +/-     3.4766552     )
      ->  Parameter number  184 :                                          Dtt1_pat4     10389.885    ( +/-     1.8649514     )
      ->  Parameter number  185 :                                     Sig-2_ph1_pat4     23.051310    ( +/-     2.0297587     )
      ->  Parameter number  186 :                                     Sig-1_ph1_pat4     69.820053    ( +/-     25.930275     )
      ->  Parameter number  187 :                                    Alpha0_ph1_pat4    0.40554348E-01( +/-    0.15105890E-01 )
      ->  Parameter number  188 :                                     Beta0_ph1_pat4    0.53222668E-02( +/-    0.10951074E-03 )
      ->  Parameter number  189 :                                    Alpha1_ph1_pat4    0.23868745E-01( +/-    0.23528082E-01 )
      ->  Parameter number  190 :                                     Beta1_ph1_pat4    0.83298936E-01( +/-    0.39950884E-02 )
      ->  Parameter number  191 :                                     Gam-1_ph1_pat4     1.6846013    ( +/-     1.2542423     )
      ->  Parameter number  192 :                                          Zero_pat5     13.514312    ( +/-     7.2672424     )
      ->  Parameter number  193 :                                          Dtt1_pat5     4986.0737    ( +/-     2.0154021     )

 ------------------------------------------------------------------
 => Number of bytes for floating point variables: 4
 => Dimensions of dynamic allocated arrays in this run of FullProf:
 ------------------------------------------------------------------

 => Total approximate array memory (dynamic + static): 160071153 bytes

    MaxPOINT=    80000 Max.num. of points(+int. Inten.)/diffraction pattern       
    MaxREFLT=    25000 Max.num. of reflections/diffraction pattern               
    MaxPARAM=      500 Max.num. of refinable parameters                          
    MaxOVERL=     9000 Max.num. of overlapping reflections                       

 ----------------------------------------------------------
 => Number of bytes for floating point arrays: 4
 => Dimensions of fixed arrays in this release of FullProf:
 ----------------------------------------------------------

    NPATT   =       80 Max.num. of powder diffraction patterns                    
    NATS    =      830 Max.num. of atoms (all kind) in asymmetric unit            
    MPAR    =     1800 Max.num. of non atomic parameters/phase                    
    IEXCL   =       30 Max.num. of excluded regions                               
    IBACP   =      377 Max.num. of background points for interpolation            
    NPHT    =       16 Max.num. of phases                                         
    NMAGM   =        8 Max.num. of rotation-matrices sets for magnetic structure  
    NBASIS  =       12 Max.num. of basis functions associated to a single atom    
    NIREPS  =        9 Max.num. of irreducible representations to be combined     
    N_EQ    =      384 Max.num. of user-supplied symmetry operators/propagation vectors
    NGL     =      400 Max.num. of global parameters/diffraction pattern          
    N_LINC  =       50 Max.num. of global linear restraints                        
    NAT_P   =       80 Max.num. of atomic parameters per atom                     
    NCONST  =     3500 Max.num. of slack constraints per phase                    
    N_SPE   =       30 Max.num. of different chemical species                     
    N_FORM  =       60 Max.num. of scattering factor values in a table            
    NPR     =      150 Max.num. of points defining a numerical profile            
    INPR    =       25 Max.num. of different numerical peak shapes                
    NPRC    =      150 Max.num. of terms in the table for correcting intensities  
    NSOL    =       10 Max.num. of solutions to be stored in Montecarlo searchs   

 
              CPU Time:     7.898 seconds
                            0.132 minutes

 => Run finished at:     Date: 01/07/2026  Time: 22:12:20.053                              
